{"type":"FeatureCollection","features":[{"type":"Feature","properties":{"name":"South 24 Parganas"},"geometry":{"type":"MultiPolygon","coordinates":[[[[88.0509867189607,21.50898681835917],[88.052762259781,21.513355021348794],[88.04956766827269,21.516237518662965],[88.04488484322304,21.5083570409129],[88.0509867189607,21.50898681835917]]],[[[88.06120574612203,21.50817947684443],[88.074896071052,21.517123818444002],[88.0733070806718,21.531124114218617],[88.05938387019935,21.5111542610759],[88.06120574612203,21.50817947684443]]],[[[88.23655544598948,21.486902224845803],[88.24300396812056,21.49712637753741],[88.24282764140669,21.505036985365813],[88.23393909553796,21.515639289246085],[88.22745707163668,21.538650635789054],[88.21560585680812,21.54058674340782],[88.20699069612809,21.527419980270153],[88.20537837649997,21.503435845585823],[88.209798079613,21.496133255438885],[88.22763479702746,21.483900466642535],[88.23655544598948,21.486902224845803]]],[[[88.58606562091701,21.55508375585142],[88.59431049783355,21.561420347734227],[88.59349562346289,21.566191375929282],[88.5855330529042,21.562550879236696],[88.58606562091701,21.55508375585142]]],[[[88.33363430812756,21.542980054155393],[88.34119356207316,21.55764944875064],[88.33962377857202,21.572906072669525],[88.33025911841618,21.546300127457112],[88.33363430812756,21.542980054155393]]],[[[88.60117691443814,21.578946042747024],[88.6008643788727,21.58489280667678],[88.59485243437646,21.582466161212505],[88.59546787826244,21.577842011451903],[88.60117691443814,21.578946042747024]]],[[[88.0836201695282,21.57217607977139],[88.08267181179453,21.582770519697664],[88.07590142958539,21.58822065496678],[88.07764435347602,21.57391888437954],[88.0836201695282,21.57217607977139]]],[[[89.13698963487867,21.588364201268845],[89.12489427951546,21.591517293336985],[89.12311033585395,21.585861074169582],[89.12979104284159,21.58406122859912],[89.13698963487867,21.588364201268845]]],[[[88.09046476515624,21.584749086528294],[88.08998985550993,21.58874759741622],[88.08337809152543,21.592515204736706],[88.08228975650756,21.587078427287093],[88.09046476515624,21.584749086528294]]],[[[88.35926142589167,21.567600714241028],[88.3533506200183,21.5877667737376],[88.34479282754897,21.59311142742335],[88.34393365006515,21.582231314501755],[88.35011198231498,21.58004550880765],[88.35513415584467,21.56758156893585],[88.35926142589167,21.567600714241028]]],[[[88.03860479293697,21.577921622932937],[88.02793437582014,21.58189552533689],[88.02153686092922,21.593822073579705],[88.01668604463323,21.595434512875997],[88.0159619171743,21.582604682844565],[87.99886907488369,21.5483126551047],[87.99179717314941,21.512976352557853],[88.0011569473684,21.513174443047326],[88.01606486859741,21.532050757364186],[88.02552155306928,21.562096175710252],[88.02819826042644,21.563352243298215],[88.03389364490477,21.5458165826215],[88.03687514075632,21.545779928938344],[88.03909629716155,21.565448477716078],[88.04419465681048,21.568615123579587],[88.04884845998822,21.56145539255702],[88.04937889450227,21.54856623752704],[88.0546052470112,21.550456214261022],[88.05663020507012,21.560875373625795],[88.04857764398122,21.571423489043575],[88.04800006138952,21.581146054137793],[88.04302869926721,21.58269051493391],[88.03860479293697,21.577921622932937]]],[[[88.19796298415388,21.542060455239774],[88.20045263172615,21.547051825882573],[88.18946120972733,21.578408790580564],[88.17872730866935,21.591018224382506],[88.16356862632205,21.597525762729266],[88.16137653490784,21.58856970737],[88.17272821277663,21.55339582445169],[88.18542434343559,21.543838239727407],[88.19796298415388,21.542060455239774]]],[[[88.5348086643918,21.578119898786074],[88.50315681191843,21.598542197606605],[88.49662945184139,21.597819829409406],[88.48802556681484,21.580346199363593],[88.48571925910385,21.55792125912179],[88.48905479987351,21.55026944326788],[88.51002855553266,21.532523571884745],[88.51919407086812,21.535286607644355],[88.52827392555304,21.527771868996417],[88.54337654224682,21.53132595282788],[88.54639339129642,21.536556350454383],[88.53604233065293,21.549599637775767],[88.5321198468463,21.56204093985595],[88.5348086643918,21.578119898786074]]],[[[88.85297995360273,21.603247776961567],[88.82966535629811,21.605449755140167],[88.8269701670023,21.57172135631304],[88.83208554343767,21.570835089156674],[88.82895055694505,21.559958082902995],[88.83312598028458,21.55349423642603],[88.86989602900498,21.532260071003034],[88.89551477177571,21.539150033787713],[88.90440331315287,21.54733870745807],[88.90631295897037,21.55839955778329],[88.89246911106001,21.58143264939641],[88.88643395319852,21.581874727953114],[88.8813239343155,21.590216502967785],[88.85297995360273,21.603247776961567]]],[[[88.07920172225995,21.607652395516027],[88.08206567175996,21.613782111442333],[88.07741501448231,21.621652251679972],[88.07433858287487,21.61326497468117],[88.07920172225995,21.607652395516027]]],[[[88.77357512847274,21.63281437136231],[88.77571964510946,21.64594873757601],[88.77060319069577,21.652047994767575],[88.73219257033156,21.64081560596076],[88.73031151878786,21.630626611714845],[88.71845331506634,21.635762892774586],[88.71416103528142,21.615178081915307],[88.7057720245759,21.600202597595693],[88.71214318109976,21.57850718056366],[88.73346224196759,21.567982522075678],[88.74864834988054,21.571217995374138],[88.75395836608514,21.564134397018353],[88.79310974801241,21.58266945453458],[88.79839569475732,21.595375748232904],[88.78508972569975,21.594870439808833],[88.78965069787435,21.604606176315293],[88.7777588136179,21.617230174289567],[88.77357512847274,21.63281437136231]]],[[[88.58457673789374,21.601525902718354],[88.58069115598067,21.612281413309088],[88.56515272342342,21.62489046627228],[88.53921687984898,21.636733615418372],[88.52777079982366,21.650920633882947],[88.52137788340865,21.651575314956485],[88.5187584346677,21.644253873286324],[88.52235546423681,21.623977223757205],[88.51355295451441,21.59881136624616],[88.53145972884292,21.597574947058543],[88.53196583428411,21.591693723868044],[88.54092065066799,21.588338435616045],[88.54902099224854,21.5648441276738],[88.5579703289092,21.56399384515398],[88.56029642201433,21.559682327942333],[88.56595283308405,21.56311150496171],[88.58108583619062,21.583326596525474],[88.58457673789374,21.601525902718354]]],[[[88.96076204741667,21.642281954489373],[88.95147339102208,21.673910811826],[88.9401762543658,21.651488094341467],[88.94019639998433,21.64084471310577],[88.96927012172827,21.61944250303322],[88.99007693716996,21.61972185129347],[88.99239646359037,21.626285287303062],[88.98593502458384,21.641567717207742],[88.96076204741667,21.642281954489373]]],[[[88.6343175690864,21.65100043391446],[88.64160346030116,21.67116986503051],[88.64108164242734,21.67840700722832],[88.63318342268401,21.675032783070588],[88.62714131815041,21.65820793579937],[88.6276520912378,21.65347745835426],[88.6343175690864,21.65100043391446]]],[[[87.94469312638603,21.591800323143655],[87.97691270603416,21.608606160653583],[87.99010561851995,21.622976482932728],[87.9910840114251,21.644473643177346],[87.98680918680449,21.666161518987213],[87.9904003342051,21.682488995883237],[87.98588255931756,21.68695194518745],[87.97408288712501,21.682344709163832],[87.97648260525253,21.66921524777241],[87.96305092056419,21.64377143710273],[87.96762471618948,21.63317232875778],[87.94858681828951,21.610842327633836],[87.94437887773336,21.598582804504915],[87.94469312638603,21.591800323143655]]],[[[88.6050977588194,21.614888695602506],[88.60332291149847,21.632535853390888],[88.59624434156983,21.64720935433231],[88.58213404076982,21.66320348900927],[88.57366018059243,21.68869810297069],[88.57046151881754,21.683668986350323],[88.5718452971559,21.662233927836184],[88.56076863761308,21.650795052443318],[88.55948937646137,21.641342907047648],[88.5944685447297,21.613935800365393],[88.60078981061928,21.611696444115093],[88.6050977588194,21.614888695602506]]],[[[87.97531100539098,21.690724588980128],[87.98700104718624,21.699186608386665],[87.978980305323,21.70249887329387],[87.97535899788504,21.701113385918045],[87.97531100539098,21.690724588980128]]],[[[87.90725282666584,21.686720754115754],[87.91002576155621,21.70303598785123],[87.90799951621148,21.704008957760298],[87.90411080007635,21.701259764659085],[87.90203727999146,21.68689751496354],[87.90364099196255,21.6842002360932],[87.90725282666584,21.686720754115754]]],[[[88.320555938027,21.60693567944627],[88.34336798721897,21.63038881442251],[88.34933700212609,21.680188605161955],[88.33759727271584,21.69777234571513],[88.31189061721815,21.706654553503153],[88.30902957556471,21.70188248068566],[88.31546860968977,21.67974210834928],[88.31550411380472,21.65604623266003],[88.30495953359119,21.62107610492661],[88.3085635574431,21.6070609148208],[88.320555938027,21.60693567944627]]],[[[88.20567871743543,21.671757634595174],[88.19359007069073,21.684194066488725],[88.2085793388603,21.705244349521937],[88.20709401765713,21.709073386338908],[88.18185021821128,21.686269942771244],[88.17992341457185,21.671268781269063],[88.20461540858308,21.603854074007057],[88.2120552234268,21.595772585141255],[88.21235896358729,21.617030106362662],[88.22528996955708,21.635905657909305],[88.22735021074543,21.652586419495517],[88.22506754759104,21.665992301469835],[88.20567871743543,21.671757634595174]]],[[[87.95630502283643,21.70501814047948],[87.95228417170954,21.711790962985702],[87.94727370771957,21.704315525653744],[87.9528870607411,21.7039833329248],[87.95630502283643,21.70501814047948]]],[[[88.542274733398,21.701221621300448],[88.530849541898,21.7147449058978],[88.52161133668636,21.716738940746804],[88.52072818047266,21.70290197690098],[88.52840325959774,21.678965402413272],[88.53041424885404,21.656131151183526],[88.54644701622728,21.640841712128413],[88.55247475041129,21.644937320186727],[88.55675114888031,21.658773494938618],[88.56375802157118,21.663111725394284],[88.56587349657309,21.67686695676484],[88.56249915397304,21.701899097593707],[88.542274733398,21.701221621300448]]],[[[88.74473572059257,21.65058280329729],[88.7277371268466,21.668167243875356],[88.71028606876007,21.674648967185238],[88.69957863835856,21.69473232071386],[88.69536505009421,21.717124871895315],[88.69066472855776,21.717766713948084],[88.68607906528926,21.678378930265108],[88.69288055256344,21.675469424677022],[88.69458005458822,21.669156290231438],[88.7008755702702,21.667162615883232],[88.70965512534215,21.654738816723995],[88.7159323594098,21.657038831981648],[88.71717555499947,21.647990945437453],[88.72616306107655,21.64393202111553],[88.74473572059257,21.65058280329729]]],[[[87.9280725284403,21.68922836589923],[87.94053105021501,21.71303772918325],[87.94078421163177,21.72344610829622],[87.93235048009643,21.720498983621198],[87.92323880169428,21.709711380926983],[87.92160565103302,21.692043443723698],[87.9280725284403,21.68922836589923]]],[[[88.18348501638278,21.694420113306847],[88.20104392710067,21.710179233926432],[88.20020409124324,21.72352565369554],[88.18293311662502,21.705958041891297],[88.17962369257562,21.695315509436337],[88.18348501638278,21.694420113306847]]],[[[89.00668180920835,21.659346029032267],[89.01136168958048,21.664113299293113],[89.01631455898433,21.68563841202571],[89.01289599142453,21.699186610890624],[89.00462968879015,21.70300830963665],[89.00846442965143,21.70872741610911],[89.00242847588255,21.715744108741294],[88.97545099261707,21.723980339023385],[88.9915985018016,21.700489872811605],[88.99419049982407,21.674135476915996],[88.99119812357777,21.658637367278374],[89.00668180920835,21.659346029032267]]],[[[87.98507311795774,21.722025356913896],[87.98843271561076,21.725659520908213],[87.98645056047846,21.730196786533064],[87.97839003672286,21.724215880661173],[87.98507311795774,21.722025356913896]]],[[[87.94750635341185,21.729739702535976],[87.96221833770437,21.736969993901628],[87.96000429685452,21.739894793066206],[87.94986598960969,21.73504464370519],[87.94750635341185,21.729739702535976]]],[[[88.92039511285759,21.631067638945993],[88.92638236087005,21.653265720787108],[88.9367322222626,21.67253563325658],[88.93690045515577,21.70077938713032],[88.91338517331837,21.715424096991658],[88.90220445472963,21.732366239855157],[88.88199207786764,21.741132313091633],[88.86708564694366,21.701020159931392],[88.87668027221898,21.690667907304547],[88.8915655532079,21.651112861577097],[88.90318460563783,21.645264144038418],[88.91190924489982,21.633300227729674],[88.92039511285759,21.631067638945993]]],[[[88.41341143553548,21.725621005152128],[88.39562355862473,21.742241823358068],[88.39069013595014,21.74177854628303],[88.38552086149605,21.733816501462023],[88.37057054248056,21.72624972513722],[88.38992894759585,21.725909178764375],[88.403756215301,21.719904982006945],[88.40239618662208,21.70573800682545],[88.38270612440225,21.681302758409874],[88.38279051932656,21.648502256870064],[88.38801048840709,21.643776019470412],[88.38615883243443,21.632219178280227],[88.39592880346332,21.619155863619927],[88.38891586534766,21.615943659628613],[88.38621274302959,21.605307532037866],[88.39416408644387,21.589521064832308],[88.3989890519209,21.588883084254753],[88.40743072815661,21.594355417994958],[88.40648338282428,21.607477258103618],[88.43020875635214,21.625498909775924],[88.42918767640295,21.635657912451016],[88.40947045272219,21.653652221911944],[88.41388857480031,21.667467428871625],[88.4119063693624,21.690095492582113],[88.42055079805263,21.70280964847346],[88.41341143553548,21.725621005152128]]],[[[88.19810847260233,21.730733050829585],[88.20400793724524,21.734147648985637],[88.20526581669655,21.75997385999246],[88.20196978922296,21.759510691844895],[88.19740964709166,21.742268144783882],[88.19810847260233,21.730733050829585]]],[[[88.37183346776884,21.71812583997018],[88.36380884698023,21.722831845823094],[88.3594789170051,21.73524014284902],[88.36670875514274,21.761965849020985],[88.34723952037933,21.759709791099343],[88.34302331262758,21.7536777262058],[88.34771512352503,21.721345622832015],[88.34135447818832,21.712934993381673],[88.34189290860667,21.70569876295372],[88.36258968401933,21.686621861836883],[88.39269022774371,21.708066401197428],[88.39047648513454,21.71708760234765],[88.37183346776884,21.71812583997018]]],[[[88.96635853097548,21.740738824813842],[88.9592766076359,21.75154332469208],[88.94999993746211,21.757426621512668],[88.9272334580079,21.763607448784086],[88.93221308283417,21.740369197362252],[88.92509883272076,21.720645249176016],[88.94705443530736,21.703545788697305],[88.95243808911074,21.68227908060859],[88.96108948603266,21.66933861673711],[88.96507429675034,21.648154792767865],[88.9774047546982,21.648348770032193],[88.9901583999932,21.639252416986565],[88.99864336604243,21.61181426077995],[88.99373094957248,21.60095786100756],[89.02009208075523,21.59920564375609],[89.02491560174133,21.605771550199293],[89.02441112314911,21.613489046820714],[89.01401629568672,21.651964707803675],[89.01104043766185,21.65530993328161],[88.99846070171424,21.651186467107326],[88.98465919050491,21.659309356508288],[88.98749234306207,21.690756198524433],[88.97924126687177,21.708618920966366],[88.96588457444169,21.72304071473591],[88.97770058698923,21.741845078908888],[88.96635853097548,21.740738824813842]]],[[[88.83750665698841,21.766082988018624],[88.81526848214266,21.75288152601764],[88.78902599505274,21.746464171477882],[88.79161803888928,21.7364973215331],[88.78386397359625,21.732626488773978],[88.77981036899578,21.71769771910045],[88.76799002207699,21.703376111793546],[88.80400913311881,21.71618302712273],[88.81686914972323,21.708985933441316],[88.81717906220804,21.680721447946752],[88.82110993358451,21.66717396308536],[88.80442697459172,21.635440579950558],[88.83846012523772,21.619036968947736],[88.85652186344429,21.64173858992959],[88.85320153923722,21.661626112483415],[88.83913675786928,21.692929937582917],[88.83932333256391,21.719274192158263],[88.86196337593852,21.76140544411617],[88.83750665698841,21.766082988018624]]],[[[88.38446358572915,21.74534992778103],[88.38573164758421,21.760295112441007],[88.37707883312078,21.76632750911149],[88.37188173784234,21.764713878777417],[88.36297332303616,21.737967079721454],[88.38446358572915,21.74534992778103]]],[[[87.942674077445,21.74585742174436],[87.95727678078491,21.75651944426865],[87.95704637189768,21.77146106523545],[87.94511456830664,21.764728357676667],[87.93189092355664,21.744412184572525],[87.942674077445,21.74585742174436]]],[[[88.3018755453556,21.719022544915145],[88.29885496919589,21.7549772237074],[88.29184597558265,21.772350619944632],[88.28844285096089,21.770281526422345],[88.28542161184451,21.73472638970589],[88.29436729056533,21.72076431546679],[88.3018755453556,21.719022544915145]]],[[[87.88153640378606,21.745298461711],[87.89683593029184,21.76150282829751],[87.90167023285797,21.772321720410915],[87.88043618046375,21.75751917851426],[87.87644685122018,21.745257467234545],[87.88153640378606,21.745298461711]]],[[[88.5949188108928,21.72321318495389],[88.6139797559697,21.733028714390098],[88.61299058507774,21.740028462484194],[88.5944513536701,21.748700118921086],[88.58568146626722,21.75732063855403],[88.5823354250902,21.772245646585983],[88.57579532241084,21.77243896111639],[88.57074788466213,21.763813894896675],[88.58221798384155,21.746452379123262],[88.58157821447597,21.72677244104984],[88.5949188108928,21.72321318495389]]],[[[88.12583893882464,21.673615961686526],[88.12428211711477,21.68696289266587],[88.13506815908679,21.699503836771285],[88.13476305618201,21.706489819523636],[88.12075983815708,21.73265063317403],[88.13025140870299,21.756695879065767],[88.12344318496248,21.75979158824151],[88.12099271112315,21.774096620830413],[88.10338208888591,21.78545095426226],[88.0915316672697,21.78535905090881],[88.0739162722834,21.77705087117443],[88.07307156306554,21.74808479291494],[88.05690295964152,21.727593698913502],[88.05318394424674,21.711051057533773],[88.04281956158763,21.706676862771268],[88.03259018044436,21.687603818288437],[88.03350859014306,21.662925831971187],[88.041143178605,21.659008900276532],[88.04076951088786,21.648292403173844],[88.04770364249858,21.641805568741614],[88.06495598515946,21.635824409951173],[88.09037898862304,21.634420812946836],[88.11125338791682,21.623967489066516],[88.12068407155108,21.623814780352443],[88.1378433002395,21.632429426094166],[88.14676423756075,21.643921158878257],[88.13675298263983,21.670325273300865],[88.12583893882464,21.673615961686526]]],[[[88.61348654764107,21.785974481519418],[88.59592561840873,21.784974802078786],[88.58910356240948,21.772272425511304],[88.5935336042331,21.75577033526438],[88.61915935745631,21.740522379225485],[88.61475406421872,21.724895924131715],[88.6004044333624,21.713059211229346],[88.60903869671692,21.70652608193081],[88.62921526852833,21.735372135182445],[88.62516813808611,21.775621044841007],[88.61348654764107,21.785974481519418]]],[[[88.27531790770443,21.779018719258044],[88.27922890924509,21.78552602426431],[88.26769380707344,21.787719625021406],[88.27047688753662,21.780095379154574],[88.27531790770443,21.779018719258044]]],[[[88.45002526453304,21.79143516089602],[88.44036233765173,21.787306037234003],[88.42411696510186,21.75282281967671],[88.42747999342092,21.715495304524698],[88.43327925818036,21.700617577719548],[88.42112883339524,21.68879983687701],[88.41748689524847,21.65758554701034],[88.43841799260974,21.62916482456275],[88.43823198565036,21.61851384308728],[88.4300894070818,21.60490487651799],[88.43205010415689,21.601080882360524],[88.43858427975198,21.60134512847541],[88.45277630029344,21.61112925412187],[88.4588794219944,21.64375671307258],[88.47054597733656,21.67460724800567],[88.46953941326404,21.68340278727105],[88.46053479428082,21.69353655504796],[88.45143336655438,21.718811002961417],[88.453632237554,21.76001050019817],[88.45798066114588,21.777661363093795],[88.46802031091462,21.789650709899178],[88.45658791043444,21.788067729778472],[88.45002526453304,21.79143516089602]]],[[[88.3694109530944,21.792301189684448],[88.33404175788928,21.79570761800871],[88.3256486894936,21.781604646581922],[88.31425696742444,21.7824507312455],[88.30184163934352,21.777377942340074],[88.30871969631755,21.735300648772533],[88.30639605471484,21.71542473877177],[88.31427305714949,21.710488532819568],[88.32737446095223,21.70719356298157],[88.32422054336337,21.727511051445422],[88.338387551214,21.721950145216365],[88.34297415052703,21.72812320937172],[88.33809381828577,21.74900223780116],[88.34211968740182,21.76091109027064],[88.36760737136248,21.77033945227705],[88.37138039706542,21.785510743336722],[88.3694109530944,21.792301189684448]]],[[[88.18260677215704,21.780610664191506],[88.18177094458238,21.792833294146295],[88.17530746190859,21.798874520490376],[88.17579810015722,21.782649344874702],[88.18260677215704,21.780610664191506]]],[[[88.42433336835548,21.797829860388433],[88.42112728559802,21.807327297943303],[88.41773411880118,21.807748166548645],[88.38614967680506,21.786977239505156],[88.38184105756345,21.77950349758385],[88.38456343796456,21.76975122199829],[88.39844835325643,21.754697807181323],[88.40338973590272,21.738908589885],[88.42016207906289,21.72655888432982],[88.41877361601033,21.766197737687417],[88.43840344619034,21.793636417596314],[88.43542997049764,21.797181561684027],[88.42433336835548,21.797829860388433]]],[[[88.5552636151266,21.761466036630654],[88.55812615696657,21.774166958388378],[88.56705691197557,21.779177405604788],[88.56770125915581,21.792076296327377],[88.56159497358844,21.803352734593023],[88.54374203978647,21.811186447770396],[88.53113483964569,21.79594986071544],[88.5197690654135,21.791365057022354],[88.51208249414101,21.77978405119439],[88.51068001647165,21.769589924031436],[88.51408740898933,21.768484500207137],[88.50734196850402,21.756153361605353],[88.5077760730769,21.747188361874652],[88.51520079083394,21.739994358829325],[88.5198761886128,21.725096810477247],[88.53460710849319,21.729452381932678],[88.53297629524829,21.72064138611691],[88.54873939376319,21.71008038947221],[88.56281337837122,21.70859274611284],[88.5664209155342,21.69909320086601],[88.58441878801567,21.688771840402328],[88.5839775822605,21.678380066399658],[88.59060605850254,21.66076004348162],[88.59668640970767,21.657600904153547],[88.60687155511141,21.677119698635725],[88.60695291642502,21.685021212681765],[88.58872089626811,21.704403164172795],[88.58710363321094,21.70892398092988],[88.59208426235371,21.71053041854104],[88.59138189837914,21.71402542177353],[88.58115169887066,21.718839800599262],[88.56728839704452,21.73325569715749],[88.57277446777343,21.747527911641576],[88.57053560377733,21.756802323032638],[88.56593657267909,21.761287098127436],[88.5552636151266,21.761466036630654]]],[[[89.01477922228109,21.77813574853657],[89.01120371904118,21.808214775200717],[89.00116018675374,21.811593560622434],[88.99583299655755,21.805694270572154],[88.99296361943657,21.789599428211638],[89.00353032335896,21.78217904014137],[89.00280568026702,21.77765121167696],[88.98759510583898,21.78178515135769],[88.97931409598678,21.779865047748352],[88.96069252679682,21.77009205069237],[88.956116054192,21.75966932301353],[88.96290644278083,21.75582644313099],[88.96752857226,21.746812602453847],[88.98083603162262,21.746841767451],[88.97700647493888,21.728948806357668],[89.01236990116323,21.714102217459903],[89.01155759687259,21.70552417349914],[89.0179557504657,21.70032397828809],[89.02131809606513,21.688132819805084],[89.01682194811804,21.660956406588298],[89.03224076101206,21.65896560113194],[89.02121741737967,21.647086372235435],[89.02394990831932,21.634943250781525],[89.0313829552557,21.63553620645806],[89.03773657307195,21.610968552642078],[89.07131221982856,21.611781760360575],[89.07663038914266,21.62217464882898],[89.09088613976361,21.63307748896454],[89.09280279872857,21.652181480243147],[89.08575325516337,21.668436517410115],[89.07195014046127,21.675554093013798],[89.07641258811046,21.686669576752227],[89.06369059854775,21.692298041221175],[89.07434566615132,21.70360236598273],[89.06172351445095,21.721223887358178],[89.05398222859114,21.72233294459938],[89.05015514496937,21.728759861898794],[89.05467996175042,21.73184706240322],[89.05442481685351,21.736835151753322],[89.02605434212808,21.75871949901406],[89.01477922228109,21.77813574853657]]],[[[88.82078550791795,21.76397492070611],[88.82311537933717,21.791384126747428],[88.82889837021695,21.80565381129331],[88.82296427282492,21.82249979852291],[88.78544877153901,21.771752795840353],[88.79152385053175,21.756634807303712],[88.80905788779774,21.755613282513636],[88.82078550791795,21.76397492070611]]],[[[88.4867955405272,21.802286667646555],[88.49857624838579,21.815470918058768],[88.49169166604949,21.831707279511303],[88.48636350207954,21.83552071561671],[88.45959358623853,21.814105457198387],[88.45743762865831,21.80797862661722],[88.47204492418594,21.799262782332345],[88.4867955405272,21.802286667646555]]],[[[88.60787368060811,21.798152692873366],[88.61183772047976,21.80203306072912],[88.60533382978785,21.81848878763558],[88.61450105102404,21.826923270918513],[88.61389455615488,21.830755321173555],[88.60235733216251,21.835453332554778],[88.60136476204552,21.842020415987303],[88.58860509534314,21.848742676936972],[88.57626493020037,21.8319219021765],[88.57532666863219,21.817902222767184],[88.5889590899556,21.801670995985155],[88.60787368060811,21.798152692873366]]],[[[88.52030527160322,21.828233831701883],[88.52619726675452,21.83619775736063],[88.52408007327546,21.845236100499797],[88.51869926623323,21.851761908050975],[88.50272360566086,21.85303202038796],[88.49527642463181,21.842342321641482],[88.49774869070164,21.832662639591337],[88.50384744120042,21.82747955195511],[88.52030527160322,21.828233831701883]]],[[[88.18991557759806,21.833827839981574],[88.18743308690364,21.843557228830676],[88.174127188813,21.855664752298754],[88.18020217977082,21.83941306087164],[88.18991557759806,21.833827839981574]]],[[[88.35937175248328,21.804819591127146],[88.35000262500556,21.826383456792065],[88.35163850385032,21.853895973905534],[88.32901410463637,21.860126211786497],[88.31570946328878,21.854169997653667],[88.30426354765515,21.83056527664664],[88.26888433174307,21.815170898234175],[88.26219766892511,21.805286778972576],[88.26307520438007,21.799271110593963],[88.28515983738083,21.789913005363502],[88.29128802297652,21.778417585317893],[88.29860242312512,21.785031343132285],[88.32413953418934,21.784813112493868],[88.3317105183359,21.797978640337995],[88.33815631767332,21.801613780900887],[88.35692768812348,21.79731469397068],[88.35937175248328,21.804819591127146]]],[[[88.89505676303314,21.78451689062849],[88.8796359037769,21.801292120571215],[88.87675284082259,21.836339036875497],[88.87161629648585,21.851925452194845],[88.85002425287453,21.862260999727845],[88.84494385863296,21.858160590833503],[88.84413473527678,21.81135794637196],[88.83595743682245,21.78846179648935],[88.86651135577917,21.7797381973946],[88.8828013063267,21.752447727459295],[88.91114875363817,21.734416564659675],[88.92251836187998,21.740566080238253],[88.92323974947732,21.749397488990233],[88.89804847452614,21.753160439630538],[88.89319031450269,21.76378610657792],[88.89505676303314,21.78451689062849]]],[[[88.16907294632597,21.862154801708353],[88.16620967415568,21.866758603432306],[88.16274997453561,21.86601553417857],[88.16362215064163,21.86251581545909],[88.16907294632597,21.862154801708353]]],[[[88.13293444469134,21.87344015879838],[88.12399209782193,21.87111325735485],[88.11613123092641,21.85363293692627],[88.10387738040771,21.842226433921752],[88.08420882565241,21.79251797841229],[88.1114615212799,21.790568232689022],[88.12180514926274,21.782861522712683],[88.13627906832686,21.75991447742638],[88.13766139139446,21.75001938165536],[88.12873104511895,21.738250165250218],[88.12793389001727,21.730664053023602],[88.14151386050784,21.70835203688896],[88.14223012950471,21.698779080689164],[88.12759709634591,21.680895589984218],[88.13668720170651,21.678001510202176],[88.14906145521938,21.680647452626367],[88.1491555663218,21.692573222733742],[88.17077858833571,21.73790709644185],[88.16514032772629,21.764660449916263],[88.16591356787846,21.822797513817775],[88.15554676785291,21.83402763150464],[88.13293444469134,21.87344015879838]]],[[[88.57345613636045,21.877378025368486],[88.56073081853961,21.877766159110795],[88.55688371865668,21.87347375134202],[88.56276184022674,21.860124771947792],[88.5582952585306,21.83273211701284],[88.5648313035198,21.83437345561698],[88.57304103385083,21.856452200580758],[88.57345613636045,21.877378025368486]]],[[[88.55522477377036,21.81826149187644],[88.54981402318474,21.832253039160396],[88.55748537250473,21.851508712331757],[88.55225955808667,21.872992833511745],[88.55565599564945,21.882501758391232],[88.54710008155739,21.878607153611277],[88.54488595087601,21.852590405831414],[88.53328787500628,21.843243481515827],[88.53625586828083,21.831284152304974],[88.548667701017,21.819348020353967],[88.55522477377036,21.81826149187644]]],[[[88.09422179994878,21.86702145116844],[88.1037350980465,21.889733540566947],[88.09160963564649,21.89370606800822],[88.08858019401326,21.891175026294842],[88.08787062824507,21.872879277361758],[88.09422179994878,21.86702145116844]]],[[[88.98196713363451,21.896141421814622],[88.9732569500621,21.893152962228495],[88.97623287456226,21.869423548677076],[88.95155517993373,21.845616979105817],[88.95498966114882,21.830686527418884],[88.97074387532552,21.82867810327918],[88.97947746360435,21.81787924692673],[88.9722425993927,21.804280608584758],[88.95167732476125,21.794937077873104],[88.95144760667844,21.787234687627013],[88.96600650726677,21.780268705141488],[88.97858356353989,21.787105067748865],[88.99485757707596,21.816106715185786],[89.01726201031785,21.81818038025813],[89.02764893709734,21.83155660916455],[89.02663735234074,21.843095490721485],[89.01995563474844,21.850318342507062],[89.02529068071178,21.855755907661436],[89.02492283946758,21.866601393101732],[88.98196713363451,21.896141421814622]]],[[[88.63248141983219,21.869754016027535],[88.61929172511172,21.89676962095937],[88.60215732765438,21.876852514273793],[88.59692202523031,21.85850554449925],[88.61688547623211,21.83665018936347],[88.61923936051718,21.82930453203932],[88.6138918001236,21.815404703137194],[88.62091615223328,21.80205849875854],[88.62507797777432,21.79575754877444],[88.6410255632991,21.789002250737695],[88.64492883304011,21.793031863361588],[88.64387423874435,21.810622020996274],[88.65343460586797,21.868499500375123],[88.63248141983219,21.869754016027535]]],[[[88.57304961096514,21.88484088109918],[88.57249775522489,21.896898838871103],[88.5621424778895,21.894170662302052],[88.55914086516545,21.884082555573396],[88.57304961096514,21.88484088109918]]],[[[88.83752734968097,21.87783017856911],[88.83736113170902,21.89095083274046],[88.8328151066024,21.89713744689839],[88.81744312917235,21.900606652637496],[88.80590888399345,21.87295707253773],[88.81946760663263,21.874362755427672],[88.8315959077089,21.869897535768242],[88.83752734968097,21.87783017856911]]],[[[88.77733005222437,21.86877946185927],[88.75999138685458,21.878689440511778],[88.74259653366039,21.896017836095766],[88.71590692540914,21.90450646582454],[88.70418441939785,21.86984603190996],[88.6957823947988,21.859557968768424],[88.69600309469442,21.854203733968543],[88.70240076858717,21.8528783109328],[88.69653495213984,21.843334641467504],[88.69752512375503,21.836812897762325],[88.7141027229414,21.813574036405242],[88.71175018163767,21.793204526435858],[88.70385292937992,21.768742079971084],[88.69109420411195,21.7508256158622],[88.70948906098212,21.69477959139473],[88.74639197502461,21.662127071599464],[88.75147896020542,21.6621478950093],[88.75315357440523,21.667121950615826],[88.76716419275145,21.666050847888112],[88.78242886552253,21.659098828906476],[88.7891836197407,21.66680132240458],[88.79175028706877,21.664584841026578],[88.78922699938576,21.65369728934618],[88.79478877204198,21.652801491089154],[88.80396899818852,21.654220573343157],[88.80503760440611,21.665735719808385],[88.80863818950709,21.66845695671902],[88.80383211919376,21.702848939037867],[88.79969067822314,21.705321016354763],[88.78107073588211,21.701405802715826],[88.76056446349682,21.689538469393007],[88.75480480366159,21.712149878587276],[88.76844844314628,21.718991746912305],[88.76976227685998,21.723060636404373],[88.74882488590187,21.73761829184929],[88.75302097498448,21.76267720243584],[88.74492518876072,21.77003333804249],[88.74507191508764,21.77596998565631],[88.76741599950874,21.7983915308922],[88.77114253739573,21.808866973058223],[88.77227287494132,21.79652403414098],[88.75661331355114,21.77346278874048],[88.76558878938994,21.768066014904683],[88.75684476089084,21.743607458841485],[88.76814463201886,21.735507892424003],[88.7814353180385,21.738503902465958],[88.78439593434793,21.757084845817797],[88.7794306511252,21.76313173633564],[88.77986867504762,21.770861313660784],[88.79251391704403,21.79012152563184],[88.7926041501194,21.800078385002323],[88.81529918655907,21.8189394050726],[88.8166663586411,21.83521540691831],[88.82627965450128,21.861061458575527],[88.82093933093564,21.868481538876836],[88.79551825884995,21.868854952500747],[88.78994842111909,21.86499595169269],[88.7841076029895,21.872897918563318],[88.77733005222437,21.86877946185927]]],[[[88.48969149610248,21.847558234870085],[88.48126346078438,21.87938619761051],[88.47223998706166,21.891797881008998],[88.45158505876817,21.899814192005977],[88.44379131758397,21.906984043464867],[88.42044019028836,21.90052541107275],[88.41531095015321,21.890313484794802],[88.3996384808707,21.87663325994991],[88.40093004894183,21.862619691333585],[88.39446886326019,21.849920950038634],[88.39315675880337,21.82660183257151],[88.39886856538341,21.806504596376925],[88.41938064537702,21.81358391422926],[88.43044714946559,21.803217075729176],[88.45690417400832,21.796917571305688],[88.44606823421549,21.807709607766128],[88.44554476344159,21.813131129054522],[88.45300435559459,21.825397875861906],[88.46530212564586,21.83066653480362],[88.46648611686842,21.83768270375157],[88.46231088756502,21.844891770171014],[88.48276807330825,21.839655679056158],[88.48969149610248,21.847558234870085]]],[[[88.48478850924809,21.896603186742873],[88.491415714374,21.90364341880544],[88.48838883563427,21.907929195257395],[88.47655065446213,21.89993318690517],[88.48478850924809,21.896603186742873]]],[[[88.11067923329624,21.9008673484645],[88.10364831001026,21.908264366510497],[88.09512788206685,21.905706671850478],[88.09931734158268,21.899189638646764],[88.11067923329624,21.9008673484645]]],[[[88.6384086028915,21.92220052179888],[88.62648915562717,21.906156574916597],[88.62627157827548,21.898711561392854],[88.63848336607933,21.87678782580949],[88.65157236235137,21.877538114826343],[88.66553088919089,21.90067721053882],[88.66741856041995,21.913356154214483],[88.64847472960493,21.921867912594024],[88.6384086028915,21.92220052179888]]],[[[88.7374277874157,21.92268637961627],[88.72597028890478,21.929214908393863],[88.71536624201605,21.92174391750898],[88.7270386912048,21.908617972648734],[88.74500709355507,21.902581667236824],[88.7563581596711,21.889246588446134],[88.77587604898697,21.87714739039687],[88.78941206670734,21.883081342739924],[88.79811095037181,21.880422677821432],[88.81076940389113,21.899682476263116],[88.80964448767828,21.913030701706194],[88.80332735583559,21.915951220199336],[88.7936632898905,21.912977072386003],[88.79169354408556,21.9211013470793],[88.76259091814903,21.92823242578497],[88.7374277874157,21.92268637961627]]],[[[88.1300631056498,21.9001179506543],[88.1399140930392,21.91127988136308],[88.14154327314688,21.92057416708468],[88.12211030157488,21.93283416725778],[88.11478602534801,21.930984425132486],[88.11049628330376,21.923253296087335],[88.1117543100788,21.917398095282742],[88.12141675725974,21.900579529335452],[88.1300631056498,21.9001179506543]]],[[[88.95919693605333,21.907155638768156],[88.91530718085248,21.932977551825523],[88.89422861425754,21.914718563585144],[88.88283749046636,21.913506149845226],[88.85060804731641,21.914733387330415],[88.82534636780315,21.930512116943103],[88.82124271895655,21.927758004311585],[88.82272319285043,21.918042696713762],[88.8438424450429,21.902968438835636],[88.85381119976941,21.889439473998504],[88.86065755070553,21.870227933660995],[88.86676632191131,21.869240379155894],[88.8635927545739,21.85913762612128],[88.87428427042182,21.855563620236534],[88.88276479789526,21.84088421559512],[88.89176750975513,21.835257307935695],[88.88656552045501,21.829219535690857],[88.88721628879291,21.817155040708187],[88.89157468368444,21.81558285686773],[88.88652928690802,21.806303591267206],[88.90038599599829,21.78849342291056],[88.90067412074423,21.76221807765183],[88.90843315731404,21.75725524610593],[88.91929632863638,21.768367514889693],[88.94861640975371,21.769138033478182],[88.9505187783191,21.776385408038678],[88.94250434262914,21.784725702361825],[88.94293895564843,21.797625124745746],[88.94804179160245,21.803066501329337],[88.96545332740976,21.80651120360307],[88.97044997531064,21.814205323398472],[88.96880485549653,21.82393893489811],[88.94773573109356,21.827519165314726],[88.94284258797803,21.83858164494456],[88.95025584952027,21.856136262981252],[88.96845162804534,21.87144204764503],[88.97081524198327,21.906499450598147],[88.95919693605333,21.907155638768156]]],[[[88.51980800468611,21.921455863048347],[88.5193599259207,21.935904884817575],[88.51528948958679,21.937269323222978],[88.51198650735626,21.92841868864085],[88.51418335534989,21.918353996108287],[88.51980800468611,21.921455863048347]]],[[[88.77464565439006,21.94480425493611],[88.7498757755454,21.958704809217178],[88.75005546016179,21.97545927538745],[88.74714138916049,21.978160618590262],[88.73306139302656,21.982189729677813],[88.7277268752726,21.979893385459604],[88.7251707703356,21.951596991773087],[88.72940901286294,21.93927183103683],[88.74199218217156,21.931762032028356],[88.75820784923161,21.934989941142916],[88.78100097361549,21.93168205652443],[88.79217007339433,21.92496869546591],[88.80256715832304,21.930637655180508],[88.80204907294922,21.937415783088902],[88.7889353640237,21.94301940353477],[88.78699210594323,21.948230488989413],[88.77464565439006,21.94480425493611]]],[[[88.10086948576489,21.970455047635994],[88.11946370844097,21.982849960280955],[88.12792274372121,21.993286608288344],[88.13669667803445,22.0083168752938],[88.1342196212492,22.016203001641397],[88.11942011140361,22.015191065240526],[88.09675375098445,22.000306771779247],[88.08934629166062,21.98778986611602],[88.08838043115195,21.9737785079986],[88.10086948576489,21.970455047635994]]],[[[88.57978014121339,22.612761814122415],[88.5604486891499,22.62424108211404],[88.56150122091378,22.618697954967555],[88.55484243551406,22.61904623735824],[88.55317303244121,22.606600456338438],[88.54718362847207,22.610337351474247],[88.54669192032993,22.605706992734852],[88.54348879752135,22.60632571674253],[88.54904693200069,22.595164982105356],[88.55493510571877,22.592775783101274],[88.5472531248374,22.593103154547272],[88.54575097190077,22.58532451162918],[88.53815741398942,22.580158280343603],[88.53899595178125,22.574295415114147],[88.5215163407434,22.561817381138237],[88.52427940404709,22.552793368840106],[88.52134849502413,22.550334106148245],[88.51058486332352,22.552096684583724],[88.50937317254916,22.558575171575466],[88.49345783115317,22.555114638716475],[88.49308110377419,22.558562316353246],[88.48500425134164,22.55996486662975],[88.48175594686754,22.567447179218583],[88.47600140473448,22.56845172542534],[88.47293106999287,22.57708142943473],[88.46632819663475,22.57312464001295],[88.46721763566555,22.55864938855951],[88.45908974455185,22.51960881361997],[88.44850719434787,22.520379281995684],[88.41431155643333,22.556846662707464],[88.40191321818936,22.55954073006564],[88.39629201479057,22.559916885670305],[88.39804520911986,22.555752291645714],[88.38749310641414,22.546832336048034],[88.38652317563894,22.537828927688206],[88.37302373731696,22.53416239126468],[88.36976321395834,22.51324495841326],[88.34559061596293,22.508404003876457],[88.3453257117688,22.503087793255496],[88.32677156742908,22.51114594718087],[88.3168399481581,22.509657973017454],[88.31428738617659,22.513067570023132],[88.29164348813107,22.51687268188395],[88.28867144345462,22.526829821289308],[88.29168650485677,22.534610191663095],[88.28818649244003,22.53820489357083],[88.27528299557923,22.542802220419624],[88.2599835014128,22.534008683699316],[88.25555154348268,22.537007810578654],[88.25804960108263,22.5419763829549],[88.2336729426856,22.545244422566633],[88.24253728075404,22.53065194908761],[88.23974588548458,22.5225127664559],[88.20852341514059,22.516077038233174],[88.16931584538891,22.48203884878073],[88.1286046009545,22.474608077764017],[88.11805121455622,22.464054691985805],[88.12106646819787,22.44897842747793],[88.14187171338445,22.420333523571003],[88.14188247879481,22.410932894252387],[88.13370308187599,22.399779170833174],[88.1017290746771,22.379851184820154],[88.09027791827211,22.363343674862747],[88.0964035876867,22.34877304455291],[88.09654635603648,22.302230787438496],[88.08116751907089,22.26605060707739],[88.08394996712015,22.240375282578007],[88.07012143099381,22.220898983834967],[88.06684453314419,22.209540328841015],[88.07731444539132,22.208272223625606],[88.10323756253312,22.214802369657548],[88.13200594601368,22.201917907223493],[88.18315695972584,22.187303276487096],[88.18940701346794,22.182209960602883],[88.20424277033523,22.15241978186626],[88.20549618156633,22.131875645029957],[88.2192266432232,22.102535079107046],[88.22230194564834,22.07272965770927],[88.20785657594224,22.026498591534622],[88.18772076249194,21.995344066329277],[88.14757100194102,21.96139243700739],[88.1457207599166,21.9552026787298],[88.16465573783448,21.943457410911254],[88.16945720068877,21.911963622035035],[88.16410925042634,21.883630615579797],[88.18078481987759,21.85683853781053],[88.19397782399153,21.84360183731474],[88.19980526620655,21.80877714142216],[88.21209805330291,21.783101851020422],[88.21336170173501,21.745554325019864],[88.21012121440049,21.724959787467235],[88.21997704999748,21.702157975235586],[88.20480682968866,21.6900520984343],[88.20279778887824,21.682562390069222],[88.2298830205705,21.66966234153454],[88.23600919932983,21.64504272962048],[88.22033076972544,21.62186889173863],[88.22009667325396,21.603989127430438],[88.22848893765749,21.59565556561276],[88.23567627380407,21.573756511754937],[88.25998968900848,21.55652559966143],[88.2836102596854,21.56390564521174],[88.30281884647249,21.58171976951552],[88.3020449289906,21.587362242604755],[88.2879500342977,21.60013901059077],[88.2861810880099,21.61053954066913],[88.29636901998764,21.640237602593334],[88.29300698161201,21.647407060956922],[88.29774041145656,21.651806143244936],[88.30246146610976,21.669932054736442],[88.30215458094747,21.678751979281625],[88.28923206944701,21.69110238806331],[88.27574568813766,21.72143964597961],[88.26810495609752,21.72808815657903],[88.27459021034052,21.72807390430552],[88.28139826519775,21.757363464258912],[88.2620423582973,21.78545777183292],[88.25593730791344,21.80102308665764],[88.26257132945574,21.818307686115123],[88.29528996995654,21.832543234210572],[88.30380384828322,21.842994761671317],[88.30326688032216,21.8531979201257],[88.29827406822753,21.856308688169285],[88.2539026642191,21.85986857046949],[88.25323191106108,21.87128396463109],[88.26996581531021,21.899279890206568],[88.26640018635189,21.92408338119128],[88.27059923448503,21.952056650528817],[88.26149274475199,21.96220122563801],[88.26575917281967,21.964465834470317],[88.27258761763721,21.959980767871272],[88.27657956726644,21.945754674890434],[88.27018699939781,21.922737536878184],[88.27488407801604,21.899314980286984],[88.26203935343268,21.87507382216094],[88.26065524541261,21.86487686762105],[88.2921677170831,21.8642014040533],[88.30492928192571,21.876945091610565],[88.30834182807816,21.873596143643667],[88.304664438817,21.861551313997477],[88.31181407087449,21.859575473673864],[88.35367878357475,21.866856297794303],[88.36357606025246,21.88208382153682],[88.36580834229242,21.905337209445133],[88.34742321687175,21.935356325127476],[88.34609529577773,21.949159291122637],[88.35259708620853,21.957795674334008],[88.34459040567445,21.96114539875364],[88.34395073332692,21.965079010221885],[88.3469121158993,21.971782103689243],[88.35105000493127,21.97135007924978],[88.35747030379277,21.954199753780298],[88.353081643761,21.939024920161014],[88.372570143794,21.90612057972316],[88.3566785691255,21.855821084227006],[88.35586009340892,21.82706357390733],[88.36328894790785,21.803799868301123],[88.38174913745198,21.795086995204823],[88.38643136691859,21.80881929455054],[88.37900094845271,21.84417253184506],[88.38647104460638,21.8496425074255],[88.38466238918973,21.871122315885742],[88.39229407250006,21.886775715297738],[88.3825954663323,21.890346658259524],[88.37963216046691,21.900275443276634],[88.3950815870475,21.924572625133184],[88.3857863001878,21.953962688608474],[88.37473055252643,21.966306942509068],[88.40259725743043,21.98819991668607],[88.39985822226393,21.99585332595171],[88.38705428927932,21.999731080667477],[88.38815963120213,22.004171672502434],[88.39479391235753,22.00750285422404],[88.40714541603585,21.99272467977228],[88.40676298165982,21.983268635029983],[88.40193012717798,21.977558121349645],[88.38297429397244,21.96641928365849],[88.393410142104,21.952718540928757],[88.40152152128445,21.922373856323105],[88.40117381577731,21.91686023750825],[88.38917702716031,21.90367686587958],[88.39109248777264,21.896777511782954],[88.4011253777189,21.891146371650066],[88.41181639769677,21.905895287844462],[88.43455708382426,21.910566167352833],[88.44493439503695,21.91740237389516],[88.44753832987294,21.927601708734972],[88.44316688425695,21.95021568613879],[88.45107396588054,21.945501171975852],[88.46020652382485,21.958683158256935],[88.44727932311862,21.970809038207012],[88.44597648208902,21.987533439490747],[88.4615117525765,21.962524943583098],[88.46575583415314,21.961652130886772],[88.46412349287397,21.954378238307836],[88.45426207963736,21.944655372151736],[88.46046956491308,21.929296916080446],[88.45666282004765,21.903890715267615],[88.47070990999443,21.901022276463515],[88.50523259575782,21.925448127113324],[88.50735614391922,21.938809478678984],[88.49474154255881,21.961126430015707],[88.49821077150737,21.97633762127912],[88.5145930733577,21.989729821094887],[88.54106917632042,21.988280925758428],[88.55406242835288,22.0514289141264],[88.55787515240482,22.04682178781169],[88.55818867521877,22.035492200145526],[88.5504569833662,21.99088709370624],[88.54136613779377,21.98194679768307],[88.50991604064501,21.980689353567616],[88.50172950211967,21.96739548999133],[88.52185656418254,21.943620035815027],[88.5255555489431,21.932789861664634],[88.52559764130237,21.925220651618062],[88.52404207992885,21.928970925851218],[88.52016206397724,21.91479570338183],[88.5019062968558,21.89688569862284],[88.51251680083479,21.90288483572241],[88.52563606494202,21.91831064023064],[88.52203570980974,21.909242803058216],[88.5001130367665,21.88944777283432],[88.4963104897284,21.879033813563847],[88.51956659862317,21.856312986123406],[88.53203511954534,21.85318436981034],[88.53928986616918,21.859338269350047],[88.53982071839981,21.87337598814815],[88.5478480808467,21.884702136123522],[88.54338702648451,21.904153496251357],[88.56704916759949,21.90028741132858],[88.57162029971997,21.904621847913425],[88.57158805020127,21.91108255070896],[88.57613097342518,21.90774250137792],[88.57956410986228,21.891909933403657],[88.59357082952016,21.895583106843816],[88.60668639436506,21.9180363746631],[88.60148704341694,21.93837017626087],[88.61397333660867,21.93978618544709],[88.60251243527946,21.95739050072211],[88.59874415268123,21.98226010217556],[88.61714903924153,22.01378973186507],[88.60268643625506,22.024107819315578],[88.60191804161555,22.030444499900415],[88.62170828934576,22.02286941888251],[88.63746580393281,22.04717837785342],[88.63017172547258,22.053654534932196],[88.62881220883338,22.079968565969324],[88.62271178836649,22.095247950718832],[88.60840358331947,22.097219921976755],[88.60764765370281,22.101058927629328],[88.6175709958968,22.107425585079426],[88.64118489927768,22.14058844751948],[88.64066216332562,22.164645904331046],[88.65762464479714,22.176424012150637],[88.67325980614758,22.204055143805583],[88.67174066247566,22.207458371033514],[88.63188241421757,22.212686232660783],[88.63976883997954,22.23648593248152],[88.65042880968964,22.248744910758738],[88.66088258819426,22.245612216275408],[88.65894616180151,22.23692378113642],[88.64039201027526,22.215768735654958],[88.69595071303188,22.213106671110406],[88.70290244263904,22.208725147937663],[88.68388163159406,22.207389221855557],[88.68116187876517,22.193157362595645],[88.65610772535389,22.168558739335715],[88.63742013538041,22.112526568485702],[88.64216296519608,22.08763912811927],[88.65613653522337,22.0711090665114],[88.66135950377858,22.056558132231704],[88.65710777035234,22.024390798974377],[88.63312480132353,21.99395835761599],[88.63069542711354,21.964641857590756],[88.63330135710777,21.954824138290846],[88.65221172478013,21.950609987868873],[88.66700135764917,21.953385323994514],[88.68229689922832,21.945318501850227],[88.69522712995202,21.957342305285966],[88.690009755206,21.974179153868562],[88.69864702162853,21.977519004511723],[88.71481494502787,21.998852663010204],[88.73826314786636,22.013658358232707],[88.73796644241288,22.03309774931007],[88.72869517291059,22.041196848200475],[88.69882118609749,22.055094779003518],[88.68759018431075,22.07020819816813],[88.68706931685449,22.077446993379542],[88.69294532199376,22.093977520120507],[88.72170617220233,22.11374934147892],[88.73899195015807,22.145078311982008],[88.76107991501023,22.148100746258077],[88.76882504476114,22.146546757069785],[88.77345856757303,22.140680502465454],[88.76450450128242,22.1331742334711],[88.75505684308256,22.13450001165834],[88.74849111056983,22.131088554177467],[88.73478848590699,22.103877275291243],[88.70998070175058,22.085222689210195],[88.70335749592432,22.07345354499769],[88.72831261187213,22.056677537825962],[88.74110742605832,22.053259393142323],[88.75016946984609,22.082022233853394],[88.77339356278414,22.094990733235687],[88.77782334050308,22.106081528388792],[88.78400637004351,22.10764721451721],[88.77947970991947,22.089335673936183],[88.76506404210998,22.082277512119834],[88.75058616596704,22.058798525979594],[88.7731031338595,22.054509655105914],[88.75585158261441,22.047393758066377],[88.76227664075026,22.01554293961997],[88.74648095584844,21.989534163609573],[88.75018698789245,21.987433276514825],[88.76549081553176,21.998138406594766],[88.76493098814166,21.989768267363768],[88.78162454366155,21.989470819115],[88.78620880376157,21.98735721401295],[88.78857018897926,21.977418188032548],[88.80048361753117,21.97089190912832],[88.81680463990607,21.968220446380712],[88.80496101224836,21.965971828000104],[88.78788347096199,21.969486984885826],[88.77838647818503,21.981681787984456],[88.75849829073262,21.983624083890437],[88.75510546709225,21.981822301038886],[88.75604120349615,21.962566583082136],[88.76345453959858,21.95516648098296],[88.78891569091901,21.955248951944377],[88.7918520913433,21.948039493620474],[88.82601863462246,21.94135579394932],[88.85299515040239,21.92243958413287],[88.86510556242813,21.923612337629013],[88.86975544356133,21.931694587750744],[88.88036665451443,21.92591222539665],[88.90120649292432,21.930987460040818],[88.89934223448653,21.94419568196883],[88.90407100746465,21.9443296054238],[88.906714160051,21.95044764341389],[88.90690563415716,21.97098988779375],[88.90034079636646,21.97598096541898],[88.90656531549662,22.00790562859978],[88.89856374457985,22.015118871892387],[88.90481849201929,22.024859915277986],[88.90187473618943,22.04068013681966],[88.90619727931795,22.053126970432075],[88.89506394147058,22.050843208059103],[88.88970882983872,22.05353907408817],[88.89235932345754,22.068237611271186],[88.9187180839863,22.092026972670805],[88.92480682096462,22.107517176475724],[88.9278645478512,22.104925434920084],[88.92378242174046,22.089610676284558],[88.90399302651146,22.06872928196873],[88.90375499272409,22.0642058153979],[88.9251218763044,22.055227981662615],[88.91232928724521,22.028027563028164],[88.91594669419821,21.990509702904653],[88.9209369128566,21.983949700551477],[88.92892345945023,21.990550519563307],[88.93251999045435,22.003453601621047],[88.92993243100769,22.06338485099201],[88.95878914313518,22.07430655747946],[88.97261536250637,22.084774729715292],[88.98225682324568,22.109665627244844],[88.98733535977121,22.11012208246023],[88.98252936940791,22.084316780744413],[88.97531292155792,22.070973006739244],[88.93724901226577,22.054597685733683],[88.93561567206,22.024259446830452],[88.94611260922414,21.99512424156875],[88.93041992784774,21.96499078151836],[88.93263847734201,21.942642072184302],[88.94239111897075,21.93335584876793],[88.95791175230895,21.929314089931157],[88.96373703856726,21.933183225919063],[88.96561860394729,21.941095677196017],[88.97324627987315,21.944291483479606],[88.97025058345353,21.93772998738474],[88.97198445232614,21.92257288971473],[89.0076499038271,21.902774702275213],[89.01415302286621,21.913411637731556],[89.01220755043856,21.927657625864697],[88.98843595948766,21.94478687131554],[88.98719837477522,21.94974703538764],[88.99515225952345,21.962197958953844],[89.00601023948172,21.96256982976284],[88.99929623284486,21.954310483983544],[89.00029764687582,21.948448765764102],[89.03084537823686,21.928384658217464],[89.06404058936896,21.939533945112135],[89.06885678189892,21.948810251669553],[89.06641041246209,21.968702808808278],[89.07246821236036,22.00173615036651],[89.08044651780955,22.001786117288393],[89.0784813614974,22.019408016204192],[89.05233220038234,22.05352541630389],[89.04220982925064,22.097583260724655],[89.04583307974455,22.107773954989234],[89.05699713009318,22.119573616244264],[89.05586701173654,22.129546248569948],[89.04988534136365,22.13848350534914],[89.03029905881367,22.14981188459148],[89.01898030240345,22.164476904532687],[89.023772577289,22.187330224273246],[89.01830811553423,22.198813526571126],[89.00094583435393,22.203676961137962],[88.97014286826445,22.200486057233718],[88.95251297626606,22.247842418815804],[88.93581882695982,22.254706186817828],[88.93474298301601,22.26471829000526],[88.92118026467045,22.2604920123468],[88.91209560489706,22.272908805478895],[88.9065189300886,22.263556533570213],[88.9061552157048,22.251724778191733],[88.8956288937494,22.25234000292838],[88.88840277733198,22.26602948210189],[88.87647689094372,22.275839090921444],[88.86423444633415,22.272434177350448],[88.86382597069638,22.27694106622097],[88.85060086169247,22.287511871049816],[88.84191649929456,22.27515697266214],[88.8282248538411,22.265012814257098],[88.81534944729921,22.26284016446204],[88.81594772168519,22.283134866006467],[88.80520472249,22.284471128045524],[88.80431852907232,22.297307155020768],[88.81172385579566,22.317865145002013],[88.80432157436115,22.329042318568376],[88.81767505531407,22.360000303006846],[88.82244562330912,22.36125800980417],[88.82194002092447,22.371263581411757],[88.80092942535552,22.37392161649469],[88.78388375809206,22.36665656744812],[88.77936804843137,22.371337044826003],[88.77182197366929,22.371059870695884],[88.76941561429692,22.377181208295013],[88.77379221085273,22.388093327570004],[88.76609979963254,22.380094469921456],[88.76258301926276,22.384896402008707],[88.76865645254188,22.390346555331032],[88.76675355127551,22.39325634937011],[88.75946585265044,22.396856105686172],[88.75083487623155,22.391650353609915],[88.75496454567867,22.39851866690107],[88.73323465019709,22.41120751828662],[88.73350982752483,22.42067863584876],[88.70319519370867,22.43401482873268],[88.7027570898362,22.445846817257753],[88.70748319122461,22.45207342889802],[88.70351182289687,22.459722602855244],[88.68714459567529,22.466257036658575],[88.6855828359263,22.473075609293133],[88.66544002819317,22.49269166422497],[88.64967994981427,22.495211483924482],[88.65234924427372,22.503821839241176],[88.65689592155721,22.504871833496082],[88.65687719527678,22.51455820034368],[88.65060021183912,22.517070665157902],[88.65224519331265,22.52729848433829],[88.64532480502744,22.527974956989443],[88.62878676764622,22.548934171709732],[88.62979737683244,22.557095290861913],[88.62334352320016,22.561705847909842],[88.6266432032237,22.575658621523882],[88.62326823449789,22.580656509674274],[88.61268040489496,22.581719859259962],[88.60964034158181,22.591734755474068],[88.590505351071,22.597280469272192],[88.59334300867927,22.61293433345634],[88.5888435342707,22.61582285018771],[88.57978014121339,22.612761814122415]]]]}},{"type":"Feature","properties":{"name":"Darjeeling"},"geometry":{"type":"Polygon","coordinates":[[[88.04002115317074,27.22061738191656],[88.0250861010235,27.21946948339342],[88.01482089327008,27.211703916461566],[88.013498117726,27.179702709045856],[88.01940768661919,27.170201535105853],[88.01215664285098,27.163239249866905],[88.00891181485702,27.141031801913336],[87.99357043943542,27.130006541641087],[87.99169625910534,27.108340618966288],[87.99590986353937,27.1033396643163],[88.00711153353544,27.10156383968977],[88.02180899476475,27.086932816929096],[88.0175613881989,27.074491601343446],[88.03984271631428,27.03544330351146],[88.0453106428711,27.036710159165825],[88.06060698664581,27.029937709939272],[88.07989615770379,27.034319172658677],[88.09108955062288,27.00618342108854],[88.11513904977994,26.987311953693943],[88.13307441119576,26.982324140064303],[88.1230893394704,26.9676305674353],[88.12096239567724,26.950481480573984],[88.14383677267855,26.921195360714616],[88.1384426705701,26.89745181639666],[88.17146736978317,26.866721007479157],[88.17264470987936,26.853588331055526],[88.16614539161226,26.84873772665132],[88.17404883775389,26.83286491925376],[88.16995457270875,26.826065760405484],[88.17975034245426,26.814559943159647],[88.17840145018992,26.800232097966035],[88.1870866920385,26.77140087722113],[88.18730120613509,26.749623244401047],[88.18141685295193,26.719902500878813],[88.1668997581603,26.69942649893753],[88.16280741101828,26.64638234525032],[88.15795398511638,26.64026166321028],[88.16021904308785,26.636768052469307],[88.14179568536868,26.624569884606476],[88.13854322349145,26.605558062972353],[88.13013305566434,26.60080484241778],[88.13172625375333,26.592437123235378],[88.1275154646394,26.58143253319338],[88.13019856800136,26.573289007234035],[88.12550404509011,26.57754869299653],[88.12403190666373,26.572011119061838],[88.11813100920796,26.574873279960013],[88.11881000440872,26.568054297214136],[88.11279750116036,26.572289864331033],[88.1114814899304,26.564464402700658],[88.11488097727354,26.5652461098204],[88.11074624312485,26.561462922841304],[88.11376284513774,26.558750540178814],[88.10972198583453,26.55658817515224],[88.10555758841681,26.560409973418533],[88.10540160764585,26.551079975441777],[88.11336077089466,26.54839930606088],[88.1149791622358,26.541292535492865],[88.12018667258164,26.54069318416785],[88.13493941613355,26.523466845548256],[88.14596066130146,26.522234971347526],[88.15030365996732,26.531893718798802],[88.15630316549182,26.530105436517974],[88.16650133377223,26.53561039447128],[88.16854943063626,26.55347985121716],[88.17903208279077,26.544883187003],[88.18156094541845,26.55400754702339],[88.18923483068248,26.559643005945198],[88.20205771542466,26.554946914279007],[88.21836729146621,26.55342048347894],[88.2120094839075,26.554290893839212],[88.22035088929286,26.556401823533218],[88.22110096818206,26.561057795223],[88.21448666645686,26.567173736777445],[88.21577801084746,26.573276902909974],[88.23094373329165,26.57248010520767],[88.2330307730216,26.55640603327004],[88.23724885645561,26.55236529215726],[88.23541172893606,26.544801647774456],[88.21266096550772,26.5326925209473],[88.20830385341041,26.52425275530638],[88.19646922507526,26.52144625221834],[88.18222773700609,26.505661242767346],[88.18850039056407,26.495253408035843],[88.19442580034901,26.495284937182557],[88.1983446612501,26.484787875265674],[88.21391768703063,26.483121974341433],[88.220620554558,26.4864833065125],[88.21964297193323,26.49321901652415],[88.22757862627105,26.49195299087446],[88.22935774148789,26.48485675571008],[88.22574478928037,26.480060013937205],[88.21695985779147,26.4809462272477],[88.21518541022085,26.477219801253224],[88.22430271836488,26.47419420416329],[88.24024522122178,26.45749629219413],[88.24794068222234,26.46502532199029],[88.25297575915276,26.464229953682516],[88.2635172123308,26.486335178776248],[88.28504079533431,26.48094041706324],[88.29142657014279,26.49177637354091],[88.30318824270047,26.489024385631506],[88.31251571260358,26.499697629981082],[88.33328958502717,26.49731740766591],[88.3493667525317,26.512346551441524],[88.35088329737748,26.525323819799162],[88.35740115507542,26.5327645915072],[88.35639179814072,26.544388781862743],[88.3696234396934,26.56310954531763],[88.36870298542907,26.57521239828506],[88.376470031378,26.595274485250574],[88.39876007135497,26.603826088603245],[88.38768241288552,26.607293994093606],[88.38715610523192,26.61233785923713],[88.39662054665627,26.61751866987576],[88.39832176086996,26.625621018472444],[88.40954827287693,26.631383584946825],[88.40676185517246,26.64080904306115],[88.40005870287916,26.644286753601413],[88.40172453514874,26.672286790083103],[88.39114581086962,26.679421222323274],[88.41059724821064,26.699084250912122],[88.43773120003233,26.69270211306848],[88.44556711711908,26.695333357558376],[88.44975940363312,26.703434038548508],[88.44456096986492,26.716494349468377],[88.43889782143056,26.71447369767236],[88.43475449309949,26.726076621444683],[88.43015461938153,26.72700570793606],[88.42505109082644,26.72199783840592],[88.42589040206778,26.735275871149266],[88.42200514624312,26.737851796229897],[88.4233514369864,26.74588928394157],[88.42815686500433,26.74803030089812],[88.42340386266636,26.7542909672899],[88.4283772504896,26.752794058491794],[88.4290208233221,26.75713438972627],[88.43078126076752,26.75307464701919],[88.43709132915711,26.758689684293678],[88.43446253164903,26.76802766244048],[88.43801843724275,26.76888168942392],[88.43537116498251,26.771031984968634],[88.4387647288347,26.774676230165195],[88.4321921682275,26.778129079591658],[88.43445583740352,26.782446631485648],[88.44276064632254,26.783873955995702],[88.4388679847867,26.787201138483056],[88.44193373901867,26.789771527427895],[88.43862314626105,26.796359935574742],[88.43517415905077,26.793354210488694],[88.43487147710572,26.797195966143295],[88.43033929054606,26.797717271342044],[88.43475719702853,26.803166885898406],[88.42926197156852,26.812787369300604],[88.43729927477236,26.810029705925178],[88.43077605233552,26.819475218031165],[88.43611407531573,26.820325620652103],[88.44255174400153,26.83539180336828],[88.48428403604575,26.852886078526822],[88.49885526690964,26.84772279204045],[88.50147121581425,26.839840175201655],[88.5127388688646,26.838317364064743],[88.50807458144914,26.847407291505874],[88.49515074134041,26.852938147873374],[88.47991089351223,26.869096566766903],[88.48151403325649,26.876294644878158],[88.47567749829417,26.878613036172723],[88.47225511648767,26.909239075240066],[88.47536341403318,26.912998972178855],[88.46597674964444,26.915789320155966],[88.45502180912767,26.926376025616023],[88.45421752319929,26.934914500137065],[88.44312770064259,26.938154140572827],[88.44606109171067,26.945441621455426],[88.43887998268562,26.960658111701495],[88.42382429847386,26.956489218028754],[88.41690836403583,26.96202596177846],[88.41816448009423,26.98183937694141],[88.39046661803948,26.988104882894152],[88.413573312848,27.008986708928195],[88.42208152460184,27.00947008011922],[88.41304594787731,27.02564892048451],[88.41895481249132,27.03876192471506],[88.4147346189147,27.045778549189755],[88.41595097553862,27.058060699197846],[88.41961778354403,27.068300940910163],[88.42770236418295,27.066081490319675],[88.4320031195726,27.08015701282048],[88.38187922697985,27.094444775920163],[88.35661239113684,27.095338469841263],[88.34187944106394,27.10974668897259],[88.32441140212354,27.10547975991352],[88.31658684064026,27.12563706555715],[88.30200401791595,27.128943787360864],[88.29519478357075,27.12593353254021],[88.27871594247178,27.130534847813276],[88.23220373995358,27.11850398473477],[88.21557138395907,27.131566992204707],[88.1816942500167,27.132513346704613],[88.17210872737019,27.127184348608044],[88.1624865929859,27.113580593181045],[88.15361405060399,27.10977387532254],[88.13726588383612,27.11587249211751],[88.1336824709301,27.12179303180068],[88.09615538946187,27.13344551170311],[88.08839883493718,27.1446746502835],[88.08663234913494,27.164588891262323],[88.07819178052196,27.172579772250643],[88.07436419474195,27.18558945582104],[88.07883847500007,27.201251915371433],[88.06496399364022,27.213331067906488],[88.04002115317074,27.22061738191656]]]}},{"type":"Feature","properties":{"name":"Jalpaiguri"},"geometry":{"type":"Polygon","coordinates":[[[88.94829810610581,26.96696536183898],[88.91728326786505,26.998087149139916],[88.87329014442275,26.94377490875535],[88.87047913084578,26.9445738742779],[88.87089196510935,26.96402572566705],[88.85278101180158,26.965849054680007],[88.82830500153075,26.9844448824279],[88.81175615112845,26.989909982484203],[88.7892737854424,26.991169623799305],[88.7824142643059,26.977338219648416],[88.75578842835499,26.96375322527787],[88.75926004412726,26.925554827773382],[88.65890942879123,26.92609331684098],[88.66826203175933,26.945493061167287],[88.65866627460674,26.967070621101534],[88.65450123399528,26.96411377989256],[88.65543677097321,26.9585043759857],[88.64749654960046,26.94320292140806],[88.63575651566133,26.930223590078864],[88.63458495442735,26.90568435196471],[88.62035035913134,26.905205020496272],[88.6027000089007,26.879791915739737],[88.59102938508862,26.887357055358674],[88.58509136834698,26.885222983186885],[88.57313547194002,26.888611855625285],[88.55610135251953,26.878089179411738],[88.5463177666242,26.878447315605598],[88.53366999946351,26.869939719717472],[88.51146849384767,26.862944312867914],[88.47705466503209,26.880997567203536],[88.47567749829417,26.878613036172723],[88.48151403325649,26.876294644878158],[88.47991089351223,26.869096566766903],[88.49515074134041,26.852938147873374],[88.50807458144914,26.847407291505874],[88.51297935505266,26.83739252748651],[88.50147121581425,26.839840175201655],[88.49885526690964,26.84772279204045],[88.48428403604575,26.852886078526822],[88.44255174400153,26.83539180336828],[88.43611407531573,26.820325620652103],[88.43077605233552,26.819475218031165],[88.43729927477236,26.810029705925178],[88.42926197156852,26.812787369300604],[88.43475719702853,26.803166885898406],[88.43033929054606,26.797717271342044],[88.43487147710572,26.797195966143295],[88.43517415905077,26.793354210488694],[88.43862314626105,26.796359935574742],[88.44193373901867,26.789771527427895],[88.4388679847867,26.787201138483056],[88.44276064632254,26.783873955995702],[88.43445583740352,26.782446631485648],[88.4321921682275,26.778129079591658],[88.4387647288347,26.774676230165195],[88.43537116498251,26.771031984968634],[88.43801843724275,26.76888168942392],[88.43446253164903,26.76802766244048],[88.43709132915711,26.758689684293678],[88.43078126076752,26.75307464701919],[88.4290208233221,26.75713438972627],[88.4283772504896,26.752794058491794],[88.42340386266636,26.7542909672899],[88.42815686500433,26.74803030089812],[88.4233514369864,26.74588928394157],[88.42200514624312,26.737851796229897],[88.42589040206778,26.735275871149266],[88.42505109082644,26.72199783840592],[88.43015461938153,26.72700570793606],[88.43475449309949,26.726076621444683],[88.43889782143056,26.71447369767236],[88.44456096986492,26.716494349468377],[88.44975940363312,26.703434038548508],[88.44556711711908,26.695333357558376],[88.43773120003233,26.69270211306848],[88.41059724821064,26.699084250912122],[88.39104628831592,26.678694284636382],[88.40172453514874,26.672286790083103],[88.40005870287916,26.644286753601413],[88.41470721760358,26.629125981998737],[88.412796879185,26.619745403107146],[88.41620638274358,26.617309946372167],[88.42117449116789,26.563098414553078],[88.43016930414147,26.545811155030723],[88.44096856212795,26.54056752725287],[88.44504412604552,26.53311128954467],[88.45447460396561,26.533081010088793],[88.45762635751296,26.543845781733346],[88.48303721126234,26.53917208396897],[88.48110164186237,26.529470281003235],[88.48871207642296,26.530020241901912],[88.48800743611746,26.52378928747072],[88.48474275805066,26.52412760846096],[88.48868739341387,26.5211774547694],[88.48872789216185,26.508954583675006],[88.50321557341609,26.51403622664295],[88.51029476947049,26.50882831885262],[88.52040036995415,26.50827816560333],[88.51860785187326,26.4964772812067],[88.52337814588212,26.490910674058913],[88.52216535377323,26.485670035193355],[88.52696227923698,26.484763633468948],[88.52425083312951,26.482658847122657],[88.53010142762432,26.478322877416986],[88.55628868988384,26.48324011433564],[88.55412109822238,26.470174469445656],[88.56115712932906,26.47075218514616],[88.5585253251597,26.465589349965917],[88.56268334992879,26.465845397010106],[88.56004072734846,26.460521923795447],[88.56322784038204,26.45906211560319],[88.55810512830408,26.45725115207086],[88.57784086446622,26.455524628234272],[88.59041372470865,26.447196168585837],[88.59637440863985,26.45298178857654],[88.596796601552,26.469681250453764],[88.62068014953678,26.469158634494246],[88.62751363480137,26.439035032898992],[88.6219676518329,26.432062047924187],[88.6491275416101,26.426415171092003],[88.65179070776263,26.42000677359808],[88.64482423680171,26.41539359523955],[88.65991568474158,26.41341550181226],[88.667841388441,26.404222512304855],[88.67814905326973,26.405175397059395],[88.67923243138382,26.408667368268635],[88.68067739307791,26.405712224330184],[88.68017502642495,26.41077577914965],[88.68525322787889,26.410069767458623],[88.68284988504925,26.404490405076377],[88.6861092711407,26.40009365723595],[88.66933097484514,26.394589162598482],[88.67769487135028,26.390402231478237],[88.68861196045427,26.39339380007649],[88.68506910199172,26.388352312351852],[88.68708479482684,26.38417662828929],[88.7012116174416,26.386237827367058],[88.70043167675573,26.383148285957976],[88.68209198991875,26.37946906861253],[88.68094495808192,26.37504528983312],[88.69322828771497,26.371948003629733],[88.69368795474755,26.367688256567835],[88.6875177414713,26.36676449712308],[88.69144399371054,26.364426702669192],[88.68745936894413,26.361137532311734],[88.69444753691415,26.35892879732964],[88.69021184021236,26.35675022606955],[88.69179649801794,26.35323413582296],[88.69717017153852,26.352769143247194],[88.69255880657141,26.343096796587915],[88.70069746848537,26.33777348462496],[88.70039643584714,26.329289380620672],[88.70639694389148,26.33052151634587],[88.71190764013731,26.34121698009906],[88.72346433870672,26.339134336570204],[88.72812575061495,26.34615841466745],[88.73422431156919,26.346273628757746],[88.73279168284566,26.35279505653427],[88.73577894318643,26.347757852613572],[88.74368937013614,26.346633283032673],[88.74124919009164,26.335126533849543],[88.73227615407716,26.326901744998004],[88.74693518717524,26.330232798410268],[88.74451667988525,26.320374270135254],[88.72956882674524,26.321593089688403],[88.72956898395043,26.316174499865568],[88.71833573637545,26.309992034512106],[88.71472037937792,26.315483430022116],[88.69461091441318,26.30792839827308],[88.68947710544653,26.31320882742455],[88.69424965063348,26.32390916335871],[88.69163260129265,26.324815095105873],[88.68733299484826,26.319000045610228],[88.67276797942782,26.314529463589697],[88.67287799969394,26.30791612189501],[88.68005828496388,26.30713467722474],[88.67525958802236,26.301554359257675],[88.68279813220738,26.29092938281963],[88.70602973416291,26.28518906186206],[88.6918997629531,26.279115604671464],[88.68581919794893,26.281527539579017],[88.68341428396585,26.277979790276753],[88.67967580926536,26.28026117742818],[88.68304902537803,26.286381489688434],[88.67321792040083,26.294424638580733],[88.66848034662786,26.293839970246687],[88.66406018627234,26.283460167017093],[88.66457720354931,26.269705219937606],[88.66851105553587,26.2654227876256],[88.66457315035075,26.25797419255037],[88.67338803346787,26.259092658090342],[88.67804474988208,26.255152181402643],[88.68896651112384,26.26584275660035],[88.68284593246197,26.27176795433549],[88.68445077900526,26.2752773012817],[88.69021646114616,26.27118266755115],[88.70154568742102,26.2774953612882],[88.71875224744346,26.279170842350563],[88.7174071325949,26.288304805474855],[88.7239682396822,26.28946343485458],[88.7260553719386,26.285623717964942],[88.7282386589647,26.291427225812093],[88.74355270314376,26.28875016582463],[88.73923213990213,26.292885667003663],[88.7442299619011,26.306875978191577],[88.75580136679002,26.30838849939636],[88.75602547040225,26.3225169763485],[88.76038809546047,26.3299348402048],[88.75198721531505,26.33734497597031],[88.74835877615207,26.3575312771339],[88.75785748381294,26.378718740979682],[88.77347001031312,26.39853019165726],[88.78158767500564,26.398286119398826],[88.79883260117555,26.377416143503638],[88.80589450825394,26.380916230251607],[88.8295545715657,26.380930823851166],[88.85061555543557,26.3913364488154],[88.86036862556071,26.39151165265156],[88.87385638668233,26.40512654522974],[88.8819770131203,26.4400925078981],[88.91434382664346,26.443732841593402],[88.92659808499734,26.45326218931116],[88.92314509399586,26.460628572341065],[88.90406528789123,26.460168359914377],[88.89933929430063,26.470638239578868],[88.91881874650208,26.468247358947384],[88.92176154382953,26.46387746754115],[88.93034057696376,26.464668513403552],[88.93665345708017,26.470702935720926],[88.93641376051126,26.493200771789876],[88.93282935137357,26.50038107668742],[88.94715836319921,26.50141868908432],[88.95547240230778,26.51992037395012],[88.9607477147963,26.51977949372658],[88.9637799933092,26.524268325811402],[88.96209167890298,26.538758121691078],[88.98190678481376,26.530061112017574],[88.99922678319193,26.528517343020052],[89.0223163426364,26.515516627958597],[89.03236874039735,26.516221890274668],[89.04569646305785,26.526707671882466],[89.04316790406074,26.534686502216946],[89.05663850915705,26.537537821325547],[89.07322187552752,26.538069639361236],[89.0788008365484,26.527369875735257],[89.11962048338307,26.522566982459967],[89.1137912130965,26.52753739868161],[89.11517372301371,26.532437630643585],[89.11112777205949,26.537497455363365],[89.1158888412687,26.541795359256678],[89.10360651954535,26.538972044231755],[89.10640518847366,26.54746664746331],[89.09822226027747,26.558484595853166],[89.10188143889118,26.563556474390356],[89.0924150436311,26.566147943279958],[89.1051629504881,26.59256234573744],[89.09798395430059,26.589579673310134],[89.0990728229177,26.595312324676403],[89.09371849551509,26.592191115982335],[89.0862122852904,26.59834467214292],[89.07457855888032,26.59498371559031],[89.07736990384413,26.60110146885899],[89.07438452637219,26.603849996817303],[89.06747112248831,26.596634989779123],[89.06708544699079,26.600619512952523],[89.06016749403831,26.601701981350764],[89.05649158699737,26.607480141627843],[89.05869149555117,26.610430398595593],[89.04526129218476,26.613197310342592],[89.04900761097429,26.61555614279072],[89.04247978467161,26.631495889328715],[89.0443606125348,26.651768392284172],[89.05524990866219,26.66278531093684],[89.05321109858158,26.676341356361146],[89.06699816577945,26.700185545161855],[89.06625575670617,26.719502920125215],[89.07542277851633,26.748924348357527],[89.06909915095584,26.76096787585776],[89.07366476023395,26.775375168312266],[89.08635297853188,26.78959261792393],[89.083778419504,26.80374507281563],[89.0929228298202,26.813823350407574],[89.09322453709318,26.818011377671347],[89.08850362257719,26.81846930476776],[89.08704563351488,26.83216054460087],[89.09002142865765,26.84097012207122],[89.09389007732761,26.839433115548363],[89.09809983337897,26.858083306487956],[89.08511427631525,26.86880793534607],[89.08937193413082,26.889338830601712],[89.05912296536529,26.90186567329661],[89.04412425051218,26.901745120982472],[89.04191865652098,26.91648156032017],[89.02200617682668,26.922744248087326],[89.01640732441045,26.93749519576268],[88.97538789584983,26.912816011941338],[88.94120315539797,26.930918391849623],[88.95114228548307,26.95382096151904],[88.94829810610581,26.96696536183898]]]}},{"type":"Feature","properties":{"name":"Dakshin Dinajpur"},"geometry":{"type":"Polygon","coordinates":[[[88.41966259779863,25.604328779448384],[88.397332706759,25.607290103644896],[88.39892349287148,25.600566480146835],[88.39223389435918,25.59940724888266],[88.39106539458368,25.59555242923479],[88.36822616326953,25.592125531866657],[88.35921041954985,25.566619000953672],[88.34890799818743,25.56690635849905],[88.34533754258108,25.558156158928526],[88.33469606469109,25.55946569926624],[88.33516700108892,25.55422714568963],[88.3254985199242,25.559309595839263],[88.31856779921661,25.542631166655745],[88.3253934089511,25.540559506436576],[88.32294291175555,25.534924581042322],[88.2888995230103,25.514359496179658],[88.28655488418613,25.502495581717838],[88.27806764450092,25.491526584503774],[88.25636875257473,25.484805892297477],[88.25443495105924,25.47767197826808],[88.26435181101013,25.464555102292774],[88.26063702488368,25.448725679526454],[88.26465269991789,25.44016826534277],[88.2623187555372,25.43398675555385],[88.24480193628027,25.4324396076575],[88.23915837830562,25.43938671268541],[88.21774348695988,25.44116890278744],[88.20807788130239,25.429871491097078],[88.19874590904311,25.429996668932763],[88.19562498747291,25.425736609867663],[88.17169280110542,25.42939723274348],[88.16613066283485,25.426555970907252],[88.16834632694041,25.416750111664626],[88.17191202686567,25.4153636588614],[88.1644922570292,25.40726867767797],[88.1743987567099,25.394332930831364],[88.17290675922753,25.385284712089835],[88.17981694265114,25.383763023025782],[88.17747720952671,25.378995763527858],[88.18631883728649,25.37594742310941],[88.18424153619256,25.368861555867895],[88.16340577882903,25.3689652848316],[88.16898137925243,25.36514961903351],[88.17812071857881,25.344560048001124],[88.16699699001002,25.32773163831599],[88.17037795678698,25.323492131042865],[88.1811430446567,25.330907814766178],[88.20175684987308,25.32957309982277],[88.20407972880614,25.33312864787206],[88.2116825932638,25.33320049058193],[88.22781359321002,25.31965804072088],[88.2568716088095,25.31756267471934],[88.26112357040788,25.31193766467526],[88.2683411941526,25.310538207039382],[88.26643056647649,25.302162533754316],[88.27156452276687,25.302349320986607],[88.27460804549217,25.316439628052066],[88.2894064180706,25.316926078604773],[88.28867471601717,25.313461672298676],[88.30196080625585,25.307028829706574],[88.30274346704039,25.299163646221782],[88.31556624039149,25.300247493019462],[88.32600632318126,25.296148617198025],[88.33283634813539,25.298473424698827],[88.3316085802124,25.30531632969129],[88.33518846812926,25.305308039615515],[88.35400594640795,25.297424694825217],[88.35775324885273,25.300680037393853],[88.36351664747619,25.292573004064124],[88.37849207260722,25.289642498967925],[88.39339770043729,25.304736239039883],[88.39805684050619,25.29429438430133],[88.40483073422978,25.293968241900185],[88.41404540627589,25.30145262432224],[88.43036443439085,25.306516672755727],[88.42936908129312,25.31172974910357],[88.41620441633144,25.3153042741203],[88.42580039357122,25.317686801278107],[88.4434518190853,25.314466176974666],[88.44858594875052,25.3033519045257],[88.43943981546565,25.278724519765188],[88.44681130355053,25.265113662335647],[88.45600160160805,25.26148131057255],[88.45572625539705,25.268822307899107],[88.46469625600417,25.271208869627667],[88.46082386046115,25.268852611358685],[88.4582980458172,25.24728934074047],[88.45106651255865,25.237808852900894],[88.44877104841143,25.222848704886026],[88.43766301341068,25.219263996582495],[88.44397170737788,25.2147887709748],[88.43726222016518,25.20903210196913],[88.43578471520331,25.2002236003614],[88.46341973471408,25.19565254288223],[88.47135386461088,25.198311912699157],[88.46885457362404,25.20067108212149],[88.47469445391246,25.213408423609806],[88.49728213718413,25.21110427686642],[88.4989167772521,25.203665118631125],[88.53693539438592,25.197509430221388],[88.53220964423872,25.193514487415793],[88.53413262464832,25.187317596779675],[88.54005663306141,25.188539808180494],[88.54124531259144,25.193596720699727],[88.55783881914485,25.1921953332589],[88.55487908947259,25.178540507252496],[88.56008254122999,25.175126424674737],[88.57843241316567,25.176986762140686],[88.59176130183938,25.187073145549384],[88.59035154152804,25.19272137577623],[88.60517050798435,25.193949418880962],[88.61313194576749,25.20389457790027],[88.6316974933214,25.201734566890625],[88.64369469067185,25.206256488747798],[88.67151517186461,25.19856667568948],[88.68005097357577,25.20852719429843],[88.68735369742231,25.208739700762248],[88.71200125806465,25.207547081030803],[88.71790537148912,25.201957787441614],[88.73342958910533,25.19854585668474],[88.73482793362606,25.184130830011345],[88.74291333712173,25.186025628433526],[88.75065395822826,25.181760523212425],[88.7498260519978,25.176320034219437],[88.75894725883016,25.185210539556092],[88.76732742023185,25.18252227320836],[88.77026315859781,25.189129704576665],[88.774534454636,25.17847061191108],[88.80624319831466,25.169658843977697],[88.81387484030246,25.173789247333527],[88.81866623933058,25.188175518655758],[88.827428965364,25.191267807748826],[88.83040775099839,25.20432765001316],[88.8369746351513,25.205474319700173],[88.84324766690003,25.213370056225184],[88.84951911312228,25.208768943109],[88.85090116220374,25.20090128506871],[88.8651949034764,25.199667590612023],[88.86499352634249,25.189441811009054],[88.87162635312545,25.190813785134242],[88.8741568111611,25.19587951368146],[88.87627365250056,25.178386709970226],[88.88991779414347,25.177833459752236],[88.89041131957741,25.184210444693914],[88.90307182844211,25.178321754926728],[88.9100418270872,25.17944209145346],[88.91246868242109,25.167422870403897],[88.92062081547105,25.16537096404756],[88.93492957298199,25.180168831522284],[88.94185018764261,25.172666906017188],[88.9485352307981,25.175508294141547],[88.94981208626149,25.17999989828988],[88.94385231771356,25.18246606757132],[88.94782457357684,25.19361767548577],[88.93934551305226,25.192678455496193],[88.93478270202627,25.19912161753596],[88.93872786739551,25.21083290885947],[88.94453258942033,25.205475361688535],[88.9615631263595,25.20770837260925],[88.95769215374786,25.222869430340364],[88.95211188567824,25.228975321443254],[88.95225618116405,25.247560481150728],[88.95609840319496,25.253844887399644],[88.98196402546363,25.263805065078692],[88.98710261077268,25.27364274395402],[89.00602276289509,25.26828172420116],[89.00767799145112,25.263195696911826],[89.00857276467805,25.30189862965216],[89.00004640336222,25.29477654039097],[88.98508356542492,25.29782248452213],[88.98211264993078,25.30181777149678],[88.98469667540509,25.30495111265802],[88.97573836637139,25.305028147710214],[88.9722601138458,25.29999128394143],[88.96031337486485,25.30497650271235],[88.9594824556849,25.30006740279163],[88.94988467911959,25.302960606474326],[88.93925831628258,25.299562827117267],[88.92846357951693,25.30362590020089],[88.92838899329723,25.314618847131726],[88.91560542781501,25.311062564690975],[88.90696242834439,25.325647320964126],[88.90605999428466,25.336655362201473],[88.88805200138322,25.335988638262684],[88.88731931118296,25.325448160967063],[88.88352339730491,25.324849847537955],[88.8664077979932,25.341706926482836],[88.86850682843556,25.351850909483872],[88.85524629616505,25.354546391518163],[88.85409081567295,25.362773909754356],[88.8400565851095,25.363474187263638],[88.83802408749035,25.380318609399694],[88.84122552865276,25.381841939100283],[88.83629081779408,25.384613407920853],[88.8404691238273,25.397322339499905],[88.8369596126248,25.401626229352434],[88.82361661501119,25.401003518635058],[88.82310020050382,25.40896351470712],[88.81227253239817,25.410225265600918],[88.81896483663608,25.41745225058478],[88.82029806677342,25.4147021125366],[88.83024522150896,25.41685588712857],[88.82884379666514,25.425963644108645],[88.83455593023193,25.427067411678454],[88.8343296589849,25.43113778534279],[88.83208399384381,25.436111692495835],[88.82695975912142,25.43617312177082],[88.82598718460434,25.442748074767128],[88.8390999961129,25.45832727829171],[88.83536710534024,25.46162927370959],[88.83756071939882,25.470578019272825],[88.82969946712608,25.489841944100686],[88.81231041974358,25.489388214246834],[88.80834052914446,25.51284159978871],[88.81125205521856,25.523372493839997],[88.79235593931818,25.52278982353648],[88.77964530625728,25.514989900382396],[88.76827327076754,25.524807995906468],[88.75977389214789,25.525048568081278],[88.76010069116342,25.510189315568937],[88.77104587777283,25.503116002582328],[88.76501910209126,25.494507947689844],[88.74707504678014,25.492847283075882],[88.74507833265203,25.487427416338765],[88.7401815459697,25.489132778558307],[88.7440655468479,25.496152114865623],[88.74251596196594,25.50468111333708],[88.71484629353635,25.499503015955963],[88.7139220034658,25.495636179653896],[88.71276504883832,25.500270036061043],[88.70879272739805,25.50012437092018],[88.70995689459893,25.480700134749505],[88.70063456575421,25.47582487534135],[88.6996639477678,25.471268976211714],[88.68782795399339,25.475713248614635],[88.66286137464424,25.474012284559933],[88.66018455230274,25.481722704957573],[88.64635406773054,25.477746106184814],[88.64227472999046,25.492592587753784],[88.64814486913092,25.496691080258],[88.6406217373412,25.499692206044177],[88.62239017263016,25.49728174952224],[88.61197157394871,25.510082167659895],[88.60680991990316,25.50940061712783],[88.6085996280538,25.516354698192476],[88.60224914086633,25.5156006717771],[88.59734493320146,25.506145395691043],[88.59132605371119,25.508876211394],[88.58786327286971,25.506486389044674],[88.57268324565295,25.508663233844732],[88.56785056903752,25.51386302169889],[88.5560182251181,25.513778687295225],[88.55400892289794,25.52094276893998],[88.54864294165112,25.518196077276507],[88.54530731823642,25.508740495640755],[88.53976207637805,25.508543481489408],[88.5375002442568,25.521363777207604],[88.54024638150392,25.532036643267794],[88.53275009496818,25.531702415556914],[88.53286513232516,25.541708710745233],[88.52717810756887,25.542528526642055],[88.52334145868592,25.534533873376372],[88.5186593585767,25.53746479383066],[88.51951803929218,25.544240174665973],[88.50681861361278,25.544831101115665],[88.49981702481242,25.550331745762797],[88.49835039395704,25.55806888712046],[88.49397756942712,25.558031777457],[88.49937276658191,25.583951665975096],[88.48322499149607,25.586633039654714],[88.48196353046171,25.582184558938348],[88.47923374973928,25.585468293440854],[88.4683356285625,25.582933488233763],[88.46860504679096,25.587758864065197],[88.46523486698392,25.586836445331933],[88.46655630224159,25.589898872283676],[88.45897479522976,25.59284758042016],[88.45599728610144,25.598541303281745],[88.44443521291166,25.596428180708475],[88.44841505774245,25.591970804584143],[88.44582553637521,25.58901875623996],[88.43341011936107,25.586513392717006],[88.42562488612091,25.59077140007227],[88.42346981607623,25.58738517062877],[88.41341004943499,25.593692742567896],[88.41382867962874,25.598422401431105],[88.42072014665338,25.598786149159636],[88.41966259779863,25.604328779448384]]]}},{"type":"Feature","properties":{"name":"Malda"},"geometry":{"type":"Polygon","coordinates":[[[87.9661899566621,25.53630628413769],[87.9463542532802,25.53787200529169],[87.94450761619503,25.53448237361532],[87.92709001855617,25.5390402198844],[87.92398752682233,25.53454162407431],[87.91572868828968,25.533798997616973],[87.91719201693805,25.528426806469778],[87.91269938589532,25.52727659779704],[87.90586371323296,25.512297052076267],[87.90848248554252,25.509140860563228],[87.90274370524943,25.50479236290561],[87.89718049439043,25.504015716111926],[87.89680486205773,25.510104539975433],[87.8839857825791,25.52057094400913],[87.88544202262158,25.509348967131995],[87.86614221820555,25.496997964665198],[87.86364749605026,25.47939822854053],[87.86877560071487,25.469455988307],[87.86426560254273,25.464398529094982],[87.85945887735754,25.47125676498435],[87.85514355578557,25.471475438788115],[87.8535334190636,25.467190942083885],[87.83918495422046,25.467975205531364],[87.83898316475988,25.46155271158537],[87.83057342453084,25.46191942211959],[87.83034296982953,25.448910974873275],[87.82581046796123,25.446864404050196],[87.8259720551179,25.438213502126523],[87.82138031025492,25.43591963768889],[87.81427080234793,25.43499267119583],[87.80271451610518,25.444059908974516],[87.78704738820538,25.449283577170064],[87.78522651570087,25.437165537330177],[87.78052180230105,25.430740125908855],[87.77343888722137,25.42884143751314],[87.77864404757442,25.410398905021676],[87.77376836501307,25.40999084951147],[87.76687003845294,25.41621092854375],[87.7704973403488,25.405093817670238],[87.76485907704442,25.383899550895528],[87.77612038709056,25.376927117604062],[87.78951558850025,25.376870637534374],[87.78420365079924,25.340132977490125],[87.79277812228847,25.32960738209385],[87.80837405960033,25.327621850006732],[87.82760118222502,25.31173050351899],[87.84713781578759,25.30437414449117],[87.85342071822467,25.290031019176187],[87.85132502322696,25.28011852060281],[87.84524701392981,25.273603979670487],[87.84660861466043,25.264557619430235],[87.83426550843342,25.258739099191992],[87.82950754559847,25.24916360728134],[87.81849243951719,25.241959472988167],[87.78854127933634,25.258420700342626],[87.76278592616711,25.26559880211728],[87.71136704292203,25.2576836124555],[87.7786681323055,25.250543539839658],[87.7727634592306,25.207229193427743],[87.78173847333532,25.176914192036712],[87.77921999972389,25.14362648163881],[87.80071436053125,25.11776126671249],[87.80158809521423,25.104256144492155],[87.79572792827175,25.087319541451294],[87.87667031343533,25.034369633472913],[87.9056440455016,25.003600948331048],[87.93119665969101,24.996607050423055],[87.95376361433746,24.978042179110282],[87.96228739209855,24.93783846183846],[87.9605513097771,24.920890648422986],[87.94741774808381,24.90371767936398],[87.91531312045272,24.88296752990123],[87.89719851279841,24.860467540115366],[87.90683803227834,24.83849246166364],[87.96288823836119,24.752556353696082],[88.02441569371685,24.688135386490416],[88.06165963159744,24.721869055911633],[88.07060618078575,24.74376287978668],[88.06460695194232,24.75122353397011],[88.07334494016946,24.7611586341045],[88.06775959572015,24.764203663044295],[88.06812692402636,24.770616349236104],[88.071172553301,24.77327865456279],[88.07637902070282,24.769824583769008],[88.08798295538483,24.7830529243968],[88.10469929757018,24.77984660011717],[88.10423277549368,24.80095133256838],[88.1106837221777,24.813761848574106],[88.12208655011874,24.82313000674651],[88.12960525501072,24.80567414663071],[88.13541437608549,24.80543691735501],[88.13141860592134,24.83615219267343],[88.13991090581655,24.83422418303281],[88.14107907501204,24.84181168346216],[88.14633840467502,24.843475096830048],[88.14053778705275,24.850010394057705],[88.1491516110396,24.849984344588158],[88.14929139698265,24.853301270881143],[88.15067568646244,24.849714777863177],[88.16105022996574,24.849087833388868],[88.16205443416399,24.858048648487742],[88.1743937854331,24.861046945922542],[88.16515455254883,24.863647969897567],[88.15838887391848,24.872254440115615],[88.1626504564735,24.878073616102238],[88.15180199955557,24.88496378232513],[88.15685119800227,24.8925165783792],[88.15999210888417,24.889127666387537],[88.16886445812831,24.892406657669934],[88.16191395741647,24.893198651732565],[88.1607388595152,24.89729511213191],[88.1539036692482,24.899270167726733],[88.14984455797506,24.909540320031017],[88.13999382391054,24.9140391472984],[88.13749045187735,24.936029718729877],[88.15692739220634,24.93404018591073],[88.15828226186056,24.94119331495231],[88.16209081772963,24.940332668839634],[88.17000107759269,24.950204964129103],[88.17495175690387,24.946392740691092],[88.18265533328467,24.952923499009838],[88.22588711925229,24.959824148366835],[88.25163157495882,24.93342791092371],[88.26324277341824,24.911071492665823],[88.26414554434616,24.89596421483671],[88.25807590375415,24.878311523586795],[88.26608832811617,24.878408068777315],[88.26827029102552,24.891017125001603],[88.27626569860112,24.898127213065944],[88.27755059398629,24.88912704707624],[88.29183783325293,24.890254960962196],[88.30153309858615,24.8864229756781],[88.2973845690096,24.881910722287174],[88.30228946119072,24.87224975226682],[88.3192580341382,24.88459215558072],[88.3211285484436,24.876565021128563],[88.32785317765872,24.871300671120782],[88.34582564488564,24.894223679780126],[88.34271180563316,24.900058975032998],[88.33330474140264,24.898363267313552],[88.33379874653696,24.905737170981215],[88.32695412395945,24.905202934165793],[88.32423854649996,24.91392115885046],[88.32543845766598,24.919089814885805],[88.335980608835,24.91877894519451],[88.33428932909004,24.92722527311935],[88.33769071996326,24.926811011843686],[88.34006760291625,24.940662859711217],[88.3495891205988,24.945155538058266],[88.35410359327935,24.94241215711867],[88.35854536350735,24.951983723796605],[88.36323033912377,24.953638891664838],[88.36636609008269,24.945109359225647],[88.38044577000962,24.939693104323155],[88.39786052717555,24.945612361807424],[88.40086276422872,24.951221962542835],[88.3984762791837,24.959421037776785],[88.3930243291642,24.960819566102966],[88.39458204739272,24.969859943262637],[88.40575959133524,24.972926709493358],[88.40468973286613,24.97944950669373],[88.41607279787094,24.973605214236635],[88.4160225901314,24.98008636646638],[88.41195765508024,24.982820856371564],[88.4184175426963,24.982662442036126],[88.41139376011854,24.986332840545565],[88.41220848357219,24.997981783782617],[88.41951559389229,24.999464812745664],[88.42734121718424,25.012529539095198],[88.42498956251771,25.016245135026768],[88.42968366501742,25.01190833106335],[88.42732873599167,25.00795157024685],[88.43405045466525,25.005754078531574],[88.4366436384639,25.00702338412469],[88.43531802065029,25.01363872411264],[88.43752245222154,25.011535600665507],[88.4422306870173,25.0131088474122],[88.43736407115209,25.01604914030855],[88.44155866453977,25.020117324177857],[88.43859375158834,25.022815354801594],[88.44465844785303,25.0258452565439],[88.44576488302552,25.033498832867018],[88.4526261352156,25.03670160275359],[88.43824138112994,25.043371559219477],[88.43528645025792,25.055613396087274],[88.45306476729746,25.079194505777934],[88.44756645702279,25.083031684823844],[88.44484203025942,25.10291937517367],[88.44813316191471,25.110517871463596],[88.44229932099998,25.115433533000722],[88.44204378803086,25.12723249015445],[88.45777993259566,25.13621161509315],[88.45999430672046,25.14443123310405],[88.4571363202373,25.14702204206493],[88.46081456469459,25.149946851452505],[88.45682901556172,25.153798113924523],[88.45937209672375,25.160164663020744],[88.45688749858171,25.16457926201781],[88.45230392928612,25.16390774073429],[88.44942378944972,25.17077822515626],[88.44147573566602,25.174098531323168],[88.44512277983686,25.180538676296635],[88.44173327008153,25.184997737584816],[88.44287647060371,25.19603296780823],[88.44100419739695,25.201068436892335],[88.43578471520331,25.2002236003614],[88.43726222016518,25.20903210196913],[88.44397170737788,25.2147887709748],[88.43766301341068,25.219263996582495],[88.44877104841143,25.222848704886026],[88.45106651255865,25.237808852900894],[88.4582980458172,25.24728934074047],[88.46082386046115,25.268852611358685],[88.46469625600417,25.271208869627667],[88.45572625539705,25.268822307899107],[88.45377504453135,25.264230893398615],[88.45690315262382,25.26162107491261],[88.44681130355053,25.265113662335647],[88.43943981546565,25.278724519765188],[88.44875599713886,25.308229546425334],[88.4434518190853,25.314466176974666],[88.43331467156551,25.31695497739994],[88.41510379775038,25.31476476975469],[88.42936908129312,25.31172974910357],[88.43036443439085,25.306516672755727],[88.42621181298823,25.3036077662185],[88.39852384318135,25.29399243464842],[88.39339770043729,25.304736239039883],[88.37980885908328,25.28961732256467],[88.36351664747619,25.292573004064124],[88.35775324885273,25.300680037393853],[88.35400594640795,25.297424694825217],[88.33518846812926,25.305308039615515],[88.3316085802124,25.30531632969129],[88.33283634813539,25.298473424698827],[88.32600632318126,25.296148617198025],[88.31556624039149,25.300247493019462],[88.30274346704039,25.299163646221782],[88.30196080625585,25.307028829706574],[88.28867471601717,25.313461672298676],[88.29001202720087,25.31680145511081],[88.28312901242477,25.31718365101342],[88.27460804549217,25.316439628052066],[88.27156452276687,25.302349320986607],[88.2624464384784,25.297165962053278],[88.23639951642247,25.29523476602704],[88.23812157963562,25.305911881795126],[88.21478793894529,25.31331964843932],[88.1934395238289,25.29055812392965],[88.19163183679616,25.280461398333273],[88.18700406949027,25.281669688657033],[88.17843986484645,25.295776697236967],[88.16175359196858,25.30446161404473],[88.15712548689615,25.299081623232574],[88.14537631170072,25.297247836087355],[88.13969500561949,25.27697331325953],[88.15028545650637,25.272188860390223],[88.14153494756084,25.256012563772924],[88.13207168472617,25.254348093309737],[88.1261889314425,25.243289277850597],[88.12679573982365,25.253643341051866],[88.12278474680869,25.256255617212062],[88.12539076932941,25.26568413220566],[88.12032441126416,25.26748968013246],[88.12136604017545,25.271440912214544],[88.09919138250851,25.275202662224387],[88.10923453211358,25.285200818748724],[88.10221758661343,25.289606316161077],[88.11070556022227,25.29504841859372],[88.12492934878541,25.293385255877894],[88.12634371655585,25.298169651589465],[88.12383030405273,25.309374014952127],[88.11403365036497,25.313303459984205],[88.10799669227963,25.326549658768666],[88.11923680118673,25.341983705340727],[88.11478206287931,25.34844008473784],[88.12112601931469,25.35344084119626],[88.12261398336139,25.36520473116296],[88.11726603848888,25.364235881979738],[88.11824418256073,25.370531921939598],[88.09767855758626,25.383307069806353],[88.09820355010633,25.388230155460064],[88.10901502518065,25.394362194167197],[88.1054479723926,25.401568965597026],[88.11548693135688,25.407100284528394],[88.10670251460262,25.402946079648206],[88.10125801251516,25.40471965057917],[88.10003710951757,25.411319566999882],[88.10942438835393,25.417530646026265],[88.09700244238432,25.416931020455163],[88.09328114886196,25.421642546995663],[88.09503967559078,25.42688830052339],[88.1129344304608,25.43524504176946],[88.09909296757753,25.431497887442934],[88.09678205420408,25.443492157162158],[88.08384813499785,25.447435160725366],[88.07274177266012,25.48367870691182],[88.06560821864959,25.489230895747784],[88.05366765828114,25.489960359319486],[88.05037006234906,25.485552843915286],[88.03058447687519,25.49065507434405],[88.0121331698726,25.514257058974103],[88.00195293106692,25.514376549446627],[88.00759049458371,25.497308694839084],[88.00427438167866,25.496290219768216],[87.99714318305081,25.50028295622739],[87.99542539941167,25.511735821188566],[87.98613712300447,25.519181391491074],[87.98484010126128,25.52556548262491],[87.97413525800776,25.52574027940211],[87.9661899566621,25.53630628413769]]]}},{"type":"Feature","properties":{"name":"Murshidabad"},"geometry":{"type":"Polygon","coordinates":[[[87.89764694999158,24.85941893459741],[87.890750420062,24.85518477925332],[87.89966907027255,24.844412004908914],[87.89667318969835,24.829728235462824],[87.90162422653897,24.827458866369362],[87.90025641216153,24.823042122750696],[87.89101602314545,24.826005378913383],[87.88622465555834,24.82293641825598],[87.88536316491268,24.826909046813565],[87.88283737991313,24.82247780020002],[87.88318909460138,24.828797158011263],[87.8787734312122,24.821472233607214],[87.86897597173561,24.824076180724745],[87.87536993828117,24.817311059014553],[87.87483115392659,24.806829681654943],[87.88026944416386,24.804991562857673],[87.8816220168259,24.799005319800134],[87.87851453225574,24.790444497425455],[87.87304622032167,24.794973766317632],[87.86858247101361,24.78900347285893],[87.8690316070961,24.774817351466293],[87.8622332980614,24.77286811477014],[87.86097757995665,24.766443590913553],[87.85431881521816,24.761758700007928],[87.84342441576163,24.76942356693814],[87.83656405649698,24.765868583763506],[87.83595137133723,24.77772936183125],[87.8396280733872,24.776674531582938],[87.84120925201768,24.78879871112557],[87.83495180154753,24.78943879328572],[87.83001664512449,24.77005443900047],[87.8228342362372,24.77008077689176],[87.81797737517768,24.75494473845505],[87.82925075229304,24.753338461940764],[87.8426882526745,24.740273248087945],[87.86567748108153,24.732551282896203],[87.87457650849298,24.732562753822],[87.87872544949794,24.74183113636519],[87.88270702358564,24.741347143162233],[87.89012472011044,24.724912539028267],[87.9077963990409,24.72131161802004],[87.90710791403747,24.713639711568835],[87.90305569284254,24.713790617193062],[87.89953529855036,24.705484085859133],[87.90263670781425,24.705610894887187],[87.89835680681394,24.687208578758632],[87.88858144140177,24.679208766391714],[87.89188837082965,24.674203459115354],[87.91705794697513,24.665761519154064],[87.91574922916698,24.656361051226348],[87.91154161380094,24.65463279616164],[87.91424937322253,24.637069839567705],[87.90578101881951,24.631449821891916],[87.90567049280189,24.614788666914365],[87.89141597197458,24.61340183154383],[87.87779792459403,24.618232149419406],[87.87517845609017,24.61375004698963],[87.89193891184416,24.606363669613174],[87.89125375509887,24.61151693924931],[87.91145615257636,24.610283433434383],[87.91351114401022,24.596769924558235],[87.90881903577042,24.585771627018524],[87.90078283300285,24.586233141742728],[87.89254317260317,24.581382982024785],[87.88909344877439,24.543389982686403],[87.89801187620272,24.540871486293067],[87.92186129359658,24.544523656836112],[87.9261234753279,24.53712058602861],[87.93419225280434,24.535635018710927],[87.9396324573515,24.5258561175038],[87.93780424201783,24.52048202311454],[87.94975973777619,24.516747763281295],[87.94607414779482,24.513046622518733],[87.94374281661328,24.488083950524917],[87.96286262200256,24.48781915971222],[87.96723062976592,24.47690021269892],[87.97347606257419,24.47499958943992],[87.97701137518831,24.462288266634797],[87.97165711246441,24.44870535950527],[87.97870809063907,24.416325381726043],[87.97448361389516,24.414543415723642],[87.97120161271644,24.402923258621563],[87.97299535070945,24.395374170145324],[87.96903146534801,24.380206531405065],[87.97339834392908,24.376904430767564],[87.971618461551,24.373603032687434],[87.95959797447847,24.37557258003209],[87.95531464460869,24.36334919125933],[87.95700800934347,24.34144656914183],[87.96355690652946,24.334541030909207],[87.97736508054322,24.33826507909974],[87.99309496744374,24.330028077753173],[87.99105743386912,24.327763956641498],[87.99789252262653,24.318453325569976],[87.99185457280112,24.314156448538853],[88.01731554625512,24.31035325445431],[88.01431845205693,24.298156219540385],[88.01789748298098,24.29025479626174],[88.01339823584621,24.283669635871995],[88.01803876731394,24.28289709341295],[88.01652078067211,24.268995033017706],[88.0249901052556,24.262424187571963],[88.02155483082815,24.2511815747592],[88.02498258276344,24.247991245095502],[88.0205599277864,24.24318686011899],[87.99758642259175,24.243417164471133],[87.99803683697692,24.226668662417353],[88.00657533004066,24.22448501952491],[88.00648910075654,24.219204984082563],[88.0020817449871,24.219079779993063],[88.00408356963086,24.215198747743102],[87.99532467581047,24.208945915229158],[87.989193989305,24.2139502479305],[87.98932346438521,24.204914649935432],[87.98323063917405,24.202322034816824],[87.99148092484688,24.200702885927498],[87.98597985854094,24.201090724477258],[87.98525277562469,24.190232130708885],[87.95754909608013,24.18908449073015],[87.93035003436664,24.199738062155866],[87.92175438689124,24.194099935087383],[87.91977173229567,24.18685671117369],[87.93573740539867,24.180166354449923],[87.93252131271402,24.175108190857927],[87.92875213539376,24.176262153794386],[87.92852827073338,24.171634871423787],[87.92583226307238,24.173157530726474],[87.91357693751998,24.161897980771418],[87.9061207993892,24.16545951404134],[87.89911258461531,24.162219228094592],[87.90274970689384,24.154723231668],[87.89704643161407,24.15300648933815],[87.89965701218652,24.149432151927748],[87.89666464582169,24.144873637214022],[87.90905692492905,24.14275035055871],[87.909792150175,24.134080310274854],[87.89117836309035,24.114547161869435],[87.8957715057319,24.11325477654019],[87.89542533544558,24.104797259495147],[87.90789404052238,24.10685689220613],[87.91316951560599,24.098422890683484],[87.9121376666532,24.091909768787616],[87.90069554191005,24.09002359794328],[87.89548400621341,24.078717968194233],[87.89495640588412,24.067124913259654],[87.89942109033836,24.06022708604516],[87.89764355166487,24.04379667963982],[87.87605529804574,24.040208791915536],[87.87471072757623,24.032397362218454],[87.86091907897041,24.024800701987214],[87.86179595146868,24.020481161288586],[87.86998064395611,24.017709318125803],[87.86997601493748,24.01309836248506],[87.86456081589456,23.999916338907624],[87.85769196305887,23.998802415832987],[87.85987468863794,23.977243803244935],[87.84906123277838,23.97503154864313],[87.84853098870721,23.96935468818729],[87.86462090689886,23.95907181135356],[87.86124586540949,23.946721020274303],[87.86781616495713,23.943796718907347],[87.86770083564771,23.938684176074258],[87.86107465729616,23.929871184695266],[87.86668486441755,23.919834914000127],[87.84524452200318,23.916176195909987],[87.84312196468358,23.90987536830003],[87.84322936276736,23.905028103576555],[87.84843408743751,23.90219292963866],[87.84588642756252,23.893677490947734],[87.8486648763121,23.887890930051242],[87.86383955855295,23.878392254262998],[87.85808422949569,23.875690519822577],[87.85585500442261,23.868210232229536],[87.86866011779351,23.87000563569591],[87.87183102521938,23.85602259268317],[87.87602109738624,23.853939440021236],[87.8774697790039,23.85830093680723],[87.88673788823301,23.861715538653286],[87.89071475425031,23.83952380107178],[87.90312699841483,23.837711949907845],[87.90742716091638,23.845080070409978],[87.92624147263375,23.840560536631678],[87.93535300640714,23.83324035928237],[87.9298397526577,23.82671054672137],[87.94717414294504,23.81895855812574],[87.95613499061774,23.80873960612321],[87.96675293624052,23.809510508457965],[87.96633686714365,23.824090576418143],[87.97420961515711,23.83284345461799],[87.965725803443,23.836236700870867],[87.96969395670035,23.83994520226262],[87.96620962437693,23.84173604036438],[87.96803768699696,23.84463830842738],[87.9748975351202,23.840836179615863],[87.97945543056498,23.844670501905316],[87.98734584844006,23.84108151994028],[87.99783837218119,23.84326347217293],[88.00083267261883,23.83979586542096],[88.01055569948758,23.844608872364557],[88.01796320103225,23.837202123070124],[88.01898149710232,23.828552813848557],[88.02433281514874,23.8286734536618],[88.03024385997396,23.817452316513506],[88.0268585489443,23.809338352074246],[88.03147088588855,23.804669139423286],[88.03096121952557,23.79483631274367],[88.04571591960814,23.790081085007483],[88.0494831341095,23.780705725241805],[88.05977283532751,23.780652652408],[88.05869489651243,23.771947317091822],[88.04144936397971,23.77334853810669],[88.03672048679702,23.76053241657646],[88.03991924109839,23.74708740834427],[88.05192035869673,23.74027628081875],[88.05255332512066,23.727007506358934],[88.06036142138312,23.722722226240705],[88.06503685599291,23.72605429717699],[88.08143853719886,23.72295145485726],[88.0945535639529,23.73900737742475],[88.09490389972719,23.75158807010042],[88.10261373197564,23.75381762490292],[88.11594337164094,23.748817142059224],[88.12418186333244,23.751243536268824],[88.13199148673087,23.741886111624225],[88.12827436318807,23.73989317165686],[88.13193707397748,23.73407661703371],[88.13842448687213,23.73766528295515],[88.144867760147,23.733614251284838],[88.15494016698257,23.736688375918174],[88.16246722530839,23.755490458244104],[88.17823599578597,23.7583604344002],[88.18772097718927,23.77040642933679],[88.19516141546379,23.76437211833304],[88.20489457892224,23.768517453248872],[88.22024865921688,23.758099976464536],[88.232544628146,23.759278631474025],[88.24121512414919,23.767025539490803],[88.23550562713775,23.784646536765926],[88.23702790952326,23.801407524099638],[88.25672200068719,23.802278123855274],[88.26974341670041,23.811522841866346],[88.2935137805526,23.804470801766957],[88.29511142979383,23.811020967917617],[88.33453878136295,23.807996849962624],[88.34884466516327,23.82096562697419],[88.352552021324,23.8301721300033],[88.36841955527883,23.823797988252277],[88.36894598151007,23.81728439313539],[88.37712638454202,23.81416613471829],[88.38465374739668,23.814593147550944],[88.38630730778124,23.822241882056932],[88.4085201420511,23.820897991211297],[88.40774941269017,23.81227382835539],[88.41219790590974,23.806978758218605],[88.40976742228041,23.8057563879716],[88.41407427363754,23.804071257948834],[88.42248824672821,23.81127387223462],[88.43539279641455,23.84167311860332],[88.44769137405125,23.85516837090814],[88.45276148617606,23.853403181742365],[88.45634095727463,23.839188337435722],[88.45538552800306,23.820265743908443],[88.46218496262682,23.818210835900306],[88.47837857065677,23.831299067874948],[88.4735636537345,23.841233491190206],[88.47498627073418,23.86625090353761],[88.4629167913427,23.890368274371994],[88.48548506202106,23.899390592849574],[88.50015048842903,23.88758076328833],[88.51004203116025,23.89596083535809],[88.50334242272072,23.90706638501766],[88.46306764003847,23.921890162499174],[88.45809670012437,23.929507758621206],[88.4725494018798,23.940405635143016],[88.49016325356048,23.93871963360608],[88.49762001602033,23.9505519622728],[88.50765916273254,23.949510201181884],[88.51150002022257,23.957234779666074],[88.52369342759738,23.95239609108364],[88.52138088108674,23.97388974460039],[88.5118153944643,23.99145539819173],[88.51780141717472,23.99544449356795],[88.5352122208551,23.993538991375157],[88.54333834318598,23.998750106166177],[88.5498841043533,24.0224897855622],[88.54991247764156,24.039010114232557],[88.55996256313895,24.04015562455072],[88.58075572059509,24.03093911940688],[88.5900444542448,24.02146563935076],[88.59587800500371,23.999546927452755],[88.61459121852236,23.982831136306977],[88.62841575445074,23.98454376319726],[88.64950422766661,24.010550746760874],[88.64545691217147,24.0212084913642],[88.63228666777353,24.023791590979652],[88.63026684178982,24.02926527809615],[88.6434495557022,24.04698202605572],[88.64961651887376,24.06835046198303],[88.65637969479772,24.073019482636763],[88.68065126917112,24.077228069328736],[88.679383691508,24.082364609180402],[88.66566927016883,24.08268855024379],[88.66791412952114,24.08641781900065],[88.70098990694127,24.094701064696924],[88.70120180604206,24.10821358110932],[88.69458696173446,24.110876788568426],[88.69709891178026,24.11907410218621],[88.71370354846005,24.1228685740386],[88.74649539536833,24.147248239841286],[88.74038468110659,24.1636122013453],[88.73160827732465,24.174338562555075],[88.73485649196726,24.22397105099626],[88.74128909505316,24.254030118288988],[88.72605206793497,24.29630018599786],[88.68345419611391,24.32437009958799],[88.65179007265375,24.299501912114916],[88.64851155783663,24.310798007462868],[88.62868873360094,24.305566520625952],[88.6232160316001,24.315393941176893],[88.59793679451458,24.311124394450808],[88.58764870038266,24.314739617381793],[88.58645895185742,24.324459710890128],[88.56718016442579,24.326265131880227],[88.55919595884178,24.30812753312683],[88.52530666081216,24.315372145200726],[88.4960623274362,24.328767629538202],[88.47928815530612,24.353442205695334],[88.4408530962746,24.371765407961448],[88.42233762350955,24.374893785797134],[88.40050091564575,24.389186980513557],[88.38251774589052,24.395592548328423],[88.36403194178439,24.41002930495981],[88.33491564169262,24.443090506153737],[88.27781408243554,24.459443180060937],[88.24304227677585,24.461103760885052],[88.208026970182,24.476262379202744],[88.19158591402051,24.47546513102492],[88.1831282091452,24.489371297521487],[88.13306753459224,24.509816794856732],[88.12137986973924,24.520832501641735],[88.10655572539363,24.554510064708417],[88.11046832413886,24.56427768282733],[88.10883295463888,24.577611470969213],[88.09687249658688,24.593475994108417],[88.0877745821715,24.61673254382657],[88.07737979962486,24.631198669205343],[88.06062278172344,24.640298014977336],[88.05074069915048,24.652554209705297],[88.0539099824223,24.661753117719964],[88.04868117661434,24.670754735947693],[88.01726735972494,24.69448767889082],[87.96288823836119,24.752556353696082],[87.90683803227834,24.83849246166364],[87.89764694999158,24.85941893459741]]]}},{"type":"Feature","properties":{"name":"Birbhum"},"geometry":{"type":"Polygon","coordinates":[[[87.8123134559888,24.57884592045429],[87.77168511886859,24.58374679436591],[87.77059843046266,24.570828896784263],[87.7780848948191,24.57418614094218],[87.791423197837,24.57209361621353],[87.80263650640595,24.56203685979592],[87.80881307166958,24.5474819119207],[87.8054441180629,24.542514840013325],[87.7993511563078,24.543838748280585],[87.79909845932006,24.525823111478644],[87.80374758766509,24.518031657030157],[87.79804883989432,24.509224697602267],[87.8027742909025,24.509348853915352],[87.80340258069707,24.505724042637524],[87.79420572493797,24.501338485571964],[87.80216615031976,24.494432691470383],[87.80632105344327,24.50061495913765],[87.80438469083089,24.511128459756694],[87.80984522874449,24.514190247162194],[87.81639793568557,24.500614933797383],[87.81218226602473,24.498867639623032],[87.81147808924993,24.492206470123868],[87.82265536908774,24.494584350552415],[87.82399469429429,24.500185295296],[87.82832124750225,24.497732233947396],[87.8269676875917,24.488482794829334],[87.81654464674116,24.489740676725454],[87.81068026759831,24.477083616701545],[87.82263950753476,24.470968064082633],[87.82383048944688,24.458417315420117],[87.81919654263015,24.457385908988222],[87.81982793071411,24.454329927546112],[87.80342047603585,24.4542916602859],[87.80016243202742,24.44614477378102],[87.80398864967327,24.44123860343626],[87.79485336264712,24.43649140542813],[87.79564040721027,24.422037321899904],[87.78951502166332,24.42043475719429],[87.78871148223493,24.414957040719894],[87.79957292699528,24.41219964411433],[87.79989833721534,24.40906408074208],[87.80636961996076,24.420138145764103],[87.81228874782694,24.414163955971134],[87.80966823278575,24.40538153589797],[87.79418814760284,24.39966552964507],[87.80107181635248,24.382533142683307],[87.79321067726744,24.38215913576836],[87.78699268709279,24.363731623540296],[87.76454757274492,24.339823164869788],[87.76278589203116,24.330430416684873],[87.76938586203428,24.328166330592158],[87.77070147081902,24.322442762254266],[87.76309676391666,24.321478731014395],[87.76146693612367,24.308251712971845],[87.75474882149098,24.309842962577253],[87.7465322819301,24.29849496923549],[87.73011742423557,24.28852284551429],[87.71315086351433,24.293941073665884],[87.713413734821,24.28284018499167],[87.70724941808623,24.276375308659915],[87.70933653956287,24.270793123664287],[87.70596893432743,24.26044065355838],[87.70014026591207,24.26282486379812],[87.69112298786987,24.25856711565489],[87.68472282294886,24.246286078603557],[87.66214151052918,24.24534745272765],[87.66239808015412,24.23785010081678],[87.65831055337192,24.23595319183375],[87.64687816277319,24.251997248050607],[87.6386139621966,24.25404623585781],[87.64149597412204,24.247323591743577],[87.6359032446228,24.24184683551505],[87.64615667546286,24.2301528744866],[87.6383678211138,24.214723567274184],[87.65581093360169,24.207613673491178],[87.6744019843265,24.207550573353124],[87.67692337836093,24.194633176902535],[87.69841241844684,24.187291267073437],[87.70206465667665,24.174539039822356],[87.69582082466623,24.161247945653145],[87.69512443089505,24.149163788873572],[87.68802234666553,24.151159204738857],[87.6844349721891,24.142884930314487],[87.672754925948,24.141901960529825],[87.67546540097669,24.15132443592343],[87.66674289072193,24.15316854600271],[87.66444196751274,24.15741445097408],[87.65318632673439,24.158460585720736],[87.6418581586749,24.15282373651166],[87.63070320466684,24.164223181912185],[87.60806079962134,24.16595894534588],[87.60595756506348,24.16043994254106],[87.58873073635331,24.160308757314517],[87.585233010149,24.16390784978896],[87.57997481595648,24.159213303161607],[87.57583179574759,24.160968709722923],[87.57817259337561,24.155355791274324],[87.61023396802408,24.13242437847674],[87.601980242702,24.126830354032297],[87.5851890825316,24.124158993827493],[87.58325392635665,24.11411402787738],[87.57441739024792,24.111880530455917],[87.57474470399809,24.09927982086156],[87.5808957651925,24.08756871568277],[87.57208393005916,24.08949022465555],[87.55883617362863,24.08144673344929],[87.55424224226623,24.088336724229233],[87.54302578959381,24.0857758662137],[87.53396322118994,24.09715191188605],[87.53191936527234,24.107256701081404],[87.5234893356943,24.1054794024923],[87.52124702845575,24.11299257149209],[87.51100456155372,24.110787354867636],[87.49754164783286,24.117876696999474],[87.49554252262652,24.112391796936947],[87.50030262794346,24.10168252095361],[87.49616773658953,24.099577465549196],[87.49646478250455,24.09390946696194],[87.48960336232955,24.09030981261021],[87.5110513035929,24.08286381219558],[87.50087844804055,24.072778334740526],[87.49271026838468,24.076977698443685],[87.49048339959256,24.07087923820261],[87.497320594001,24.063405781876135],[87.49328161397338,24.054142985465578],[87.51000528820806,24.047512828775428],[87.51195634636018,24.03609891359322],[87.50190661390067,24.028744017501626],[87.50237254129244,24.024659979870737],[87.49714400318244,24.02539967077675],[87.49063482770171,24.017797643361583],[87.4763461430458,24.01204420361411],[87.47271298593093,24.0160386179152],[87.46127661220224,24.013020620179933],[87.45986181413879,24.018823437701315],[87.43793406561419,24.01295368800721],[87.43820569908812,24.00899683579889],[87.44858673291935,24.01131511079296],[87.4490576306896,24.008179616305835],[87.44380252310842,24.006803989296483],[87.44511308336125,24.001968051981972],[87.46070561875314,23.996358148621336],[87.46000803291757,23.984197860766987],[87.44972716842705,23.988758629081932],[87.43945007057252,23.981815706946353],[87.42903692466481,23.986794764711426],[87.42730958654434,23.99290036585726],[87.38037755278484,24.004012230998413],[87.36060098280313,24.012848343287594],[87.35136835073956,23.998526715804626],[87.32916942239027,23.998738681760337],[87.3190559230203,24.007891609294102],[87.32648438226055,24.017657766119573],[87.33618820494513,24.02090637763839],[87.336112494933,24.025820097263416],[87.33946652842111,24.026110769261532],[87.33696986141324,24.034019402332415],[87.29164216215729,24.033146156501754],[87.28820947218288,24.02852812992052],[87.24538545667556,24.045068590882742],[87.23442582874962,24.032494919669354],[87.23369085143868,24.024457331514554],[87.2456184230664,24.015936862347473],[87.24089722827604,24.011909458560172],[87.24768567380893,23.998738634982722],[87.25264676189929,23.996779539139013],[87.26279693858397,24.003617929324236],[87.26790878823354,23.98912137195155],[87.26654016716894,23.98197917833823],[87.26193419748341,23.981339817528387],[87.26242767889993,23.96725476921284],[87.29294813561229,23.959070472445035],[87.28933916563643,23.949494059199825],[87.2911730951536,23.943429910883285],[87.2846165964237,23.938212580778817],[87.28457067095309,23.92188226632825],[87.29512721403127,23.901260346230714],[87.28950121812044,23.89905095277462],[87.29060827492712,23.893410124439978],[87.28284107806124,23.885936862019847],[87.2795939342105,23.887902740460916],[87.2752625184219,23.884354744370956],[87.26947663406858,23.874445632298045],[87.25896367275641,23.881684587631746],[87.26203191442339,23.883932381223566],[87.2578204749292,23.89813260119003],[87.25268580088492,23.899740513761692],[87.25860198497186,23.902635166241947],[87.25779817604892,23.90845332383197],[87.25183321973023,23.91275359305052],[87.2461958224018,23.908752468042465],[87.24099563332553,23.870436351877498],[87.2485548917627,23.868554663678175],[87.24410365778319,23.857160585885254],[87.25578383338166,23.843857271924897],[87.24066791892673,23.825832057563588],[87.22831450273517,23.8253659313432],[87.21740400277379,23.829879915471164],[87.22345034376228,23.84572314666628],[87.23041876766068,23.845719417275415],[87.23765689365513,23.854779451717153],[87.23386924427767,23.85650133884357],[87.22095183700468,23.860449554372664],[87.22037262037746,23.853253196564214],[87.2143948936087,23.850785183585476],[87.20583083449196,23.85651438857139],[87.20324416797068,23.84784668993004],[87.19712961790268,23.850058587544254],[87.1893532690007,23.842372098208195],[87.18764099293257,23.84856205046696],[87.19671934114275,23.857935419165052],[87.18779440452185,23.859500100352097],[87.18090973325235,23.852887850360332],[87.17446069369169,23.854656440477136],[87.16488916679728,23.86514460845862],[87.12941783943259,23.86893614896234],[87.12995233882326,23.853553469089498],[87.1393742279509,23.84820695467739],[87.15404256849362,23.829315108327002],[87.1589546211459,23.831423711035438],[87.16726300535973,23.825119299061964],[87.14955982880049,23.796738997874563],[87.14022972863025,23.804984079286925],[87.12251583696629,23.796197843525142],[87.11214738943052,23.798975937275994],[87.11208518648696,23.80477408932663],[87.11869115903284,23.8039200560287],[87.11618841492205,23.807325725920336],[87.10306338991889,23.804410487886265],[87.09646018418411,23.81389876024683],[87.08920875773354,23.814156257933725],[87.08945875348724,23.80313138796403],[87.09715634349499,23.79329186752921],[87.10612743465686,23.78906301232197],[87.10605616322054,23.781372283071963],[87.11152747462934,23.774913008573996],[87.12719662284026,23.76690917587492],[87.12893919279466,23.760710485705424],[87.15344263941094,23.749299871783474],[87.20874104363585,23.75005037001192],[87.22402764338467,23.737941942710226],[87.24546900269195,23.747922928635216],[87.26368613147636,23.74920255356639],[87.2697576540389,23.74761858672199],[87.27841439054689,23.728936344680594],[87.28702420714926,23.725847710322693],[87.29456847180602,23.727143091819027],[87.30566252542772,23.722205980090333],[87.31347445390315,23.724783142561208],[87.33200154996965,23.71786090120943],[87.3432442056006,23.723623754386377],[87.35271357787752,23.72265232544633],[87.35997719446648,23.71714381037205],[87.36120390237744,23.707974572286673],[87.36939442313444,23.700120308971897],[87.39096530782757,23.697340800594116],[87.40904363612084,23.686903495906254],[87.41734017694598,23.674237155134342],[87.41085032153205,23.654934249687457],[87.43465992918574,23.63617467049495],[87.44652692561726,23.61450341052936],[87.47334247677301,23.614176031204963],[87.48842963256246,23.602671365498093],[87.50059656209427,23.602655368914622],[87.51823695899158,23.61955318915838],[87.52724968976185,23.61861604408383],[87.5298808489408,23.612137419002504],[87.53721224521459,23.608539135932205],[87.55619261051218,23.607283309931148],[87.56756623691828,23.59863296347475],[87.58072037092992,23.595477024374485],[87.6085412896022,23.601932167865566],[87.61421850026402,23.60522731014674],[87.6157239931369,23.6119486838519],[87.6222148411892,23.614262375345454],[87.63898998080484,23.60427177787803],[87.64660660385942,23.604291833245128],[87.65648542375126,23.6072874675957],[87.66639409915162,23.61975190364304],[87.67453778983453,23.61969805255282],[87.68669244658294,23.607868394350103],[87.70801623708076,23.61927593538827],[87.71693951900491,23.61323222748536],[87.73064361331156,23.589442422712615],[87.74310857780351,23.593163855064592],[87.75839078119733,23.590018201730373],[87.76745087114934,23.580814962361583],[87.78053088516685,23.583773506300634],[87.78242062341937,23.574911380581916],[87.79481444852733,23.5725316156464],[87.80393510109919,23.55998902182646],[87.81233922595938,23.567472123769033],[87.83648261343669,23.569149315513407],[87.8430034427616,23.56389429274005],[87.84470527142298,23.5511719500435],[87.86227946697544,23.548404991848596],[87.87212989381611,23.557336808515533],[87.88266330347906,23.55023601624013],[87.88228305650078,23.558302460088036],[87.88759908423127,23.561159046579682],[87.89447965828474,23.544345453872268],[87.89943194378363,23.542793492834605],[87.90889067461772,23.548709011857305],[87.91652048763562,23.566362658219187],[87.92919835734149,23.57014565206971],[87.93044800912311,23.589767001362183],[87.94546573053096,23.59576067048469],[87.94940567399348,23.62215925472628],[87.95917816659338,23.63109472492058],[87.95261302966368,23.638058712141827],[87.94355320830795,23.64067437101044],[87.94302849965554,23.644773572654913],[87.93502408646924,23.64656832054716],[87.93623086795054,23.663010014986696],[87.93015187140486,23.65889863607881],[87.92587970040756,23.665336499211296],[87.9111236438689,23.663417307726874],[87.91516467385203,23.668432769147877],[87.90970589394144,23.671934169360306],[87.91993572244573,23.675065805201594],[87.92198423792468,23.680811518787085],[87.91345518345959,23.686436606242722],[87.91815888176318,23.695973786621153],[87.91055911559492,23.70502749931213],[87.91005082006107,23.717292435258937],[87.91762628500427,23.718237577046203],[87.91993832576341,23.714765319522645],[87.91719829795852,23.729511563312162],[87.9343940943672,23.72902130382593],[87.93632846810954,23.73999295633365],[87.94491341664991,23.740709188811227],[87.94657411864092,23.748264060562967],[87.95390765649832,23.74988413558801],[87.95587563621545,23.755905781406284],[87.94736287090142,23.756302329986624],[87.94642851520811,23.764019723233822],[87.93875217754334,23.763929599970332],[87.93876472880447,23.774433787139138],[87.94953865609656,23.776733249832994],[87.95569270778257,23.785636167867924],[87.95812037788842,23.802715228503267],[87.96675293624052,23.809510508457965],[87.95613499061774,23.80873960612321],[87.94717414294504,23.81895855812574],[87.9298397526577,23.82671054672137],[87.93535300640714,23.83324035928237],[87.92450566609509,23.841277588093647],[87.90742716091638,23.845080070409978],[87.90312699841483,23.837711949907845],[87.89071475425031,23.83952380107178],[87.88673788823301,23.861715538653286],[87.8774697790039,23.85830093680723],[87.87602109738624,23.853939440021236],[87.87183102521938,23.85602259268317],[87.86866011779351,23.87000563569591],[87.85585500442261,23.868210232229536],[87.85808422949569,23.875690519822577],[87.86383955855295,23.878392254262998],[87.84742544196851,23.889780516176554],[87.84843408743751,23.90219292963866],[87.84322936276736,23.905028103576555],[87.84381538053958,23.914280432534042],[87.8613998779717,23.921189991317732],[87.86668486441755,23.919834914000127],[87.86107465729616,23.929871184695266],[87.86730208427284,23.93641749048333],[87.86781616495713,23.943796718907347],[87.86124586540949,23.946721020274303],[87.86462090689886,23.95907181135356],[87.85940822585023,23.95957916720265],[87.858978254426,23.965549683677473],[87.84949455851189,23.967124222771304],[87.84873027725806,23.974126270554663],[87.85987468863794,23.977243803244935],[87.85769196305887,23.998802415832987],[87.86456081589456,23.999916338907624],[87.86997601493748,24.01309836248506],[87.86998064395611,24.017709318125803],[87.86119588674035,24.021097564864302],[87.86126062203468,24.02595903109082],[87.87471072757623,24.032397362218454],[87.87605529804574,24.040208791915536],[87.89764355166487,24.04379667963982],[87.89942109033836,24.06022708604516],[87.89495640588412,24.067124913259654],[87.89600439486762,24.08049414538296],[87.90325996794154,24.09236764452257],[87.9121376666532,24.091909768787616],[87.90963550824395,24.105434434901287],[87.89542533544558,24.104797259495147],[87.8957715057319,24.11325477654019],[87.89117836309035,24.114547161869435],[87.909792150175,24.134080310274854],[87.90905692492905,24.14275035055871],[87.89666464582169,24.144873637214022],[87.89965701218652,24.149432151927748],[87.89704643161407,24.15300648933815],[87.90274970689384,24.154723231668],[87.89911258461531,24.162219228094592],[87.9061207993892,24.16545951404134],[87.91357693751998,24.161897980771418],[87.92583226307238,24.173157530726474],[87.92852827073338,24.171634871423787],[87.92875213539376,24.176262153794386],[87.93252131271402,24.175108190857927],[87.93573740539867,24.180166354449923],[87.91977173229567,24.18685671117369],[87.92175438689124,24.194099935087383],[87.93035003436664,24.199738062155866],[87.95754909608013,24.18908449073015],[87.98525277562469,24.190232130708885],[87.98597985854094,24.201090724477258],[87.99148092484688,24.200702885927498],[87.98323063917405,24.202322034816824],[87.98932346438521,24.204914649935432],[87.989193989305,24.2139502479305],[87.99532467581047,24.208945915229158],[88.00408356963086,24.215198747743102],[88.0020817449871,24.219079779993063],[88.00648910075654,24.219204984082563],[88.00657533004066,24.22448501952491],[87.99803683697692,24.226668662417353],[87.99758642259175,24.243417164471133],[88.02245741849977,24.243534998196143],[88.0249901052556,24.262424187571963],[88.01652078067211,24.268995033017706],[88.01803876731394,24.28289709341295],[88.01339823584621,24.283669635871995],[88.01789748298098,24.29025479626174],[88.01431845205693,24.298156219540385],[88.01731554625512,24.31035325445431],[87.99185457280112,24.314156448538853],[87.99789252262653,24.318453325569976],[87.99105743386912,24.327763956641498],[87.99309496744374,24.330028077753173],[87.97736508054322,24.33826507909974],[87.96355690652946,24.334541030909207],[87.95700800934347,24.34144656914183],[87.95531464460869,24.36334919125933],[87.95959797447847,24.37557258003209],[87.971618461551,24.373603032687434],[87.97339834392908,24.376904430767564],[87.96903146534801,24.380206531405065],[87.97299535070945,24.395374170145324],[87.97120161271644,24.402923258621563],[87.97919254308864,24.42081443120764],[87.97165711246441,24.44870535950527],[87.97701137518831,24.462288266634797],[87.97347606257419,24.47499958943992],[87.96723062976592,24.47690021269892],[87.96286262200256,24.48781915971222],[87.94374281661328,24.488083950524917],[87.94884426287352,24.51865323977369],[87.93780424201783,24.52048202311454],[87.93636225644231,24.53314393058731],[87.93083356514474,24.538141236588693],[87.9261234753279,24.53712058602861],[87.92186129359658,24.544523656836112],[87.88958029074261,24.542862454200083],[87.89045407483293,24.565257874003954],[87.8688400189039,24.564297447203767],[87.86887923665425,24.558535462320297],[87.86526334515915,24.556822383685706],[87.85218723701648,24.56074411420765],[87.85199298891267,24.553935850040833],[87.84096689913045,24.558784235342994],[87.827761476706,24.557818067336882],[87.82646281284248,24.569448874063642],[87.8123134559888,24.57884592045429]]]}},{"type":"Feature","properties":{"name":"Nadia"},"geometry":{"type":"Polygon","coordinates":[[[88.72420137226139,24.104327897556296],[88.71491438763154,24.102831132954528],[88.70366469998855,24.094650694951596],[88.66791412952114,24.08641781900065],[88.66594722239249,24.082188504275816],[88.679383691508,24.082364609180402],[88.68119580004858,24.07800445290792],[88.65088245890811,24.06992572845982],[88.6434495557022,24.04698202605572],[88.63028457004194,24.030583496225],[88.63228666777353,24.023791590979652],[88.64651083722237,24.020148061256013],[88.64950422766661,24.010550746760874],[88.62681733086173,23.98376201085864],[88.6128249797568,23.983673105786092],[88.59587800500371,23.999546927452755],[88.5900444542448,24.02146563935076],[88.58075572059509,24.03093911940688],[88.55996256313895,24.04015562455072],[88.54991247764156,24.039010114232557],[88.5498841043533,24.0224897855622],[88.54333834318598,23.998750106166177],[88.5352122208551,23.993538991375157],[88.51780141717472,23.99544449356795],[88.5118153944643,23.99145539819173],[88.52138088108674,23.97388974460039],[88.52369342759738,23.95239609108364],[88.51150002022257,23.957234779666074],[88.50765916273254,23.949510201181884],[88.49762001602033,23.9505519622728],[88.49016325356048,23.93871963360608],[88.4725494018798,23.940405635143016],[88.45809670012437,23.929507758621206],[88.46306764003847,23.921890162499174],[88.50334242272072,23.90706638501766],[88.50978525851608,23.897395754044776],[88.50783219442593,23.891803310137803],[88.50015048842903,23.88758076328833],[88.48548506202106,23.899390592849574],[88.4629167913427,23.890368274371994],[88.47616290475459,23.861167415094663],[88.4735636537345,23.841233491190206],[88.47835498808395,23.832010690499274],[88.47654548016608,23.82880384495069],[88.46950864596558,23.826776682221137],[88.46218496262682,23.818210835900306],[88.45682326454728,23.81863649917389],[88.45336227135326,23.851852516438317],[88.44769137405125,23.85516837090814],[88.43539279641455,23.84167311860332],[88.42248824672821,23.81127387223462],[88.41407427363754,23.804071257948834],[88.40976742228041,23.8057563879716],[88.41219790590974,23.806978758218605],[88.40774941269017,23.81227382835539],[88.4085201420511,23.820897991211297],[88.38630730778124,23.822241882056932],[88.38465374739668,23.814593147550944],[88.37712638454202,23.81416613471829],[88.36894598151007,23.81728439313539],[88.36841955527883,23.823797988252277],[88.352552021324,23.8301721300033],[88.34884466516327,23.82096562697419],[88.33453878136295,23.807996849962624],[88.29511142979383,23.811020967917617],[88.2935137805526,23.804470801766957],[88.26974341670041,23.811522841866346],[88.2512102372428,23.800735359980496],[88.23845462553561,23.80287570208217],[88.2347098123225,23.795223153744196],[88.24098301025958,23.766134096778913],[88.232544628146,23.759278631474025],[88.22373511336103,23.757847938042755],[88.20489457892224,23.768517453248872],[88.19754420843303,23.76694698240779],[88.19360518035381,23.757436185276507],[88.19558530888682,23.74422760767518],[88.19175817675601,23.738215851241915],[88.2010749099948,23.729723883654245],[88.21527954018788,23.729053437134933],[88.22726482947093,23.72286066580678],[88.23304752121174,23.7176098796063],[88.23225658694342,23.711232579590583],[88.22848447842038,23.707676921935054],[88.21573000128542,23.708589009696652],[88.1814492309297,23.71681985768445],[88.16512729586645,23.71320061663194],[88.14619655170854,23.691492769444633],[88.13470426324328,23.664623084827813],[88.13682835039384,23.654433155531134],[88.14747994690718,23.6463528293244],[88.1537009913538,23.63112464133016],[88.16622217780612,23.62249568566764],[88.19548695144806,23.622630122000594],[88.2190880583277,23.606848087084884],[88.22779146500963,23.611028357398002],[88.22844741662671,23.61600165335006],[88.25248799191978,23.619312049680463],[88.25385791374491,23.61637855612741],[88.25747548868284,23.61989572647281],[88.27559637645933,23.596389539929287],[88.27772659371338,23.606162423129387],[88.28098618551905,23.606340848515924],[88.27996222197781,23.59257851158002],[88.28600809045247,23.588122738209602],[88.2828323042763,23.582433043332383],[88.28649779714816,23.577539036632952],[88.31498506453862,23.591201292078605],[88.32112304446586,23.574941086687396],[88.29476943847024,23.563304253735474],[88.27523189491427,23.561191356998584],[88.27488530421641,23.53795597900687],[88.29139575164034,23.540348488767684],[88.29759859621932,23.545038664706407],[88.3075429643808,23.543072642572966],[88.31780286578585,23.546734063332806],[88.31528926283991,23.548416082005687],[88.31907741078234,23.551396703012234],[88.32708473001861,23.547385684902096],[88.34628622011496,23.549108996328442],[88.35497594096354,23.544288905239597],[88.35698801987627,23.546789296581913],[88.36366471498783,23.530229975955432],[88.38683435923988,23.505537298265903],[88.38745083169685,23.497201265751414],[88.36314178410137,23.480990480179102],[88.36600032035349,23.472199613373185],[88.35612207538342,23.465545882676537],[88.36858522797343,23.461186736809257],[88.3669415580402,23.458412682346427],[88.33840124603051,23.45734181535313],[88.33947559068612,23.450641509876153],[88.34531668010692,23.446553878114038],[88.34200969678015,23.435776162795566],[88.34814610106237,23.43621526740362],[88.35116112653192,23.43102288665734],[88.32797525331594,23.419431928836858],[88.33042963752175,23.414141459764505],[88.34564234365193,23.415694185934477],[88.35685765726056,23.406847167113206],[88.35368116770351,23.391261252898275],[88.33164098603797,23.370863789591056],[88.32886109010245,23.36264922533786],[88.3302404514246,23.354244281828795],[88.34351033066561,23.346189725235323],[88.33761223236027,23.339668012167436],[88.33086066805967,23.341559221261715],[88.33234594075381,23.334499825783265],[88.32901560392456,23.329451684011087],[88.33599138053356,23.329430027003735],[88.32628016920573,23.322226335174662],[88.32575070127896,23.314742081694988],[88.34833905738878,23.290274668307173],[88.33373541890268,23.292776073320816],[88.33013444213621,23.281152085390453],[88.34920338491412,23.28033418549902],[88.36257315322149,23.253634194038856],[88.34944010536451,23.23979410845566],[88.38825626207894,23.216057385414246],[88.41488464655028,23.210284835763396],[88.4523508896159,23.222355588060445],[88.46171607887943,23.22209373547359],[88.47002051859086,23.204856794432583],[88.45813194821949,23.16000776612243],[88.45489128122195,23.155197296246467],[88.43846128152497,23.155048335292683],[88.43382542399165,23.145628754099604],[88.45214258916614,23.131236838835267],[88.48707264384292,23.121686785230477],[88.50206948660694,23.105453370785526],[88.49744851325957,23.09821644841345],[88.46705818110937,23.08201984018378],[88.45950035548506,23.067593444764075],[88.4634691582244,23.059711654425325],[88.49463485594072,23.047540957019983],[88.47840769403828,23.044945827284717],[88.44964281847892,23.055490020704475],[88.41033563903694,23.0029042543464],[88.40380220724693,22.989669079411627],[88.43408233138312,23.030174923009646],[88.43001184743846,23.008169967019235],[88.4098130549002,22.989871646444474],[88.403891026374,22.97081454359717],[88.40623120955433,22.94262524431835],[88.41423370393923,22.9423944748196],[88.41374154394452,22.952125551608397],[88.42237339442417,22.957384841295994],[88.45150763297386,22.94900129995879],[88.46401275305732,22.950076349314905],[88.46553267107701,22.943345523096788],[88.47216693696106,22.945046638376372],[88.47128773423292,22.936041924942863],[88.49162420257164,22.93741115639781],[88.50529345212675,22.94664136210681],[88.51443694346638,22.94039161269553],[88.51078930730576,22.93593296850912],[88.51344560583796,22.93375475462639],[88.52777048361668,22.93464412030321],[88.54740827646339,22.92193139116123],[88.5597120149214,22.91965661854803],[88.56327903986167,22.922868737858703],[88.56571570839176,22.91388025598222],[88.57866896563112,22.915437052869137],[88.58205196439724,22.908816307464335],[88.58808283010835,22.91163495583075],[88.60170839189621,22.90926812117615],[88.60305011111302,22.90560828710526],[88.61139795921557,22.90746915764038],[88.62704570775979,22.881881550872908],[88.64359600085642,22.88081135828496],[88.64381056885193,22.886149625071273],[88.65261042315434,22.886428049915498],[88.65800788765694,22.875802270966496],[88.66884230300867,22.891715506736546],[88.6542696914342,22.919820414519187],[88.6612498302622,22.932393115716742],[88.6562280322283,22.938809406501793],[88.66859345530193,22.943371973593557],[88.67496297509534,22.94037464624897],[88.67858282366929,22.943802656674322],[88.66394675689975,22.949213620412205],[88.66208714095535,22.98289932683765],[88.66703520527074,22.992949514531972],[88.67798605396139,22.999229822402306],[88.67541281276206,23.015802373951256],[88.68000937349329,23.014114677205725],[88.68839728106764,23.02556393105244],[88.68655958850778,23.03880590140258],[88.68111501635171,23.04348507513729],[88.68502318909758,23.04790227693002],[88.68257398637432,23.052433439402808],[88.69653898827043,23.064348115060465],[88.68352937971329,23.068850878965417],[88.68473721941004,23.076120751609093],[88.67401804982438,23.094219248649562],[88.68245223500892,23.09829544273526],[88.68575368830682,23.10562574093014],[88.6834644988919,23.10838569296522],[88.69468500386455,23.110258764192867],[88.69300236321766,23.118588714756843],[88.70454996814148,23.13592298717558],[88.69394305383037,23.15752683103937],[88.69689318500379,23.157704226985338],[88.69952399024656,23.168772216441734],[88.71146451198744,23.166414762621063],[88.70974204632905,23.171015472897583],[88.71752092398856,23.17467555456052],[88.7167060900421,23.1806082246155],[88.71352524904582,23.176325115187485],[88.71929249784858,23.187185637517565],[88.7152892447181,23.19051474095252],[88.71386408189291,23.208641841546907],[88.7171027761901,23.21206369845413],[88.701909459297,23.2150224804986],[88.71069574993695,23.22295696432076],[88.70758620283488,23.232346716074655],[88.71224003116548,23.237662090197716],[88.71936940172174,23.233586774433665],[88.72316906876107,23.2395550430232],[88.73807815690164,23.234557828980314],[88.75387145767466,23.23574036744315],[88.74649353405907,23.24404786392229],[88.71855641560981,23.254811112893695],[88.72346549843178,23.27224357432158],[88.71083343831383,23.278059153266856],[88.70849103539639,23.289974409546083],[88.69741429680178,23.291529798851247],[88.69581635021821,23.302202942657445],[88.71059578271718,23.312660251540564],[88.70635291206953,23.30405061520685],[88.71399278801526,23.30581880129895],[88.71932123136125,23.3038763548791],[88.718727053293,23.297848987764247],[88.72538288413377,23.299170094555667],[88.72432620844147,23.317723849687642],[88.72962896446192,23.31940830714487],[88.72833769193656,23.31275200037736],[88.73204091854193,23.3073594670842],[88.73933275929879,23.30461182122838],[88.74505161675548,23.30773416326666],[88.74933683488398,23.321382439594238],[88.74280352975637,23.327768158941634],[88.73256133594221,23.327663525903237],[88.73887502993229,23.34355305691015],[88.73320437337878,23.346816581850867],[88.73212529549993,23.352317094016545],[88.7446220055557,23.34840377917775],[88.7475150308265,23.361689242885955],[88.75867492107709,23.36009805879211],[88.76549318618582,23.367843474118956],[88.75856438068641,23.374612359095565],[88.76254560353284,23.38651582153569],[88.7595551999869,23.38448726757588],[88.75345111529195,23.388754343871692],[88.75401786689629,23.394418876722707],[88.74901161959828,23.398447405645474],[88.76093355070435,23.408252824364688],[88.75403240702748,23.415467254487993],[88.76082924102849,23.426115885565746],[88.7628653750279,23.445913409598283],[88.77299898138887,23.447748080441716],[88.77365701440246,23.44365072635444],[88.78179230224418,23.440852891946843],[88.77836010813985,23.437120145885636],[88.7805408484421,23.436173474315407],[88.78471579836946,23.44401055948796],[88.78903033571218,23.443711232942167],[88.78822176302326,23.440777766414264],[88.79456782061807,23.442570876571967],[88.78950115173576,23.44874467148976],[88.79219900004477,23.454766122342345],[88.78890381429262,23.458235954068517],[88.79196361359256,23.46051839800023],[88.78709964506254,23.468516400934185],[88.79356010221045,23.48068716314029],[88.80114571721806,23.485314935647164],[88.79433107321822,23.485274290139643],[88.79980777182377,23.491472220738657],[88.79494564394174,23.501131059296664],[88.78296851585303,23.497992111354236],[88.78717491939175,23.504784894300933],[88.78650777027464,23.506677781059604],[88.78309127961977,23.501135788743948],[88.77163775256074,23.497006307047663],[88.76871171869477,23.491085252831734],[88.7746486655429,23.479326545682113],[88.76671761776585,23.480299186397694],[88.760773158307,23.489142526586456],[88.7566182542852,23.48641948547324],[88.76169459263328,23.479826604407933],[88.75861038970032,23.477106719469873],[88.74596456379896,23.482325325573647],[88.7406109388789,23.48013651241987],[88.74170666164163,23.486305905050635],[88.72959665745104,23.49482755532924],[88.73057626577679,23.502027734252778],[88.72386388329399,23.512444887757066],[88.7140647493577,23.508576355010504],[88.70432821991191,23.517412297182755],[88.6971571280006,23.51617896676695],[88.6953960994637,23.52587881029125],[88.6914351560848,23.524702118744205],[88.68908878710539,23.53067567220808],[88.68274695698227,23.52898386844931],[88.68593878167954,23.537502172973607],[88.67889433964687,23.54527891950434],[88.67398380155419,23.548837813625664],[88.66431053326731,23.546195109296036],[88.65439060377311,23.556421782515894],[88.65566570931831,23.56293200968438],[88.64877596256744,23.580878928050968],[88.65111811036334,23.585003876937353],[88.63853071717627,23.59123809903838],[88.63810119041811,23.597337464823383],[88.64513678943511,23.60879424312773],[88.62892007404112,23.608373718170224],[88.62094853470265,23.602315320254785],[88.60565489216198,23.599723015595536],[88.60883908656922,23.604031735540385],[88.60154970719621,23.60619995108029],[88.60532171870118,23.61008816590717],[88.5963574331759,23.601270722345305],[88.57991164199457,23.602283276785762],[88.58485994616014,23.615557279585342],[88.59335399687184,23.616523348954516],[88.5936465098879,23.639967157868664],[88.56238119170152,23.636367627063482],[88.56313954856606,23.64504302813471],[88.55805474000319,23.64871827599771],[88.57397475353693,23.667826115288243],[88.57252995623453,23.684821839507592],[88.56727616917685,23.686112828231956],[88.56476434399684,23.712444254126087],[88.5679381601676,23.714378958202346],[88.56909289685463,23.72774626608657],[88.5742111829332,23.728621636806643],[88.5769987891088,23.734627767073228],[88.57448741398473,23.737789950136932],[88.57178509476053,23.733753212160163],[88.56999674755752,23.747087178112405],[88.57998025621427,23.758381749557323],[88.5796710740598,23.773533247800295],[88.56525935344762,23.776758222654706],[88.55643201159586,23.78349328615741],[88.57234265210793,23.782302380268632],[88.57842825216925,23.78571581351557],[88.58318118982854,23.791251847763625],[88.58184025214604,23.796507117716462],[88.5913346011811,23.797487013885213],[88.59129094395662,23.804080980162077],[88.59602375935353,23.80476526384956],[88.58763895276353,23.813340741781488],[88.59374564167446,23.808509625356873],[88.60225552159977,23.81668927105909],[88.5866112585189,23.831028022718474],[88.59110324457127,23.852847404433724],[88.58393588246501,23.855103965333882],[88.57669749955238,23.85205502355287],[88.57531931053168,23.86092393413881],[88.58211905417593,23.862267829146088],[88.58455480013619,23.869649796915215],[88.59851243854192,23.86925359850075],[88.60749050512194,23.862088125565975],[88.60949792177836,23.87303641472247],[88.61642504742818,23.87605069645543],[88.62369036991785,23.87480192858733],[88.6256645228576,23.864837895861058],[88.63664950393583,23.87093441427159],[88.65380598827106,23.865864364659167],[88.65425206918326,23.86923414084144],[88.66731259694565,23.86974498927377],[88.6639819421128,23.88232818364156],[88.68185625222526,23.888169844838515],[88.68815012668523,23.901360562919947],[88.69993142204197,23.89883697832193],[88.70516325517247,23.900610672463134],[88.69959033532186,23.904880753676537],[88.70267931010561,23.90552624058925],[88.70350336975001,23.90733375367293],[88.699118655119,23.9083118463856],[88.70043904743261,23.91190401602503],[88.70623864546707,23.916140987576163],[88.7124372859305,23.912812999991978],[88.72093309554354,23.916471569433334],[88.73301230279125,23.911063892203316],[88.73412316935307,23.928257427135406],[88.73693882362676,23.92900550262701],[88.7346861839658,23.933101150982214],[88.74323378864149,23.929850080821257],[88.73848640077405,23.949606094135444],[88.74195201041036,23.951645526561606],[88.73226261916078,23.960902958918844],[88.73578090600532,23.963719115986937],[88.73671836627625,23.98048885514592],[88.74758138398666,23.985072122634456],[88.7689130158786,23.982615968628647],[88.76057479681752,24.005890259055278],[88.74533116977695,24.005465089887846],[88.73592196216617,23.995373929763886],[88.72837241092398,23.996666940376798],[88.73451893742282,24.02186722497324],[88.7427599030746,24.03515273196317],[88.73480226965668,24.0377239039373],[88.73809525543473,24.037845199200284],[88.7392788828396,24.045988575162735],[88.72683297610641,24.052694589691498],[88.7376849265725,24.061412573558588],[88.73394339670176,24.066257142039525],[88.72739064304827,24.06429636196925],[88.72340369883179,24.068637985704946],[88.72918169058701,24.09630411744117],[88.72420137226139,24.104327897556296]]]}},{"type":"Feature","properties":{"name":"Purba Bardhaman"},"geometry":{"type":"Polygon","coordinates":[[[88.00906168618576,23.845581714022426],[88.00083267261883,23.83979586542096],[87.99783837218119,23.84326347217293],[87.98734584844006,23.84108151994028],[87.97945543056498,23.844670501905316],[87.9748975351202,23.840836179615863],[87.96803768699696,23.84463830842738],[87.96620962437693,23.84173604036438],[87.96969395670035,23.83994520226262],[87.965725803443,23.836236700870867],[87.97420961515711,23.83284345461799],[87.96633686714365,23.824090576418143],[87.96609087967278,23.8058373634258],[87.95812037788842,23.802715228503267],[87.95569270778257,23.785636167867924],[87.94953865609656,23.776733249832994],[87.93876472880447,23.774433787139138],[87.93875217754334,23.763929599970332],[87.94642851520811,23.764019723233822],[87.94736287090142,23.756302329986624],[87.95587563621545,23.755905781406284],[87.95390765649832,23.74988413558801],[87.94657411864092,23.748264060562967],[87.94491341664991,23.740709188811227],[87.93632846810954,23.73999295633365],[87.9343940943672,23.72902130382593],[87.91719829795852,23.729511563312162],[87.91993832576341,23.714765319522645],[87.91035024830819,23.71825916852834],[87.90890461467431,23.709673776834418],[87.91815888176318,23.695973786621153],[87.91345518345959,23.686436606242722],[87.92198423792468,23.680811518787085],[87.91993572244573,23.675065805201594],[87.90970589394144,23.671934169360306],[87.91516467385203,23.668432769147877],[87.9111236438689,23.663417307726874],[87.92587970040756,23.665336499211296],[87.93015187140486,23.65889863607881],[87.93623086795054,23.663010014986696],[87.93502408646924,23.64656832054716],[87.94302849965554,23.644773572654913],[87.94355320830795,23.64067437101044],[87.95261302966368,23.638058712141827],[87.95917816659338,23.63109472492058],[87.94940567399348,23.62215925472628],[87.94691482178041,23.598014068740365],[87.9416790908599,23.592512856563392],[87.93044800912311,23.589767001362183],[87.93030844686058,23.57160977924924],[87.91652048763562,23.566362658219187],[87.90889067461772,23.548709011857305],[87.89552664834164,23.543221470912123],[87.88619781210102,23.561231426551153],[87.88228305650078,23.558302460088036],[87.8815685419137,23.549753006889755],[87.87319455373465,23.557323415920624],[87.86227946697544,23.548404991848596],[87.84622657913641,23.55060498169855],[87.8430034427616,23.56389429274005],[87.83648261343669,23.569149315513407],[87.81233922595938,23.567472123769033],[87.80393510109919,23.55998902182646],[87.79481444852733,23.5725316156464],[87.78242062341937,23.574911380581916],[87.78053088516685,23.583773506300634],[87.76745087114934,23.580814962361583],[87.75839078119733,23.590018201730373],[87.74310857780351,23.593163855064592],[87.73064361331156,23.589442422712615],[87.71693951900491,23.61323222748536],[87.70801623708076,23.61927593538827],[87.68669244658294,23.607868394350103],[87.67453778983453,23.61969805255282],[87.66639409915162,23.61975190364304],[87.65648542375126,23.6072874675957],[87.64660660385942,23.604291833245128],[87.63898998080484,23.60427177787803],[87.6222148411892,23.614262375345454],[87.6157239931369,23.6119486838519],[87.60964288914356,23.60245826085003],[87.58329271381399,23.59557526551921],[87.56756623691828,23.59863296347475],[87.55619261051218,23.607283309931148],[87.53433331990045,23.609884555663875],[87.52285385668253,23.584934635228308],[87.51540761439294,23.5869656797181],[87.51062481673364,23.57970396539303],[87.49895411746309,23.576326103340225],[87.50233080915761,23.57226424566895],[87.49727646426264,23.569455586391364],[87.49858863339817,23.565070967090175],[87.48397850009258,23.552499802613934],[87.48845198085012,23.548900875858298],[87.49041661524109,23.538144683010238],[87.47937956780902,23.536228292320768],[87.476079812327,23.52703955470952],[87.46600543099441,23.531405474900648],[87.47259917028273,23.523558349971772],[87.46323776831645,23.515800193204864],[87.46391058939625,23.497679898237823],[87.45000161452612,23.481019044107754],[87.45686915312655,23.482666195477726],[87.4665913409688,23.478147350438977],[87.4641169548749,23.466755724489616],[87.47266278537789,23.45276382741615],[87.46817025584481,23.446510496875167],[87.47012808998909,23.440411643392487],[87.45866455569778,23.427873836374896],[87.46318019888315,23.422115667649315],[87.45389216591936,23.425944738090088],[87.44973123689697,23.4217817864417],[87.45305979955351,23.41988561947148],[87.44536110641457,23.418670932559714],[87.44832897392499,23.426340951556938],[87.4442835448919,23.43125040794429],[87.43415092488115,23.421218650867793],[87.43731626365057,23.41786463955509],[87.44223493598817,23.420699981634968],[87.44060069836542,23.4102261566464],[87.4964997682916,23.35199543505091],[87.52337346649738,23.337213122669155],[87.54547545045784,23.316875644855525],[87.55712783936796,23.312586713994524],[87.56382683425814,23.295162431103545],[87.59391763844822,23.26972678149573],[87.59962390601623,23.257892269348492],[87.6357959004379,23.240351405289793],[87.65300731944771,23.241069178767525],[87.65251957467264,23.22698040289549],[87.65790424177563,23.224920195796656],[87.64685069408841,23.21774317812787],[87.64915974435597,23.2101807155958],[87.6455133155311,23.196688103718692],[87.65409944984764,23.194177274174038],[87.65251606046321,23.189475420378713],[87.66020522966355,23.184616265927566],[87.66111035327918,23.173730632801554],[87.66836627220445,23.169833428672728],[87.66660643034204,23.16616938335382],[87.66074076660836,23.170756795080067],[87.66069569902888,23.1650785116699],[87.67632524501045,23.158080389165125],[87.67926686554486,23.150130447780857],[87.68971528739546,23.145443970853776],[87.68260145499868,23.123251490432313],[87.6881041885778,23.129115274958707],[87.69305659804418,23.128754363314986],[87.724639796772,23.11624517777101],[87.72792562477385,23.121127318487797],[87.73166120061089,23.118973321950946],[87.73041614011868,23.131416935391247],[87.73242233955784,23.121212452564873],[87.7457479601606,23.11250250916988],[87.74739211787902,23.10687644240863],[87.74275685503042,23.102778080374275],[87.75106962661611,23.10133122791021],[87.75537424565977,23.094186222903655],[87.75219916466109,23.08305119698724],[87.7623494419571,23.08168523856207],[87.76446274573098,23.0755877535385],[87.75303269614187,23.068843903463943],[87.75214303073561,23.063609722421585],[87.74169965112873,23.05541311558425],[87.73850183736349,23.0325398077295],[87.74156020295221,23.031106940026284],[87.73701751957849,23.027847676804967],[87.72114247660619,23.028207240644612],[87.71937223943931,23.017586115844836],[87.71198787041155,23.010228437883583],[87.73912160394262,22.983273426833374],[87.74221187589364,22.965299773268548],[87.75134780611353,22.960845785273598],[87.76223811374392,22.96144736522025],[87.78580785235219,22.969920204179495],[87.78879698118871,22.964612061782162],[87.79578217753176,22.965014776914984],[87.79281368299729,22.956341681205],[87.79651096365379,22.950646628549936],[87.80414905644368,22.952818304631244],[87.80358182873225,22.947835340232825],[87.81424443769264,22.945480001340197],[87.81359403856231,22.951323241346074],[87.81959443791051,22.95216738541429],[87.81695130149386,22.95516675608902],[87.81982256058538,22.957628869467246],[87.8278655249721,22.949698956970316],[87.82901503795576,22.942063910340384],[87.83342541565781,22.942219357834876],[87.83342649812771,22.93735010677598],[87.83878906397982,22.935708742275942],[87.84150260316193,22.939769363214893],[87.85348344937758,22.94237380251638],[87.85805164310875,22.938209072713818],[87.86010927738616,22.94302263205022],[87.86050605695895,22.939613002079312],[87.87253644885583,22.94113440989914],[87.87367015328708,22.955780354494845],[87.8858135676197,22.96202131780353],[87.89185934087294,22.958498202497786],[87.8901540635792,22.95064642588455],[87.89314172726353,22.949499906596834],[87.8900022491945,22.949372423144528],[87.88671139511864,22.938762518860337],[87.89110094627917,22.933803681663015],[87.9125197830256,22.94498780837452],[87.93279957844967,22.947130743104488],[87.93265770661856,22.94414550067404],[87.94000027613782,22.94289976766762],[87.94887754455648,22.95881930304504],[87.95928320929451,22.952764327011614],[87.96854319236354,22.96479402066214],[87.97739021181161,22.962485440419346],[87.98526534664877,22.96618055878868],[87.9908954622335,22.957621238889075],[88.00897330813146,22.962115661736576],[88.00869919351071,22.967216398380383],[88.00363601997317,22.970319053418788],[88.00700243673747,22.9814210736624],[88.02056805933631,22.97598388837404],[88.02053858651017,22.987559963370956],[88.03284734205904,22.97958717008659],[88.03750445912189,22.985003788548887],[88.03576749195987,22.98841582104206],[88.04191738264947,22.98516698111035],[88.04296252577014,22.98951097235329],[88.04998017195622,22.98974823417479],[88.04688696431084,23.00248734863863],[88.03644081070635,23.013138874900044],[88.04707537965349,23.021342761567617],[88.05120149895862,23.046505826444424],[88.05345199164604,23.04196426784219],[88.06426004773243,23.04888982655965],[88.0660791370811,23.044951981529913],[88.07219536160876,23.047800188096776],[88.08791834585465,23.04300814858638],[88.09070416707777,23.047425394125455],[88.0967756833521,23.046737963011797],[88.09929426296472,23.054383562881306],[88.11580899445423,23.052221185371447],[88.12156486878885,23.06396868166712],[88.13244849295357,23.070097086994867],[88.13323010720079,23.07670528724064],[88.14240304172218,23.073705812978016],[88.14655717678609,23.077486320292362],[88.15754097927464,23.097345964268037],[88.16307638008908,23.12448421944136],[88.15362332930253,23.1255306005715],[88.15379548693518,23.13265570820643],[88.16447981805747,23.14065609648818],[88.16935340574759,23.15561337606767],[88.17875685695401,23.153664880532258],[88.1887430425903,23.159870389930525],[88.19465006745465,23.15720506603199],[88.20404036463036,23.1594801425253],[88.21678081726714,23.158170291834963],[88.22189069241968,23.15150230438642],[88.22692119512868,23.157548736497024],[88.23579448760388,23.158184938076772],[88.2333177146863,23.152936861561404],[88.24147041726812,23.155350384301087],[88.2463897696304,23.144910055155982],[88.24648588846746,23.147685827256257],[88.24968367348663,23.150690133007885],[88.2482821435399,23.14769917370048],[88.25407375375487,23.1462275851676],[88.25500685719668,23.136408926916804],[88.26946390589974,23.12715186853177],[88.2859641053429,23.126835383895585],[88.28973381626244,23.130278139416347],[88.2965369366738,23.129907376287772],[88.29815592539464,23.125267056583887],[88.31033304182176,23.127923150894667],[88.3170052471535,23.12542785442297],[88.32141402765103,23.132769010354366],[88.33014317196415,23.12773930815495],[88.34277691372831,23.130423204737486],[88.34690809863335,23.117006080674393],[88.36126988818707,23.118034701096917],[88.36162211850827,23.135158587397534],[88.36676344547556,23.139109933429417],[88.36229612446596,23.152398589830483],[88.37542775837466,23.16299935748759],[88.36884035400568,23.167060652563524],[88.3670633094056,23.17704681009783],[88.381690739772,23.180697455653583],[88.38299771754349,23.196256218936547],[88.39753226929598,23.18807102205342],[88.40266788567303,23.18887151447371],[88.41504920263898,23.21182546345358],[88.39333846103591,23.213849408001984],[88.35069253294036,23.238157304894226],[88.36221778867824,23.255636946547398],[88.34920338491412,23.28033418549902],[88.33013444213621,23.281152085390453],[88.33373541890268,23.292776073320816],[88.34833905738878,23.290274668307173],[88.32551919375216,23.315649485893054],[88.32628016920573,23.322226335174662],[88.33599138053356,23.329430027003735],[88.32901560392456,23.329451684011087],[88.33234594075381,23.334499825783265],[88.33086066805967,23.341559221261715],[88.33761223236027,23.339668012167436],[88.34351033066561,23.346189725235323],[88.3302404514246,23.354244281828795],[88.3309625666573,23.36978933256498],[88.35368116770351,23.391261252898275],[88.35685765726056,23.406847167113206],[88.3478895538953,23.414966988348983],[88.33217781026859,23.413658528772576],[88.32806276629262,23.41697808351043],[88.35116112653192,23.43102288665734],[88.34814610106237,23.43621526740362],[88.34200969678015,23.435776162795566],[88.34531668010692,23.446553878114038],[88.33947559068612,23.450641509876153],[88.33840124603051,23.45734181535313],[88.36742280530083,23.458898246724033],[88.36858522797343,23.461186736809257],[88.35612207538342,23.465545882676537],[88.36600032035349,23.472199613373185],[88.36314178410137,23.480990480179102],[88.38745083169685,23.497201265751414],[88.38500073694657,23.508506913231173],[88.36366471498783,23.530229975955432],[88.35698801987627,23.546789296581913],[88.35497594096354,23.544288905239597],[88.34628622011496,23.549108996328442],[88.32708473001861,23.547385684902096],[88.31907741078234,23.551396703012234],[88.31528926283991,23.548416082005687],[88.31780286578585,23.546734063332806],[88.3075429643808,23.543072642572966],[88.29759859621932,23.545038664706407],[88.29139575164034,23.540348488767684],[88.27488530421641,23.53795597900687],[88.27523189491427,23.561191356998584],[88.29476943847024,23.563304253735474],[88.32112304446586,23.574941086687396],[88.31498506453862,23.591201292078605],[88.28472758962567,23.577948719331026],[88.28600809045247,23.588122738209602],[88.27996222197781,23.59257851158002],[88.28098618551905,23.606340848515924],[88.27772659371338,23.606162423129387],[88.27559637645933,23.596389539929287],[88.25747548868284,23.61989572647281],[88.25385791374491,23.61637855612741],[88.25248799191978,23.619312049680463],[88.22844741662671,23.61600165335006],[88.22418339694232,23.60764377673359],[88.21715831989222,23.607039551698268],[88.19548695144806,23.622630122000594],[88.16622217780612,23.62249568566764],[88.1537009913538,23.63112464133016],[88.14747994690718,23.6463528293244],[88.13682835039384,23.654433155531134],[88.13470426324328,23.664623084827813],[88.14619655170854,23.691492769444633],[88.1622672809874,23.710895240260605],[88.17892768597831,23.716867170622933],[88.21992373408705,23.70813754795138],[88.22848447842038,23.707676921935054],[88.23284091767957,23.71207277606613],[88.23226652410709,23.719035541668973],[88.2253508977912,23.724038253948947],[88.21527954018788,23.729053437134933],[88.2010749099948,23.729723883654245],[88.19312835190605,23.735324548026476],[88.19558530888682,23.74422760767518],[88.19290597305915,23.767135600553853],[88.18772097718927,23.77040642933679],[88.17823599578597,23.7583604344002],[88.16246722530839,23.755490458244104],[88.15494016698257,23.736688375918174],[88.14872253074414,23.734289697179683],[88.14196113887435,23.733676840520854],[88.13842448687213,23.73766528295515],[88.13230479035587,23.733789572778033],[88.12827436318807,23.73989317165686],[88.13199148673087,23.741886111624225],[88.12418186333244,23.751243536268824],[88.11594337164094,23.748817142059224],[88.10261373197564,23.75381762490292],[88.09490389972719,23.75158807010042],[88.0945535639529,23.73900737742475],[88.08143853719886,23.72295145485726],[88.06503685599291,23.72605429717699],[88.05772809726429,23.723308379873647],[88.05255332512066,23.727007506358934],[88.05192035869673,23.74027628081875],[88.03991924109839,23.74708740834427],[88.03672048679702,23.76053241657646],[88.04144936397971,23.77334853810669],[88.05869489651243,23.771947317091822],[88.05977283532751,23.780652652408],[88.0494831341095,23.780705725241805],[88.04571591960814,23.790081085007483],[88.03096121952557,23.79483631274367],[88.03147088588855,23.804669139423286],[88.0268585489443,23.809338352074246],[88.03024385997396,23.817452316513506],[88.00906168618576,23.845581714022426]]]}},{"type":"Feature","properties":{"name":"Purulia"},"geometry":{"type":"Polygon","coordinates":[[[86.80535690146986,23.69618585720505],[86.79853262214027,23.688390332477066],[86.74794011080317,23.678953679314024],[86.73959313137146,23.694489931910237],[86.71295390872618,23.698606878454875],[86.68260995839074,23.6884222092636],[86.65982020807905,23.686738999819873],[86.62938711073141,23.675866343099095],[86.59826516635933,23.673928153343766],[86.59592759098823,23.671871747138894],[86.59914330458383,23.665719912869495],[86.57446071773029,23.64762950458011],[86.52879288307014,23.629879936468956],[86.49057772802688,23.637689800008037],[86.46184447765711,23.629788818547993],[86.45490782357703,23.619223768087174],[86.44640610843933,23.61754981321031],[86.44719344944652,23.598015434421082],[86.43558872245043,23.59805492555376],[86.42088460470484,23.589674558939258],[86.41368260535786,23.576025036307932],[86.39736420516529,23.57868140957927],[86.38779160837737,23.574064562734367],[86.38852918361613,23.560220570324436],[86.3681038727941,23.5408268079391],[86.36513557768563,23.531087796424018],[86.36782628259154,23.527648316290946],[86.36459129564149,23.521989866305404],[86.37170505886805,23.517385129900447],[86.37535011147392,23.50913359062265],[86.36437515559426,23.501647910016423],[86.36168242229245,23.485331174732167],[86.3658209266704,23.48034658144104],[86.37852523918495,23.48534702658184],[86.37929411082992,23.47377045387144],[86.36362811211241,23.47150335926489],[86.35692303652608,23.460907858518514],[86.3600292472852,23.452231302626327],[86.34976390747941,23.451585135711518],[86.34886478640647,23.440404464774264],[86.33674837992285,23.440433343256757],[86.33381767841072,23.447313640867815],[86.30565534153996,23.43510821796308],[86.31081474081412,23.42641789373954],[86.31765010086276,23.426815119635833],[86.31709751030057,23.41619942664121],[86.31014148405143,23.4118423813567],[86.290180914845,23.418202193926685],[86.28855677608269,23.42950626863859],[86.27186595413625,23.427574902723673],[86.26412493058447,23.430844540844223],[86.2523503986435,23.427157591802196],[86.26097647026093,23.417840969154515],[86.25934738088309,23.413335177075144],[86.24747508618802,23.41167061692739],[86.246042000222,23.423106490718748],[86.2347941514304,23.421346023419083],[86.23039239845338,23.431043275049376],[86.23567053165193,23.444048320786933],[86.24740855246651,23.456389823371577],[86.24600956385375,23.459670834197137],[86.23287587370136,23.46225945885518],[86.22883417447336,23.443355066518034],[86.20702043293812,23.450282701878063],[86.2058800216849,23.454359478651828],[86.19795640297525,23.453298311418582],[86.19261893784883,23.46006310643142],[86.18850001225249,23.46117979994316],[86.18736518852036,23.457831959743498],[86.18028733544732,23.46090200361981],[86.18228385913258,23.467406700260078],[86.1770991201809,23.46983626290637],[86.14846858677393,23.465365211921792],[86.1489491944341,23.474427124093122],[86.15458388064701,23.47679714628046],[86.15053910918074,23.483034469567986],[86.15826422177219,23.49246982286482],[86.16046053796316,23.508344512128872],[86.14797626777744,23.519729371771522],[86.15709843850212,23.53418316066559],[86.15776823315774,23.54133128215999],[86.15161185483515,23.548099049892446],[86.15862270526608,23.559499548932862],[86.14338050205524,23.563525908043417],[86.13962673892692,23.559169787664388],[86.13645137585729,23.562304430804566],[86.1313202528533,23.55885269585118],[86.12709257092045,23.565530813101113],[86.13058524230469,23.567017354986994],[86.12610645430047,23.56975860999794],[86.09212013642352,23.563018376847193],[86.07267859133042,23.568928075796162],[86.07767269520242,23.579227101733927],[86.04201188888977,23.586191742178322],[86.03976090302724,23.57498737155275],[86.03151447112697,23.57307560843995],[86.02470892526433,23.56182454705301],[86.01855177798386,23.55973551931694],[86.01677805265874,23.5475376681735],[86.02817280744031,23.542754487441528],[86.02372355514433,23.53739989404669],[86.03368335187086,23.517965119106396],[86.03974555710725,23.514924867987194],[86.03883949924368,23.497860871559716],[86.05873547688621,23.49450731789606],[86.05413046300818,23.486938676060632],[86.0090908094464,23.484530032619947],[85.9772880346154,23.476656531027267],[85.9618653661522,23.476807611320712],[85.95027974991545,23.470904475816237],[85.93313610879382,23.47331703806647],[85.90906914279438,23.484261651634633],[85.88584902310483,23.482225861145263],[85.88670192495805,23.48479014682906],[85.87586916250642,23.48068766903316],[85.86305060315235,23.4624869321196],[85.86361357644259,23.43164149442597],[85.88451554682908,23.429954531669157],[85.8871652687951,23.425391656612398],[85.88035540922245,23.421800330657167],[85.8913746053332,23.410182779974473],[85.88610383921832,23.405006184276584],[85.89835986725326,23.405784848478024],[85.90263848006946,23.398522826464312],[85.89993069819,23.393646140415687],[85.88834151474326,23.397182502552724],[85.8697508916165,23.388911534453705],[85.87805422819679,23.38193689144278],[85.87445022770108,23.376825630290075],[85.87490134726373,23.360606920793277],[85.88355290498407,23.350367747923386],[85.87293947788716,23.342237972586677],[85.86568272712192,23.341401990217182],[85.86860090791565,23.330368634586335],[85.8515473830884,23.31733798465312],[85.84716248250612,23.30925776572639],[85.83827076558443,23.306124022255744],[85.819663238859,23.268486225659128],[85.82345291663232,23.25948831070784],[85.8379986272573,23.24702428127102],[85.8355995370522,23.238507472341166],[85.83965940560512,23.229008836309617],[85.83651625162997,23.220676331621316],[85.86649947717488,23.22043185020662],[85.8833825242191,23.195975652770066],[85.8820505319602,23.16830471926684],[85.89416296070375,23.15526662645409],[85.90976587792535,23.153586990075443],[85.91668177643075,23.146237325419182],[85.92660434248032,23.146705140806954],[85.92873671119948,23.15146795466075],[85.9511244537434,23.152052190367247],[85.95691413707205,23.160985518190788],[86.00259435141514,23.148980196533646],[86.01284342183283,23.148299372446935],[86.01755153535605,23.1552837847251],[86.01875623364421,23.14797150348308],[86.02372370516296,23.144506847769385],[86.04368492025809,23.144936281898566],[86.0547810283268,23.12391243666401],[86.04917276605799,23.106068404717988],[86.07501993603242,23.09460500895595],[86.08949953873733,23.095193361135536],[86.0902598359629,23.089614575509973],[86.09807588141727,23.085430597925054],[86.12704346092218,23.08683456192609],[86.13649680276288,23.077239636226697],[86.14609070848763,23.075296557159266],[86.14162164294976,23.057278278425965],[86.1575801888193,23.047997232874817],[86.15644160114616,23.031732282395353],[86.16222555681654,23.028926162898617],[86.16739433989218,23.03324521678743],[86.16977697745284,23.02306812857499],[86.17885098500358,23.02171533380179],[86.18554644322649,23.00524708589143],[86.20747390518846,23.008194560948134],[86.20667105117464,23.000286804698696],[86.22439589959014,22.99458194388641],[86.23709416823948,22.995025559174746],[86.24142528668571,22.9992713414615],[86.26496139326801,23.000211642609752],[86.29159726879055,23.013688916170373],[86.29840689480123,23.0108862585015],[86.30457219698782,23.0167924622942],[86.30404273355262,23.010067518010633],[86.3260774507663,22.99492299615945],[86.3379378400889,22.990580457485677],[86.34410134654325,22.997834613340892],[86.354798030399,22.994171225269998],[86.35430225917685,22.999493800214378],[86.37678476230515,22.998495649047307],[86.38583445156279,22.996046690689834],[86.39393407808441,22.98103709888449],[86.4157422222171,22.99087066021244],[86.41912545544353,23.000584682520916],[86.44244687814766,22.993170953328097],[86.44675058719795,22.988145559707107],[86.50135399273535,22.994713072012775],[86.50252687808603,22.98760309945576],[86.51332839533548,22.97763239533592],[86.50749176694839,22.972935093106667],[86.51888487511803,22.97058532830523],[86.52635958142574,22.972784809570893],[86.52396508969656,22.976842576753313],[86.52859628407523,22.98048777474107],[86.54699778488524,22.989415670893923],[86.54918231428137,22.978403195749813],[86.54477156827002,22.96599145883758],[86.53146002606442,22.964769427927767],[86.53109307505065,22.954252005820738],[86.52546007497553,22.947304131449982],[86.5115753671945,22.947092899940642],[86.50290205407457,22.951492191352315],[86.50074378153587,22.945462010584407],[86.4953359244238,22.94755711762006],[86.48902961278873,22.937665223292587],[86.47818134900857,22.946094067219953],[86.47656933840086,22.951870015455867],[86.46498778344754,22.944900951433755],[86.46279578455984,22.937021088591372],[86.43579743073533,22.92590443747673],[86.4529151392913,22.90357168373638],[86.46729674837513,22.900891749568775],[86.45333468576666,22.886120090528077],[86.45572601542604,22.88050963230747],[86.45093398488224,22.862372389290204],[86.43480872786563,22.86065379250274],[86.43290927433333,22.85327588259278],[86.43869143427149,22.831273140831833],[86.42241104539183,22.810798737513423],[86.42509567678808,22.800043708471556],[86.41938051410214,22.79099668579424],[86.4324918388989,22.774955391842056],[86.4442238715438,22.771681404283527],[86.45135724499298,22.763532779641743],[86.46011214310698,22.763353616750745],[86.46953318063177,22.754113315540515],[86.48216923825272,22.729393376567245],[86.49358443689353,22.726568938361364],[86.51057438974476,22.70480675052565],[86.51300742728446,22.718068127409605],[86.52051225590024,22.717146784261427],[86.5241094651324,22.72123668658191],[86.53417065739997,22.717858351974062],[86.54323153966607,22.722211530308652],[86.55941658944633,22.712451744501248],[86.59308948242568,22.762692946070548],[86.60410629261102,22.789009414886024],[86.59838788341365,22.79722194286673],[86.61061588311344,22.798690357496337],[86.60817963589324,22.80623958181202],[86.61681514610937,22.824096062756166],[86.63388457920198,22.82460511797117],[86.64817526260939,22.840051464445157],[86.65580272293955,22.83727963115148],[86.66258545428893,22.851795348121254],[86.67329452770909,22.854108955321276],[86.67724251019507,22.862355930421263],[86.68560445286445,22.86225579979816],[86.69609044315854,22.868205117532455],[86.70609379470159,22.88022670126328],[86.70652506149646,22.88784021143396],[86.7008862574063,22.889273207492494],[86.70183395757316,22.89377591227513],[86.70606370742777,22.89341417600835],[86.70554643682594,22.898737390119145],[86.69897222870853,22.90827764905636],[86.70160546030087,22.910530608258014],[86.69659749632235,22.924232786661616],[86.68923435448475,22.930945125055423],[86.69559720428717,22.934693582283604],[86.70220372839863,22.952082573776387],[86.70946221650561,22.955703192352303],[86.72021938303114,22.990976477908045],[86.72785220360862,22.998294126114313],[86.72804067913836,23.011197104158743],[86.73519548728852,23.025159706609543],[86.72721600055472,23.029785143636122],[86.72622497284507,23.035572009355704],[86.73986599463902,23.043186489407933],[86.73052934575037,23.04890502036274],[86.74631706978211,23.072704233665295],[86.75164842187301,23.08848495202996],[86.74630892385913,23.10303349339238],[86.73165170805287,23.104935796319023],[86.71700371704624,23.122540271318545],[86.72385551626456,23.12398007706788],[86.73124383787957,23.134540627810487],[86.73815276366174,23.162550179366963],[86.744930839043,23.168292889519314],[86.75210755530631,23.165886601013096],[86.7511392343121,23.172110473335483],[86.7585931365361,23.17564282469768],[86.75621802416256,23.193788765006413],[86.75884737233795,23.19938768970135],[86.76915531294945,23.20445231363362],[86.77964604994149,23.200985035085953],[86.79026113263345,23.211266736479345],[86.78041827140413,23.22432023259283],[86.7808477343819,23.230837233664747],[86.76965402795078,23.237327225889857],[86.76868095217375,23.241919914421274],[86.77489305568837,23.24540517039145],[86.7770722787361,23.24098925667993],[86.77912583106887,23.242778533908336],[86.78335767489642,23.26041476155159],[86.77928284310582,23.272110395908157],[86.78611843581808,23.276705980972096],[86.77778914511264,23.2941867742766],[86.7903780654357,23.300185690329794],[86.78416527381158,23.31070909252603],[86.78715087226905,23.338679501405696],[86.7959648813254,23.34348683662896],[86.80879741936364,23.341923313968334],[86.8103372790843,23.35295833707333],[86.81678456872683,23.361184005357845],[86.83277824321554,23.35947765127501],[86.83657645228915,23.375053128643376],[86.83037035940214,23.380383235888175],[86.83621750436625,23.384238048331692],[86.84703923550619,23.381876542123734],[86.85102771763843,23.386680374403088],[86.85392394630156,23.396746163029118],[86.8477415797178,23.404712571589656],[86.84957594581618,23.41976849333453],[86.86309994497638,23.426526847143382],[86.86672745078981,23.435426099706227],[86.85493967318995,23.442372664090612],[86.84556446321943,23.436630549389346],[86.83826081500645,23.438907882499127],[86.83666912249386,23.43353532594617],[86.82685027592701,23.436463643700822],[86.82394447661284,23.4573180827994],[86.82820951947836,23.46646670523184],[86.85898253573625,23.465381836634435],[86.86591749020378,23.461709608840103],[86.87249009213348,23.47176189568704],[86.86975652411378,23.485925833652345],[86.87253332535315,23.49070546873476],[86.88038513723055,23.48907535423422],[86.88131098587814,23.496925307450027],[86.90629105163467,23.49381966965541],[86.89397726821515,23.511630204313764],[86.89558638085774,23.53467505529029],[86.8818266763434,23.539840893603138],[86.88527558719689,23.55659820042229],[86.87763517585525,23.556255071284028],[86.87938708649203,23.566820361362492],[86.86316600708236,23.567632524338073],[86.89142522635818,23.57654337367065],[86.88634505759377,23.584853191684626],[86.8911224024793,23.593345385228186],[86.8871481307965,23.60161397832461],[86.89460450159092,23.606380556920474],[86.89389053407785,23.625888563148546],[86.90077949210787,23.630021326930283],[86.90230370317633,23.639388476043024],[86.89340456078048,23.653171966847832],[86.86497801321502,23.661328950693466],[86.85734887393356,23.675947312125484],[86.84682588382958,23.683951032677886],[86.82554079634747,23.68560347824859],[86.80535690146986,23.69618585720505]]]}},{"type":"Feature","properties":{"name":"Bankura"},"geometry":{"type":"Polygon","coordinates":[[[86.9023037489904,23.63938841103114],[86.90077949210787,23.630021326930283],[86.89389053407785,23.625888563148546],[86.89460450159092,23.606380556920474],[86.8871481307965,23.60161397832461],[86.8911224024793,23.593345385228186],[86.88634505759377,23.584853191684626],[86.89142522635818,23.57654337367065],[86.86316600708236,23.567632524338073],[86.87938708649203,23.566820361362492],[86.87763517585525,23.556255071284028],[86.88527558719689,23.55659820042229],[86.8818266763434,23.539840893603138],[86.89558638085774,23.53467505529029],[86.89397726821515,23.511630204313764],[86.90586928632057,23.49256187228048],[86.88131098587814,23.496925307450027],[86.88038513723055,23.48907535423422],[86.87253332535315,23.49070546873476],[86.86975652411378,23.485925833652345],[86.87249009213348,23.47176189568704],[86.86591749020378,23.461709608840103],[86.84834715291548,23.46666611263442],[86.82805259457801,23.46627044610773],[86.82394447661284,23.4573180827994],[86.82685027592701,23.436463643700822],[86.83666912249386,23.43353532594617],[86.83826081500645,23.438907882499127],[86.84556446321943,23.436630549389346],[86.85493967318995,23.442372664090612],[86.86672745078981,23.435426099706227],[86.86309994497638,23.426526847143382],[86.84957594581618,23.41976849333453],[86.8477415797178,23.404712571589656],[86.85392394630156,23.396746163029118],[86.85102771763843,23.386680374403088],[86.84703923550619,23.381876542123734],[86.83621750436625,23.384238048331692],[86.83037035940214,23.380383235888175],[86.83657645228915,23.375053128643376],[86.83277824321554,23.35947765127501],[86.81678456872683,23.361184005357845],[86.8103372790843,23.35295833707333],[86.80879741936364,23.341923313968334],[86.7959648813254,23.34348683662896],[86.78715087226905,23.338679501405696],[86.78416527381158,23.31070909252603],[86.7903780654357,23.300185690329794],[86.77778914511264,23.2941867742766],[86.78611843581808,23.276705980972096],[86.77928284310582,23.272110395908157],[86.78335767489642,23.26041476155159],[86.77912583106887,23.242778533908336],[86.7770722787361,23.24098925667993],[86.77489305568837,23.24540517039145],[86.76868095217375,23.241919914421274],[86.76965402795078,23.237327225889857],[86.7808477343819,23.230837233664747],[86.78041827140413,23.22432023259283],[86.79026113263345,23.211266736479345],[86.77964604994149,23.200985035085953],[86.76915531294945,23.20445231363362],[86.75884737233795,23.19938768970135],[86.75621802416256,23.193788765006413],[86.7585931365361,23.17564282469768],[86.7511392343121,23.172110473335483],[86.75210755530631,23.165886601013096],[86.744930839043,23.168292889519314],[86.73815276366174,23.162550179366963],[86.73124383787957,23.134540627810487],[86.72385551626456,23.12398007706788],[86.71700371704624,23.122540271318545],[86.73165170805287,23.104935796319023],[86.74630892385913,23.10303349339238],[86.75164842187301,23.08848495202996],[86.74631706978211,23.072704233665295],[86.73052934575037,23.04890502036274],[86.73986599463902,23.043186489407933],[86.72622497284507,23.035572009355704],[86.72721600055472,23.029785143636122],[86.73519548728852,23.025159706609543],[86.72804067913836,23.011197104158743],[86.72785220360862,22.998294126114313],[86.72021938303114,22.990976477908045],[86.70946221650561,22.955703192352303],[86.70220372839863,22.952082573776387],[86.69559720428717,22.934693582283604],[86.68923435448475,22.930945125055423],[86.69659749632235,22.924232786661616],[86.70160546030087,22.910530608258014],[86.69897222870853,22.90827764905636],[86.70554643682594,22.898737390119145],[86.70606370742777,22.89341417600835],[86.70183395757316,22.89377591227513],[86.7008862574063,22.889273207492494],[86.70652506149646,22.88784021143396],[86.70609379470159,22.88022670126328],[86.69609044315854,22.868205117532455],[86.68560445286445,22.86225579979816],[86.67724251019507,22.862355930421263],[86.67329452770909,22.854108955321276],[86.66258545428893,22.851795348121254],[86.65580272293955,22.83727963115148],[86.64817526260939,22.840051464445157],[86.63388457920198,22.82460511797117],[86.61681514610937,22.824096062756166],[86.60817963589324,22.80623958181202],[86.61075024502881,22.798265386965713],[86.63183805079642,22.796433397494056],[86.65674060721531,22.787342870049606],[86.67201166700802,22.76928803029326],[86.69538830286449,22.768189813233874],[86.70155199257515,22.75756170280321],[86.71727038822654,22.74481014551803],[86.74741280961287,22.737412554841878],[86.76795125695668,22.728257359788927],[86.77313809616955,22.71867441540667],[86.78837165938396,22.710098636593496],[86.80365861306905,22.708782619448677],[86.84042877857044,22.68343000632703],[86.8448851994224,22.685252385636],[86.85931798462964,22.66754255766225],[86.89443519341437,22.65117400695712],[86.90330049447682,22.63616468811793],[86.91222737954355,22.635122063601834],[86.91632414370187,22.626970833845544],[86.92179812849693,22.63170811270684],[86.92286083727468,22.628806590984887],[86.95249644444905,22.636825867396325],[86.95366874769145,22.641593281132806],[86.94546525166852,22.651671383031626],[86.94798480325828,22.669540919496477],[86.95731245192609,22.666845715669975],[86.96205874025561,22.675574408784627],[86.96766660007918,22.668970089004148],[86.97334330409119,22.67334150991979],[86.98527138955528,22.67088914685558],[86.9913931234506,22.66212615999803],[87.00149526272543,22.658060412139548],[87.00539682566743,22.6488553896415],[87.0151186604718,22.650033135893835],[87.02120534120645,22.66793047722182],[87.01741217886811,22.669156905372255],[87.01836959790803,22.686978228448005],[87.01479104937927,22.69304362805912],[87.02049329429141,22.696453516420526],[87.02060218178197,22.70125139154096],[87.03049261419551,22.70170149816455],[87.03785557367512,22.719133967298934],[87.0517925517276,22.72759977401864],[87.07041897361673,22.730586643001953],[87.07629065785946,22.725786509092345],[87.08851858299906,22.73886450950398],[87.08336097316895,22.748310426477634],[87.08361073446235,22.76454723444549],[87.07743034956209,22.782932405894663],[87.06440441053142,22.793002346988473],[87.06502451038554,22.80353849055699],[87.05801084014291,22.809266986965063],[87.05359668502507,22.82262301530195],[87.06061595177191,22.83223500340201],[87.0598409113959,22.844103729554543],[87.06355618979913,22.85053650266621],[87.09336922592021,22.844334826063754],[87.12829163503558,22.844128952655225],[87.16167096127505,22.87433368768316],[87.1700552863681,22.889390175167158],[87.1817306254371,22.89174258136553],[87.19293840936703,22.887921022174826],[87.2030418898266,22.894813307931965],[87.21125205853548,22.8939957382833],[87.22146830002107,22.907791333277952],[87.24412229333373,22.897553420186583],[87.26752063338579,22.906933432235725],[87.2708843300514,22.903628531675523],[87.2849892571294,22.912140677032323],[87.28835808317532,22.924066570181378],[87.30372858108008,22.9271227322672],[87.31388056158185,22.93411203244631],[87.31733448054305,22.94474718383787],[87.32860556336115,22.944775823768992],[87.35738941762752,22.95443581333025],[87.36660868186135,22.945483098516256],[87.38595409284602,22.943544341793032],[87.39618689118065,22.93965825142614],[87.39709808381436,22.933961796781222],[87.41784352815246,22.932379025677296],[87.42347500468486,22.924233917672318],[87.4492244631092,22.920364514312347],[87.45678943932317,22.91227126533795],[87.47540765420388,22.911287803768367],[87.49882617401045,22.92250353223515],[87.49935373301726,22.926399697318608],[87.51134406364565,22.925532141295648],[87.51263031818186,22.921595830633567],[87.51753600267708,22.92493090473832],[87.51764434938183,22.931038944620397],[87.5327528949565,22.930235508299113],[87.5411383761813,22.921746753503793],[87.56555178645321,22.918832020158735],[87.57194340839588,22.915249442537966],[87.57091567732037,22.90972196230346],[87.58084005527184,22.909646710987502],[87.58584788540139,22.894781492072827],[87.60069817072177,22.89795824801509],[87.6013658040308,22.89080159084242],[87.61314214787376,22.887901587910235],[87.63109784624926,22.898734642744003],[87.62815721026838,22.90270493900243],[87.62002269228283,22.902873365444957],[87.62043629101268,22.91194927410914],[87.63238151723068,22.91887838350939],[87.6403621376384,22.918403561151592],[87.65206244987232,22.94916262098183],[87.64924182611844,22.950077598400647],[87.64916045582169,22.96635487637423],[87.64098386973139,22.966766098074842],[87.64042119198686,22.985449131463827],[87.64756093988132,22.989244384954297],[87.66768247820346,22.986270813190906],[87.6756479251677,22.99273887283389],[87.6919150297609,22.992516163961813],[87.69625448906459,22.998783929558634],[87.69819205721605,23.018222332063047],[87.68725538933045,23.018595766165493],[87.6864368282739,23.02540577510647],[87.70106053242847,23.0267223646434],[87.71198918285016,23.01022979472952],[87.71937223943931,23.017586115844836],[87.72114247660619,23.028207240644612],[87.73701751957849,23.027847676804967],[87.74156020295221,23.031106940026284],[87.73850183736349,23.0325398077295],[87.74169965112873,23.05541311558425],[87.75214303073561,23.063609722421585],[87.75303269614187,23.068843903463943],[87.76446274573098,23.0755877535385],[87.7623494419571,23.08168523856207],[87.75219916466109,23.08305119698724],[87.75403012973781,23.09756078631282],[87.74275685503042,23.102778080374275],[87.74739211787902,23.10687644240863],[87.74614559492953,23.111896677364758],[87.73242233955784,23.121212452564873],[87.73204059329134,23.13106698235472],[87.72861976467198,23.124757758750498],[87.73166120061089,23.118973321950946],[87.72792562477385,23.121127318487797],[87.724639796772,23.11624517777101],[87.69305659804418,23.128754363314986],[87.6881041885778,23.129115274958707],[87.68260145499868,23.123251490432313],[87.68971528739546,23.145443970853776],[87.67926686554486,23.150130447780857],[87.67632524501045,23.158080389165125],[87.66069569902888,23.1650785116699],[87.66074076660836,23.170756795080067],[87.66660643034204,23.16616938335382],[87.66836627220445,23.169833428672728],[87.66111035327918,23.173730632801554],[87.66020522966355,23.184616265927566],[87.65251606046321,23.189475420378713],[87.65409944984764,23.194177274174038],[87.6455133155311,23.196688103718692],[87.64915974435597,23.2101807155958],[87.64685069408841,23.21774317812787],[87.65790424177563,23.224920195796656],[87.65251957467264,23.22698040289549],[87.65300731944771,23.241069178767525],[87.6357959004379,23.240351405289793],[87.59962390601623,23.257892269348492],[87.59391763844822,23.26972678149573],[87.56382683425814,23.295162431103545],[87.55712783936796,23.312586713994524],[87.53802318137103,23.32180436000703],[87.52337346649738,23.337213122669155],[87.5002835585066,23.348770931085774],[87.44905048908306,23.402943997105016],[87.41180111909,23.426775127070297],[87.38220049500774,23.43733830777406],[87.34196024087005,23.467200036885313],[87.3026304984431,23.48358663901684],[87.27777469843643,23.499466868223646],[87.20865848935956,23.557561435659427],[87.1861615116771,23.56563833906695],[87.16032890249508,23.563619981941407],[87.1196831703977,23.577709109648843],[87.0871353984471,23.59789314873164],[87.07168770561499,23.6018267575458],[87.0584414098451,23.613410957672652],[87.03407849118035,23.617484860431915],[87.01436961734014,23.63242791483939],[87.00099760593953,23.629597599506557],[86.99266899436043,23.633067530061645],[86.9760166481559,23.6269139557149],[86.95705557597564,23.633462236481165],[86.92196261002549,23.629823846880015],[86.90798426635078,23.632466212160043],[86.9023037489904,23.63938841103114]]]}},{"type":"Feature","properties":{"name":"North 24 Parganas"},"geometry":{"type":"Polygon","coordinates":[[[88.8110179542555,23.255860271389192],[88.80588633987307,23.237446464321742],[88.81106875757808,23.221033206236115],[88.80734340906056,23.219016033596436],[88.77855568754688,23.220438744350055],[88.77275668599378,23.228661212059187],[88.77747219714335,23.23566415835269],[88.76717374723282,23.245354271720323],[88.75945666019014,23.245438554217245],[88.75902256909202,23.241514817857194],[88.7518474051175,23.239634726595703],[88.75258840383583,23.234328751327045],[88.72316906876107,23.2395550430232],[88.72011241176797,23.23365032207266],[88.71273473878233,23.237744493900145],[88.70758620283488,23.232346716074655],[88.71069574993695,23.22295696432076],[88.70182653132156,23.21452903341899],[88.7171027761901,23.21206369845413],[88.71386408189291,23.208641841546907],[88.7152892447181,23.19051474095252],[88.71929249784858,23.187185637517565],[88.71352524904582,23.176325115187485],[88.7167060900421,23.1806082246155],[88.71752092398856,23.17467555456052],[88.70974204632905,23.171015472897583],[88.71146451198744,23.166414762621063],[88.69952399024656,23.168772216441734],[88.69689318500379,23.157704226985338],[88.69394305383037,23.15752683103937],[88.70454996814148,23.13592298717558],[88.69300236321766,23.118588714756843],[88.69468500386455,23.110258764192867],[88.6834644988919,23.10838569296522],[88.68575368830682,23.10562574093014],[88.68245223500892,23.09829544273526],[88.67401804982438,23.094219248649562],[88.68473721941004,23.076120751609093],[88.68352937971329,23.068850878965417],[88.69653898827043,23.064348115060465],[88.68257398637432,23.052433439402808],[88.68502318909758,23.04790227693002],[88.68111501635171,23.04348507513729],[88.68655958850778,23.03880590140258],[88.68839728106764,23.02556393105244],[88.68000937349329,23.014114677205725],[88.67541281276206,23.015802373951256],[88.67798605396139,22.999229822402306],[88.66703520527074,22.992949514531972],[88.66208714095535,22.98289932683765],[88.66394675689975,22.949213620412205],[88.67858282366929,22.943802656674322],[88.67496297509534,22.94037464624897],[88.66859345530193,22.943371973593557],[88.6562280322283,22.938809406501793],[88.6612498302622,22.932393115716742],[88.6542696914342,22.919820414519187],[88.66884230300867,22.891715506736546],[88.65800788765694,22.875802270966496],[88.65261042315434,22.886428049915498],[88.64381056885193,22.886149625071273],[88.64359600085642,22.88081135828496],[88.62704570775979,22.881881550872908],[88.61139795921557,22.90746915764038],[88.60305011111302,22.90560828710526],[88.60170839189621,22.90926812117615],[88.58808283010835,22.91163495583075],[88.58205196439724,22.908816307464335],[88.57866896563112,22.915437052869137],[88.56571570839176,22.91388025598222],[88.56327903986167,22.922868737858703],[88.5597120149214,22.91965661854803],[88.54740827646339,22.92193139116123],[88.52777048361668,22.93464412030321],[88.51344560583796,22.93375475462639],[88.51078930730576,22.93593296850912],[88.51443694346638,22.94039161269553],[88.50529345212675,22.94664136210681],[88.49162420257164,22.93741115639781],[88.47128773423292,22.936041924942863],[88.47216693696106,22.945046638376372],[88.46553267107701,22.943345523096788],[88.46401275305732,22.950076349314905],[88.45150763297386,22.94900129995879],[88.42237339442417,22.957384841295994],[88.41374154394452,22.952125551608397],[88.41423370393923,22.9423944748196],[88.40623120955433,22.94262524431835],[88.39757401490557,22.919868481135214],[88.40331434209756,22.905037013906945],[88.40370599678165,22.887946269417988],[88.37116103026965,22.857538284800643],[88.37762052891519,22.830506747834644],[88.35656507148093,22.825542559540594],[88.35300999323562,22.795978043455058],[88.33013220263624,22.7812970386904],[88.33620597188526,22.766136748922435],[88.36368692223998,22.7430276486857],[88.35753408597455,22.71853240943168],[88.36249448326048,22.694776113899344],[88.35157918988875,22.670289990671602],[88.35079582213005,22.650350833052066],[88.35712871401608,22.632772832247586],[88.39146035596632,22.62911475631127],[88.39106223520882,22.597011924575384],[88.40879387398954,22.56160780995503],[88.45317393326575,22.518472561551672],[88.4598416910385,22.52010638451715],[88.46245496386189,22.529266783906117],[88.46764009358073,22.57413510058088],[88.47449578879244,22.576016234959944],[88.47600140473448,22.56845172542534],[88.48175594686754,22.567447179218583],[88.48500425134164,22.55996486662975],[88.49308110377419,22.558562316353246],[88.49345783115317,22.555114638716475],[88.50937317254916,22.558575171575466],[88.51058486332352,22.552096684583724],[88.52134849502413,22.550334106148245],[88.52427940404709,22.552793368840106],[88.5215163407434,22.561817381138237],[88.53899595178125,22.574295415114147],[88.53815741398942,22.580158280343603],[88.54575097190077,22.58532451162918],[88.5472531248374,22.593103154547272],[88.55493510571877,22.592775783101274],[88.54904693200069,22.595164982105356],[88.54348879752135,22.60632571674253],[88.54669192032993,22.605706992734852],[88.54718362847207,22.610337351474247],[88.55317303244121,22.606600456338438],[88.55484243551406,22.61904623735824],[88.56150122091378,22.618697954967555],[88.5604486891499,22.62424108211404],[88.57380950664378,22.619427373267534],[88.57978014121339,22.612761814122415],[88.5888435342707,22.61582285018771],[88.59334300867927,22.61293433345634],[88.590505351071,22.597280469272192],[88.60964034158181,22.591734755474068],[88.61268040489496,22.581719859259962],[88.62283548817774,22.58124841993177],[88.6266432032237,22.575658621523882],[88.62334352320016,22.561705847909842],[88.62979737683244,22.557095290861913],[88.62900709833427,22.548511150287354],[88.64532480502744,22.527974956989443],[88.65224519331265,22.52729848433829],[88.65060021183912,22.517070665157902],[88.65673096302326,22.514898626698976],[88.65689592155721,22.504871833496082],[88.65234924427372,22.503821839241176],[88.64967994981427,22.495211483924482],[88.66544002819317,22.49269166422497],[88.6855828359263,22.473075609293133],[88.68714459567529,22.466257036658575],[88.70653923703249,22.456154049612135],[88.70319519370867,22.43401482873268],[88.73350982752483,22.42067863584876],[88.73323465019709,22.41120751828662],[88.75496454567867,22.39851866690107],[88.75083487623155,22.391650353609915],[88.75946585265044,22.396856105686172],[88.76675355127551,22.39325634937011],[88.76865645254188,22.390346555331032],[88.76258301926276,22.384896402008707],[88.76609979963254,22.380094469921456],[88.77379221085273,22.388093327570004],[88.76941561429692,22.377181208295013],[88.77182197366929,22.371059870695884],[88.77936804843137,22.371337044826003],[88.78388375809206,22.36665656744812],[88.80092942535552,22.37392161649469],[88.82194002092447,22.371263581411757],[88.82244562330912,22.36125800980417],[88.81767505531407,22.360000303006846],[88.80432157436115,22.329042318568376],[88.81172385579566,22.317865145002013],[88.80431852907232,22.297307155020768],[88.80520472249,22.284471128045524],[88.81594772168519,22.283134866006467],[88.81534944729921,22.26284016446204],[88.8282248538411,22.265012814257098],[88.84191649929456,22.27515697266214],[88.85060086169247,22.287511871049816],[88.86382597069638,22.27694106622097],[88.86423444633415,22.272434177350448],[88.87647689094372,22.275839090921444],[88.88840277733198,22.26602948210189],[88.8956288937494,22.25234000292838],[88.9061552157048,22.251724778191733],[88.9065189300886,22.263556533570213],[88.91209560489706,22.272908805478895],[88.92262331025799,22.259927177751372],[88.92823346617546,22.264886111633864],[88.93474298301601,22.26471829000526],[88.93581882695982,22.254706186817828],[88.95482951039827,22.2442598710286],[88.96203862080905,22.21530614888093],[88.97014286826445,22.200486057233718],[89.00094583435393,22.203676961137962],[89.01830811553423,22.198813526571126],[89.023772577289,22.187330224273246],[89.01898030240345,22.164476904532687],[89.03029905881367,22.14981188459148],[89.05373691665336,22.13475660788369],[89.05699713009318,22.119573616244264],[89.09310075014534,22.146338174473648],[89.0956206368067,22.16035895742422],[89.08822247324944,22.161701566205146],[89.07925616920973,22.15196458189164],[89.07123634811967,22.15645085541969],[89.06509070107147,22.207109976728887],[89.04149627226765,22.23057168564017],[89.03320787107727,22.259309784880546],[89.02907735721378,22.262239354167296],[89.0167011453736,22.254509252310193],[89.01283609715125,22.255641948476256],[89.0211206409758,22.26835636015469],[88.99506724206665,22.28736199901446],[88.99955685027844,22.296725499518544],[89.02281236718346,22.294417045798635],[89.02508057285169,22.298488231007784],[88.9996880141914,22.324733561424832],[88.98980076989882,22.322757101358906],[88.98465054511865,22.326448677788477],[88.98653285250708,22.357835278625963],[88.99062727296081,22.366185063420108],[88.9840897403615,22.377648060722088],[88.9917844647435,22.391106950631144],[88.97272547709562,22.41124658344204],[89.00059445114401,22.429402746324158],[88.99000375411872,22.443653254749602],[88.99674967520271,22.468861942705406],[88.9743460190035,22.497484749465155],[88.97263974368153,22.515150983371587],[88.96217324233751,22.547358528886875],[88.94402585246353,22.560461022850326],[88.94536339631088,22.571148136699254],[88.93888955965511,22.58730574575916],[88.95937749832378,22.614067715940678],[88.93611326506556,22.626599517190638],[88.92611995668737,22.64977713552529],[88.94173571802091,22.659369501147037],[88.94789918944097,22.6783060717915],[88.95474445161895,22.685776171061672],[88.96198765668802,22.6854174465515],[88.96263879872508,22.69330857051234],[88.95477648194871,22.70515772980192],[88.92812633938287,22.717790636969532],[88.92570415169519,22.72752338297638],[88.91650216655583,22.734545673916962],[88.91667961526547,22.744420655051005],[88.92205263930408,22.753030721178515],[88.9122654529611,22.757849841705962],[88.91945692854456,22.770500238718682],[88.9262386780353,22.76994458550983],[88.92469394046263,22.77964882481625],[88.936407950208,22.78195323134199],[88.93886710806122,22.792939522280893],[88.94401043288168,22.790094716145852],[88.95015317028667,22.797468577831744],[88.95915458497926,22.7967575406821],[88.96074489588294,22.807015324626107],[88.95618479597249,22.811546943119257],[88.96424102398437,22.819730067698966],[88.96950296504991,22.843997793805286],[88.94593673526117,22.880207832827484],[88.94003757874044,22.87469663022637],[88.92772815664162,22.872034858824854],[88.92340065211775,22.87921341173413],[88.91788839459998,22.876358844705532],[88.91536593067208,22.87994828273528],[88.90948703385592,22.879010895109896],[88.91202507636748,22.88045345830757],[88.90571680550678,22.88510903234979],[88.90777022129562,22.893301272618597],[88.89684158973856,22.897023368073302],[88.90158546788818,22.90502577832604],[88.89737454762022,22.913073133458518],[88.90736103419215,22.914125466361856],[88.90971261160357,22.917784092504373],[88.88795291900398,22.933151624447973],[88.89378460575871,22.938253716132646],[88.89430061422757,22.95310982178667],[88.87947933730435,22.95490392499402],[88.87532105202385,22.948850107183844],[88.86884116251966,22.95214852120091],[88.85999373793139,22.943637087131833],[88.8558337449535,22.9597436504526],[88.85764421317039,22.967909214714957],[88.87166541726391,22.978190211527192],[88.86518675665508,22.98987480462613],[88.86648635656312,23.000182935040154],[88.8514497893989,23.00299679606431],[88.84612966984231,23.009404901828407],[88.87631620120399,23.00286601996913],[88.87941612734939,23.006015595375676],[88.87936959282105,23.010230048569664],[88.87331665460509,23.011353889341205],[88.87092712966115,23.016950606846226],[88.87669984740735,23.026407186266688],[88.87998114879848,23.025703503216825],[88.88336386549362,23.04065990710871],[88.87431238858855,23.04498045224657],[88.87324356318203,23.066013965578616],[88.86783370282686,23.067395157528846],[88.867525334546,23.072529061747595],[88.86054266516383,23.07739690652355],[88.86462982363679,23.07715872873964],[88.86526753047046,23.085277513551087],[88.87394202307837,23.08971690283478],[88.86608022642655,23.10028270892439],[88.88335046173125,23.104607881677374],[88.88219679853098,23.110063410209133],[88.89094298298674,23.107781014194387],[88.89913562825939,23.11199355782558],[88.90966368845487,23.12940112789005],[88.91675388078664,23.128851961063447],[88.9209015605569,23.142859137069838],[88.92982550364108,23.14190662676924],[88.93153774467491,23.155512177671405],[88.92708898106243,23.16185814067455],[88.93345307233656,23.16124478146173],[88.93271749584932,23.167824994252225],[88.93860002635081,23.176318688660142],[88.95616728870588,23.18186915263396],[88.95844162178265,23.189531872792394],[88.96432700713011,23.192742272091614],[88.97474187061664,23.191362714553094],[88.9753308124051,23.181095485393826],[88.97963408307754,23.18191657334446],[88.97948169916094,23.193297596941797],[88.98667722165472,23.20231199382353],[88.97908611255086,23.21257729917449],[88.9831227012632,23.215591619629038],[88.99440384611079,23.21415507656661],[88.98233568454782,23.221395609371783],[88.97931488201267,23.21480592477637],[88.98015133481475,23.22171362146564],[88.97494429249117,23.22351080315109],[88.97780080933053,23.21376954969977],[88.96984408860096,23.221938336335704],[88.96314983501888,23.214111550021276],[88.94210367065622,23.20565198896652],[88.9286467118674,23.21115667933023],[88.92662738804192,23.21722165118727],[88.9168658270407,23.21884553391939],[88.9206441581937,23.216442103222697],[88.91405447749385,23.213003679829146],[88.91444766380549,23.228130676156884],[88.90623168299672,23.23571593570035],[88.89889565051776,23.231227128404726],[88.88611590107891,23.23085250096712],[88.88554573857142,23.22616183217996],[88.87434303820771,23.233379801122165],[88.86066614848112,23.23156064763059],[88.8549072189762,23.235761507277797],[88.84520167601782,23.23009325619217],[88.83666374170619,23.24269386261375],[88.82321671379277,23.232937284856675],[88.82791998359998,23.245009361851757],[88.8110179542555,23.255860271389192]]]}},{"type":"Feature","properties":{"name":"Hooghly"},"geometry":{"type":"Polygon","coordinates":[[[88.45897305339642,23.22334849846092],[88.41432346450071,23.210403483267495],[88.40266788567303,23.18887151447371],[88.38255385636832,23.196026988067306],[88.381690739772,23.180697455653583],[88.3670633094056,23.17704681009783],[88.36884035400568,23.167060652563524],[88.37542775837466,23.16299935748759],[88.36229612446596,23.152398589830483],[88.36676344547556,23.139109933429417],[88.36172466479123,23.1355126981124],[88.36020104840749,23.117696791917695],[88.34690809863335,23.117006080674393],[88.34277691372831,23.130423204737486],[88.33014317196415,23.12773930815495],[88.32141402765103,23.132769010354366],[88.3170052471535,23.12542785442297],[88.31033304182176,23.127923150894667],[88.29815592539464,23.125267056583887],[88.2965369366738,23.129907376287772],[88.28973381626244,23.130278139416347],[88.2859641053429,23.126835383895585],[88.26946390589974,23.12715186853177],[88.25500685719668,23.136408926916804],[88.25407375375487,23.1462275851676],[88.2482821435399,23.14769917370048],[88.24968367348663,23.150690133007885],[88.2463897696304,23.144910055155982],[88.24147041726812,23.155350384301087],[88.2333177146863,23.152936861561404],[88.23579448760388,23.158184938076772],[88.22692119512868,23.157548736497024],[88.22189069241968,23.15150230438642],[88.21678081726714,23.158170291834963],[88.20404036463036,23.1594801425253],[88.19465006745465,23.15720506603199],[88.1887430425903,23.159870389930525],[88.17875685695401,23.153664880532258],[88.16935340574759,23.15561337606767],[88.16447981805747,23.14065609648818],[88.15379548693518,23.13265570820643],[88.15362332930253,23.1255306005715],[88.16307638008908,23.12448421944136],[88.15754097927464,23.097345964268037],[88.14655717678609,23.077486320292362],[88.14240304172218,23.073705812978016],[88.13323010720079,23.07670528724064],[88.13244849295357,23.070097086994867],[88.12156486878885,23.06396868166712],[88.11580899445423,23.052221185371447],[88.09929426296472,23.054383562881306],[88.0967756833521,23.046737963011797],[88.09070416707777,23.047425394125455],[88.08791834585465,23.04300814858638],[88.07219536160876,23.047800188096776],[88.0660791370811,23.044951981529913],[88.06426004773243,23.04888982655965],[88.05345199164604,23.04196426784219],[88.05120149895862,23.046505826444424],[88.04707537965349,23.021342761567617],[88.03644081070635,23.013138874900044],[88.04688696431084,23.00248734863863],[88.04998017195622,22.98974823417479],[88.04296252577014,22.98951097235329],[88.04191738264947,22.98516698111035],[88.03576749195987,22.98841582104206],[88.03750445912189,22.985003788548887],[88.03284734205904,22.97958717008659],[88.02053858651017,22.987559963370956],[88.02056805933631,22.97598388837404],[88.00700243673747,22.9814210736624],[88.00363601997317,22.970319053418788],[88.01024809746968,22.964464818589104],[87.99620956667096,22.95788127138031],[87.98887984306027,22.957800980455712],[87.98755211869727,22.96530415284773],[87.98175547073022,22.967088882826406],[87.97739021181161,22.962485440419346],[87.96546255664057,22.963438395440846],[87.95928320929451,22.952764327011614],[87.94887754455648,22.95881930304504],[87.94000027613782,22.94289976766762],[87.93265770661856,22.94414550067404],[87.93279957844967,22.947130743104488],[87.9125197830256,22.94498780837452],[87.91139813398544,22.941601690681434],[87.88989462383694,22.934189092731348],[87.88671139511864,22.938762518860337],[87.8900022491945,22.949372423144528],[87.89314172726353,22.949499906596834],[87.8901540635792,22.95064642588455],[87.89185934087294,22.958498202497786],[87.8858135676197,22.96202131780353],[87.87367015328708,22.955780354494845],[87.87253644885583,22.94113440989914],[87.86050605695895,22.939613002079312],[87.86010927738616,22.94302263205022],[87.85805164310875,22.938209072713818],[87.85348344937758,22.94237380251638],[87.84150260316193,22.939769363214893],[87.83878906397982,22.935708742275942],[87.83342649812771,22.93735010677598],[87.83342541565781,22.942219357834876],[87.82901503795576,22.942063910340384],[87.8278655249721,22.949698956970316],[87.81982256058538,22.957628869467246],[87.81695130149386,22.95516675608902],[87.81959443791051,22.95216738541429],[87.81359403856231,22.951323241346074],[87.81424443769264,22.945480001340197],[87.80358182873225,22.947835340232825],[87.80414905644368,22.952818304631244],[87.79651096365379,22.950646628549936],[87.79281368299729,22.956341681205],[87.79578217753176,22.965014776914984],[87.78879698118871,22.964612061782162],[87.78580785235219,22.969920204179495],[87.76223811374392,22.96144736522025],[87.74701564292661,22.961928871256085],[87.74063633508986,22.967611658531077],[87.73912160394262,22.983273426833374],[87.70568067124097,23.015980281147534],[87.7023892655995,23.0253502126784],[87.6864368282739,23.02540577510647],[87.68725538933045,23.018595766165493],[87.69819205721605,23.018222332063047],[87.69477117559609,22.99475080096085],[87.6756479251677,22.99273887283389],[87.66768247820346,22.986270813190906],[87.64756093988132,22.989244384954297],[87.63837893507049,22.981277662988347],[87.64277811527253,22.978682074423123],[87.64098386973139,22.966766098074842],[87.64916045582169,22.96635487637423],[87.64924182611844,22.950077598400647],[87.65206244987232,22.94916262098183],[87.6403621376384,22.918403561151592],[87.63238151723068,22.91887838350939],[87.62043629101268,22.91194927410914],[87.62002269228283,22.902873365444957],[87.62815721026838,22.90270493900243],[87.63109784624926,22.898734642744003],[87.61314214787376,22.887901587910235],[87.6013658040308,22.89080159084242],[87.60069817072177,22.89795824801509],[87.58584788540139,22.894781492072827],[87.5810182028708,22.909458013638083],[87.57091567732037,22.90972196230346],[87.57194340839588,22.915249442537966],[87.56605254961343,22.91862727904859],[87.5517807910141,22.918415099280498],[87.53590423617716,22.92436233489926],[87.5327528949565,22.930235508299113],[87.52294250692636,22.9306107980633],[87.52255418678858,22.917134884728068],[87.50484227501153,22.91801986505986],[87.50526571119205,22.905145241349192],[87.51098601313971,22.902852464514048],[87.51094967269324,22.897211169129918],[87.52716760171118,22.897648776418244],[87.52287043509112,22.890185311360266],[87.53252266842729,22.881809467161975],[87.52800143143261,22.870977890468886],[87.51963739838357,22.87148435584401],[87.51560724879518,22.86612832984086],[87.52610857961935,22.86352451592133],[87.55659656313253,22.86672271199045],[87.5697781640323,22.850049761484424],[87.58904150942415,22.841361339323868],[87.6128604047596,22.850602782597367],[87.62295432624626,22.844310306677414],[87.62568296880323,22.837889195506992],[87.62282108991992,22.832071494191013],[87.62961803082048,22.820973853776902],[87.63032260465064,22.811846554934824],[87.65099981026484,22.80139135934161],[87.66452679093344,22.80724682693051],[87.67562855749017,22.806178830936688],[87.67908563762285,22.80027769539189],[87.6830384162141,22.802124809156552],[87.68429786322561,22.793111951437353],[87.67697293572019,22.78203454975418],[87.68601335166916,22.774960940461817],[87.69361278456246,22.78014551639614],[87.70276587529924,22.77777716262733],[87.70535177915083,22.784773893358818],[87.71839016883135,22.788321013735438],[87.72669315506866,22.787211647392564],[87.72593076656511,22.77441907638194],[87.7408933808219,22.77746976565438],[87.74400879571937,22.761012225496724],[87.74064314881129,22.755480566790286],[87.74373317192898,22.742625281171144],[87.74053285725395,22.737191277940962],[87.7482959209712,22.7349139609026],[87.7605126369327,22.722693936167452],[87.7640661027021,22.70673000034178],[87.75864486338723,22.698625279863034],[87.763464534194,22.696612851266785],[87.76377379809517,22.68819191746691],[87.7730349211263,22.683757135305104],[87.77660231437586,22.671240944925984],[87.79017087716068,22.653093524253443],[87.79700115903299,22.651096523754482],[87.80250120036119,22.633984961914102],[87.81244137428865,22.633763606696224],[87.81295983425993,22.614612158335273],[87.82293073865493,22.615508832142737],[87.82470325664431,22.607127509031283],[87.84507396247344,22.60160240839227],[87.85253701583527,22.594078750347084],[87.86392655589661,22.607513897508696],[87.87781156910488,22.602823226243082],[87.88306635508916,22.608110525388003],[87.88922029538406,22.607882611151613],[87.90060753126672,22.616921406843023],[87.90169440203067,22.629226179390226],[87.9200856791144,22.627574997371394],[87.91997107025385,22.634040694291652],[87.9382912196317,22.630555922096857],[87.92842590860508,22.649852000556766],[87.92905217269865,22.66974274338714],[87.92262781794369,22.686691410563462],[87.92984003203378,22.697200853498423],[87.93763706195021,22.69703744189604],[87.94393631282718,22.71570936367137],[87.94472624188066,22.73383518474548],[87.94894794552532,22.738022179633532],[87.9465600007179,22.751219403158824],[87.94947333869395,22.771544324587417],[87.96127312676914,22.774324182897512],[87.96498422441302,22.771363019464694],[87.98058987610635,22.78137913852107],[87.98281806272698,22.77837544157505],[87.98777253652192,22.780678561815893],[87.9907564434517,22.775486174818305],[87.99816169022499,22.744676699812306],[87.98779513723616,22.732145783250463],[87.99663745580037,22.714121117236157],[87.99261722181608,22.70430858845592],[88.00642715383287,22.695695483483533],[88.00997730122562,22.686737845496378],[88.02199929567118,22.687490443781254],[88.02530275221214,22.691027609229018],[88.04853462635721,22.680791166808604],[88.04762271057967,22.68865076441149],[88.0523732766866,22.696062323595996],[88.06198921000045,22.69911597249472],[88.06018787764998,22.710107848077225],[88.06331638279785,22.713280095072253],[88.06689854075739,22.708672156771044],[88.06562484377054,22.70277764705539],[88.0730471567376,22.697753192371202],[88.06654869187,22.68660331460242],[88.10099175455989,22.69342286538198],[88.10477485127547,22.701608590359545],[88.10004791175885,22.704964424884242],[88.11123825579584,22.707488302024814],[88.11112173442204,22.700010552989152],[88.1125343181383,22.70274781586096],[88.12071067425991,22.697805124754023],[88.12210258324994,22.685907351038455],[88.13236223312671,22.685394491598764],[88.13513290156764,22.678103046218745],[88.13574691982726,22.683013385032957],[88.14224062092892,22.68331051132598],[88.14885466663424,22.675346744052277],[88.15034936535064,22.68631960812544],[88.15638812006655,22.6896748143354],[88.15893959598488,22.683266200355366],[88.16924325792067,22.681235944872594],[88.1730279671122,22.689618373552857],[88.17540698805554,22.68102373340707],[88.17029244795174,22.675687340019635],[88.1758407108444,22.66390613986769],[88.17531000863242,22.6541587702567],[88.17930991464013,22.651706581650863],[88.18220530966668,22.657637313181073],[88.17673052537098,22.663198745077352],[88.1827782731212,22.67050890223661],[88.19552894589093,22.667187305909273],[88.19694598525103,22.66253163891004],[88.20336932221483,22.66971465400876],[88.21975397944782,22.671165467396712],[88.22346354726075,22.66836815086718],[88.22290156840553,22.671755699954677],[88.23245441752856,22.670767103641627],[88.2326553985054,22.675768784629835],[88.23722694924078,22.67371751023432],[88.24211730578233,22.677348474253524],[88.24071230025378,22.671148629031237],[88.25939136431687,22.67021086126971],[88.26111656085371,22.663147885512597],[88.27963182161633,22.65769363697567],[88.2789527994661,22.664149919249827],[88.30786654293605,22.661646287205915],[88.3180860066786,22.67082574630061],[88.32516597708073,22.663948702210828],[88.35003033893038,22.655083044637852],[88.35211678397556,22.6720912145727],[88.36249448326048,22.694776113899344],[88.35753408597455,22.71853240943168],[88.36368692223998,22.7430276486857],[88.33620597188526,22.766136748922435],[88.33013220263624,22.7812970386904],[88.35300999323562,22.795978043455058],[88.35656507148093,22.825542559540594],[88.37762052891519,22.830506747834644],[88.37827186498836,22.837005876770373],[88.37118302911267,22.848811335604072],[88.37211709285351,22.85971774761704],[88.38463443002483,22.867324030267486],[88.38313665188365,22.86940007047539],[88.40370599678165,22.887946269417988],[88.40331434209756,22.905037013906945],[88.39757401490557,22.919868481135214],[88.40623120955433,22.94262524431835],[88.403891026374,22.97081454359717],[88.41069333919995,22.991469466044364],[88.43001184743846,23.008169967019235],[88.43408233138312,23.030174923009646],[88.40580704933171,22.989009385666968],[88.40436731942586,22.991247459646182],[88.42064293914966,23.019001973906324],[88.44964281847892,23.055490020704475],[88.47840769403828,23.044945827284717],[88.49463485594072,23.047540957019983],[88.4634691582244,23.059711654425325],[88.45950035548506,23.067593444764075],[88.46705818110937,23.08201984018378],[88.49744851325957,23.09821644841345],[88.50206948660694,23.105453370785526],[88.48707264384292,23.121686785230477],[88.45214258916614,23.131236838835267],[88.43601721357189,23.142278678369095],[88.4332253116526,23.148143413443567],[88.43973280638544,23.155734244304423],[88.45489128122195,23.155197296246467],[88.45813194821949,23.16000776612243],[88.47002051859086,23.204856794432583],[88.45897305339642,23.22334849846092]]]}},{"type":"Feature","properties":{"name":"Paschim Medinipur"},"geometry":{"type":"Polygon","coordinates":[[[87.35739062945483,22.954435339354728],[87.32860556336115,22.944775823768992],[87.31733448054305,22.94474718383787],[87.31388056158185,22.93411203244631],[87.30372858108008,22.9271227322672],[87.28835808317532,22.924066570181378],[87.2849892571294,22.912140677032323],[87.2708843300514,22.903628531675523],[87.26752063338579,22.906933432235725],[87.24412229333373,22.897553420186583],[87.22146830002107,22.907791333277952],[87.21125205853548,22.8939957382833],[87.2030418898266,22.894813307931965],[87.19293840936703,22.887921022174826],[87.1817306254371,22.89174258136553],[87.1700552863681,22.889390175167158],[87.16167096127505,22.87433368768316],[87.12829163503558,22.844128952655225],[87.09336922592021,22.844334826063754],[87.06355618979913,22.85053650266621],[87.0598409113959,22.844103729554543],[87.06061595177191,22.83223500340201],[87.05359668502507,22.82262301530195],[87.05801084014291,22.809266986965063],[87.06502451038554,22.80353849055699],[87.06440441053142,22.793002346988473],[87.07743034956209,22.782932405894663],[87.08361073446235,22.76454723444549],[87.08336097316895,22.748310426477634],[87.08851858299906,22.73886450950398],[87.07628865371807,22.725786232348632],[87.0898247513885,22.718479974481372],[87.08968194980105,22.70898656331558],[87.09938390488819,22.694252875877783],[87.11589198255639,22.693710025548125],[87.12388306025231,22.684747575754727],[87.11459933471029,22.670437583769043],[87.09583652430652,22.66160436576535],[87.0974204706464,22.652182411249466],[87.08839366058073,22.634273092208726],[87.1016617908019,22.609706775259276],[87.10021345773058,22.600685001106875],[87.09179435346302,22.589984424728442],[87.09259180051713,22.58419011361978],[87.10250945368041,22.573511600866535],[87.10620152410823,22.551043482666053],[87.11475779572979,22.543497706259988],[87.11159870833646,22.536414048505968],[87.0932582184056,22.520740333063728],[87.08686667461637,22.502768612781086],[87.08942347754433,22.48569653608653],[87.08219976232367,22.4716401341402],[87.08781545815145,22.465998642864708],[87.10327111904013,22.465966012588588],[87.11623494046725,22.458139595715178],[87.11856768469873,22.446239807651956],[87.1023306557012,22.43220233254255],[87.10415918364855,22.429263544200023],[87.14417106987135,22.419965055860228],[87.16249972180336,22.42514639522876],[87.16580417996587,22.41748158443007],[87.1763304102931,22.412378641032966],[87.17320902159899,22.397214953785966],[87.19121064275015,22.400357092534325],[87.2092242366474,22.411977523360868],[87.23999895611105,22.41018641650276],[87.24338509718406,22.41673096229654],[87.2522630887465,22.413674080117783],[87.25000385545135,22.408776588488223],[87.25453725293998,22.408375065106505],[87.25828982759718,22.40220773905089],[87.2447030047576,22.39835987037158],[87.24452523714602,22.39192464115095],[87.23979137251688,22.387975135757397],[87.22275115712885,22.384378112406313],[87.2201494429283,22.380699643129986],[87.21194757914421,22.381786613003946],[87.20370007285884,22.37583251000131],[87.18782322337451,22.37496023623134],[87.181008959362,22.37035191245854],[87.16506268627586,22.338678294043895],[87.15548509395666,22.34238081634636],[87.15563797733654,22.329131918155348],[87.16155746273219,22.326132570471053],[87.16875689110081,22.32851097780016],[87.17404496954786,22.325204580796626],[87.17289867882114,22.32146109780577],[87.18812591250612,22.316576527934913],[87.19559174525538,22.305321309951157],[87.20462967197274,22.304301229385175],[87.19035227105513,22.28134096551501],[87.21618534646272,22.267173339529194],[87.22030952001697,22.25566147292414],[87.22853234688652,22.24747029155698],[87.21981362213236,22.2287827486327],[87.20564528567338,22.23768547902769],[87.20029517675933,22.233478907589653],[87.19350589579325,22.23452102434696],[87.19018279758858,22.23991015613609],[87.18207389326669,22.235580620901708],[87.17634984893756,22.23790792928655],[87.17368966698838,22.211653189990855],[87.18216586009055,22.191105699668913],[87.17886183940757,22.18680134900742],[87.17110977466267,22.19073648113578],[87.17226684247784,22.180408672338245],[87.17926654032455,22.178288182964035],[87.17126739575735,22.17416977432734],[87.16956418189383,22.160488951685487],[87.16533134183464,22.1571824755344],[87.18430282279407,22.154069636161015],[87.18512027263463,22.146596929904454],[87.17761131805676,22.14010526394771],[87.16919973538307,22.14007135177026],[87.16282329586701,22.15139303951429],[87.15838050066131,22.14380569860411],[87.14949226021977,22.143807083977684],[87.14959008585589,22.139613210399347],[87.13677406783573,22.126365598005155],[87.13970374167519,22.121577138521566],[87.13693800857845,22.112200346312324],[87.14192869615745,22.10466917722673],[87.13467314015153,22.088840725460447],[87.1526810917305,22.085187128993606],[87.16158923614378,22.07681073461313],[87.17342181991339,22.05782900344634],[87.19418537518594,22.038255210279242],[87.19058298986111,22.03430681581386],[87.19637109844308,22.036648691937817],[87.20549053110275,22.024757091360897],[87.21482228417312,22.00758730780308],[87.21925753173382,21.98552666632231],[87.23223516386011,21.980094216797355],[87.24345743581893,21.964357488217292],[87.23919450489265,21.956036503265675],[87.23605573828932,21.956362154020955],[87.23597727943243,21.94355466524715],[87.25512166632113,21.9267181416696],[87.2552366803219,21.922542065487175],[87.24155453724752,21.911766198151568],[87.23864290247727,21.901767739664542],[87.25151875099031,21.875066671238248],[87.24661466010639,21.861344166729687],[87.24877014247781,21.853761887913734],[87.26005725932544,21.84893294243516],[87.25825822756042,21.844959758300167],[87.26527816534879,21.838943244417454],[87.26501122018232,21.830320819306873],[87.27071730449401,21.827763358923217],[87.26876448115236,21.823487354997496],[87.26392804688409,21.82341096809053],[87.26388996101099,21.818871883267544],[87.2747299566973,21.817222345656333],[87.27386802677545,21.809868203873634],[87.28257213234667,21.802815539752157],[87.29125652708392,21.810824908242495],[87.29795550849937,21.810781857475583],[87.2991847002521,21.800878179110967],[87.30969851226881,21.799305447048123],[87.31057386302102,21.792332381517255],[87.31802255232142,21.796288752924756],[87.319971380855,21.79052612673985],[87.33562023881856,21.79354938485838],[87.33777858052754,21.78372500487017],[87.34728881447178,21.79207251943587],[87.35544292471371,21.791066551516728],[87.35879497741658,21.781668145189254],[87.3711061027212,21.778085063354414],[87.36925979891099,21.764599708580242],[87.37378151380938,21.764212636822116],[87.37404285708172,21.772038329983477],[87.38574606728073,21.77583381535956],[87.39407363411915,21.77512595497334],[87.39169106483044,21.770832777556873],[87.39592148842152,21.76605389617447],[87.40439766445571,21.770536205629096],[87.44019004970298,21.768533779723192],[87.43837652451919,21.790715494560217],[87.42556243967351,21.7970063352377],[87.4318083027748,21.804403663152048],[87.43654436468316,21.804031841851224],[87.43687110710478,21.813905286743402],[87.44561324554851,21.823262024429244],[87.44128247295369,21.839868047593974],[87.45544129535546,21.84747310262455],[87.45669090042469,21.86688232204578],[87.45422934317136,21.874575864325696],[87.44968065725489,21.87629379117342],[87.44858876401022,21.892477731699515],[87.45538157715202,21.89044155743185],[87.45874795978034,21.897026743892347],[87.47632557881234,21.899235110750567],[87.47680830829319,21.90780174091266],[87.48380604062602,21.919234584094692],[87.48188572911117,21.93901835489683],[87.49528635095528,21.937523675746398],[87.49941264273694,21.95095608090547],[87.5123369939871,21.94888906105738],[87.50747588748952,21.957791002855835],[87.48571084991406,21.957936660089864],[87.47878727171127,21.98019490309107],[87.48308019019836,21.984508017803048],[87.48256881074816,21.990534119434262],[87.4785211835376,21.991223260568653],[87.47825688301133,22.002283849069503],[87.45980568111162,22.006860854797154],[87.46479645492887,22.026132848270436],[87.47692047732947,22.037557677895727],[87.48535353782326,22.031392445317117],[87.4889433934465,22.041976414325266],[87.48920594944447,22.044844019017678],[87.47850971564468,22.04670615403199],[87.47905239509433,22.05830779733385],[87.48655266206511,22.06272032763556],[87.47639810789006,22.066564936573638],[87.47451333732108,22.073926680950425],[87.4939809973378,22.091485903967705],[87.50887686587065,22.087676444055976],[87.53132268629435,22.089190738588247],[87.53776666654333,22.081872558681184],[87.5432799517338,22.084782248825967],[87.55455604894782,22.08307097116314],[87.56604215610558,22.095378825752125],[87.58250327074903,22.0949682174862],[87.58658803161848,22.082645336099556],[87.59245861003511,22.08854520005854],[87.62068076572062,22.092830233699683],[87.62317536660338,22.10315836713212],[87.67382802014876,22.1037787027588],[87.67746524034366,22.111240990088966],[87.70160984324156,22.1258871722139],[87.704838736919,22.153052758408506],[87.71271783781815,22.168802979530657],[87.70960219654519,22.181209835673215],[87.71269566560032,22.18070627681992],[87.71469431290289,22.188090406405692],[87.71989777094849,22.18172608398219],[87.72922506478177,22.1904964612448],[87.72881740571259,22.20297282722486],[87.71184371506297,22.205006006186807],[87.71325413473771,22.214250323617804],[87.69796606354845,22.217952159731485],[87.70773578933725,22.268987216989988],[87.70632243845972,22.280321100580956],[87.723480595458,22.319132679759278],[87.69858170057223,22.328962396256582],[87.68703119947996,22.323722766067608],[87.67530913454144,22.3241611643366],[87.67221458930463,22.32961026415445],[87.6658286186634,22.32361843621258],[87.6651143618928,22.330122267837712],[87.65765110910499,22.331205493468826],[87.64775411539661,22.325999092639474],[87.65020234704102,22.33287767234257],[87.64530506718363,22.332424513279683],[87.64490424339543,22.36408689827984],[87.65876879028654,22.40876168882086],[87.65269396461873,22.42671135956074],[87.64593560546133,22.432824529967238],[87.65944461353602,22.46248976706362],[87.6708715109368,22.462220289398914],[87.67374259036522,22.465758315765846],[87.67438434231262,22.483797495835883],[87.68838128021538,22.490505435098708],[87.6923484183765,22.50785043151712],[87.7094812985793,22.489838691740868],[87.73863877834201,22.487757137271505],[87.7450341157167,22.4756187668791],[87.76031079267489,22.4732416326556],[87.77676927345794,22.478234073572846],[87.78396726362381,22.48489968467958],[87.79212856308293,22.47907671546244],[87.8153773821492,22.499782855827487],[87.82809583684129,22.500638356610487],[87.84582728967074,22.51234911973656],[87.88330039047521,22.50951850130435],[87.88663677476292,22.518515266789308],[87.89354354099515,22.51941780445811],[87.88642895131858,22.528578729104424],[87.86410960829703,22.533575597504687],[87.86256295821111,22.54033326642044],[87.84524755920718,22.556363538890924],[87.84913643973397,22.562681506754963],[87.85016901722044,22.58144383330875],[87.85695888478647,22.584960321793485],[87.85343602641541,22.59572240744512],[87.82470325664431,22.607127509031283],[87.82293073865493,22.615508832142737],[87.81295983425993,22.614612158335273],[87.81244137428865,22.633763606696224],[87.80250120036119,22.633984961914102],[87.79700115903299,22.651096523754482],[87.79017087716068,22.653093524253443],[87.77660231437586,22.671240944925984],[87.7730349211263,22.683757135305104],[87.76377379809517,22.68819191746691],[87.763464534194,22.696612851266785],[87.75864486338723,22.698625279863034],[87.7640661027021,22.70673000034178],[87.7605126369327,22.722693936167452],[87.7482959209712,22.7349139609026],[87.74053285725395,22.737191277940962],[87.74373317192898,22.742625281171144],[87.74064314881129,22.755480566790286],[87.74400879571937,22.761012225496724],[87.7408933808219,22.77746976565438],[87.72593076656511,22.77441907638194],[87.72669315506866,22.787211647392564],[87.71839016883135,22.788321013735438],[87.70535177915083,22.784773893358818],[87.70276587529924,22.77777716262733],[87.69361278456246,22.78014551639614],[87.68601335166916,22.774960940461817],[87.67697293572019,22.78203454975418],[87.68429786322561,22.793111951437353],[87.6830384162141,22.802124809156552],[87.67908563762285,22.80027769539189],[87.67562855749017,22.806178830936688],[87.66452679093344,22.80724682693051],[87.65099981026484,22.80139135934161],[87.63032260465064,22.811846554934824],[87.62961803082048,22.820973853776902],[87.62282108991992,22.832071494191013],[87.62568296880323,22.837889195506992],[87.62295432624626,22.844310306677414],[87.6128604047596,22.850602782597367],[87.58904150942415,22.841361339323868],[87.5697781640323,22.850049761484424],[87.55659656313253,22.86672271199045],[87.52610857961935,22.86352451592133],[87.51560724879518,22.86612832984086],[87.51963739838357,22.87148435584401],[87.52800143143261,22.870977890468886],[87.53252266842729,22.881809467161975],[87.52287043509112,22.890185311360266],[87.52716760171118,22.897648776418244],[87.51094967269324,22.897211169129918],[87.51098601313971,22.902852464514048],[87.50526571119205,22.905145241349192],[87.50484227501153,22.91801986505986],[87.52255418678858,22.917134884728068],[87.52294250692636,22.9306107980633],[87.51688735615988,22.930513917913085],[87.51753600267708,22.92493090473832],[87.51263031818186,22.921595830633567],[87.51134406364565,22.925532141295648],[87.49935373301726,22.926399697318608],[87.49882617401045,22.92250353223515],[87.47540765420388,22.911287803768367],[87.45678943932317,22.91227126533795],[87.4492244631092,22.920364514312347],[87.42347500468486,22.924233917672318],[87.41784352815246,22.932379025677296],[87.39709808381436,22.933961796781222],[87.39618689118065,22.93965825142614],[87.38595409284602,22.943544341793032],[87.36660868186135,22.945483098516256],[87.35739062945483,22.954435339354728]]]}},{"type":"Feature","properties":{"name":"Howrah"},"geometry":{"type":"Polygon","coordinates":[[[87.98105598944943,22.781354647555226],[87.96498422441302,22.771363019464694],[87.96127312676914,22.774324182897512],[87.94947333869395,22.771544324587417],[87.9465600007179,22.751219403158824],[87.94894794552532,22.738022179633532],[87.94472624188066,22.73383518474548],[87.94393631282718,22.71570936367137],[87.93763706195021,22.69703744189604],[87.92984003203378,22.697200853498423],[87.92262781794369,22.686691410563462],[87.92905217269865,22.66974274338714],[87.92842590860508,22.649852000556766],[87.9382912196317,22.630555922096857],[87.91997107025385,22.634040694291652],[87.9200856791144,22.627574997371394],[87.90169440203067,22.629226179390226],[87.90060753126672,22.616921406843023],[87.88922029538406,22.607882611151613],[87.88306635508916,22.608110525388003],[87.87781156910488,22.602823226243082],[87.86489870191733,22.607574133700002],[87.85920441877352,22.605209087902814],[87.85343223013504,22.595722409103843],[87.85695888478647,22.584960321793485],[87.85016901722044,22.58144383330875],[87.84913643973397,22.562681506754963],[87.84482315284615,22.558059142468295],[87.86256295821111,22.54033326642044],[87.86410960829703,22.533575597504687],[87.88642895131858,22.528578729104424],[87.89354354099515,22.51941780445811],[87.88482935632643,22.49421545568321],[87.89865997384928,22.48306173168208],[87.90237788072302,22.472949022830655],[87.89434720079778,22.462241448556142],[87.87739353988403,22.45198002220813],[87.87967325656432,22.442659865513463],[87.89652567285395,22.427864367479792],[87.92474300278975,22.427450392249664],[87.93662628388074,22.4216641133901],[87.93968090708802,22.38922123468657],[87.94976671319439,22.353993494758914],[87.94760814061839,22.295177069374184],[87.9523307897812,22.27708691695379],[87.96806162709929,22.259961442588917],[87.99964338672596,22.246460898799818],[88.01716997156838,22.226783546054616],[88.03445802495673,22.219018285742383],[88.05814502784554,22.234131722388753],[88.06490719585973,22.24231024378868],[88.0676632963217,22.255661886958112],[88.0804008896209,22.257277400872848],[88.0975457299934,22.310368543965474],[88.0964035876867,22.34877304455291],[88.09027791827211,22.363343674862747],[88.1017290746771,22.379851184820154],[88.1408414652295,22.407066269647025],[88.14187171338445,22.420333523571003],[88.11880502864037,22.4538028319156],[88.12136799311288,22.47008519816028],[88.14202247674025,22.478678669296286],[88.16931584538891,22.48203884878073],[88.20852341514059,22.516077038233174],[88.23974588548458,22.5225127664559],[88.24253728075404,22.53065194908761],[88.2336729426856,22.545244422566633],[88.23836460266604,22.561239566397056],[88.25616419360811,22.56195392560017],[88.30472027450179,22.548491346689744],[88.32083209092512,22.552029736545986],[88.34288808653295,22.579140723124414],[88.36165063912021,22.622935919527066],[88.35003015477574,22.655083038834828],[88.32516597708073,22.663948702210828],[88.3180860066786,22.67082574630061],[88.30786654293605,22.661646287205915],[88.2789527994661,22.664149919249827],[88.2807116415036,22.657565497262887],[88.26111656085371,22.663147885512597],[88.25939136431687,22.67021086126971],[88.24071230025378,22.671148629031237],[88.24211730578233,22.677348474253524],[88.23722694924078,22.67371751023432],[88.2326553985054,22.675768784629835],[88.23245441752856,22.670767103641627],[88.22290156840553,22.671755699954677],[88.22346354726075,22.66836815086718],[88.21975397944782,22.671165467396712],[88.20336932221483,22.66971465400876],[88.19694598525103,22.66253163891004],[88.19552894589093,22.667187305909273],[88.1827782731212,22.67050890223661],[88.17673052537098,22.663198745077352],[88.18220530966668,22.657637313181073],[88.17930991464013,22.651706581650863],[88.17531000863242,22.6541587702567],[88.1758407108444,22.66390613986769],[88.17029244795174,22.675687340019635],[88.17540698805554,22.68102373340707],[88.1730279671122,22.689618373552857],[88.16924325792067,22.681235944872594],[88.15893959598488,22.683266200355366],[88.15638812006655,22.6896748143354],[88.15034936535064,22.68631960812544],[88.14885466663424,22.675346744052277],[88.14224062092892,22.68331051132598],[88.13574691982726,22.683013385032957],[88.13513290156764,22.678103046218745],[88.13236223312671,22.685394491598764],[88.12210258324994,22.685907351038455],[88.12071067425991,22.697805124754023],[88.1125343181383,22.70274781586096],[88.11112173442204,22.700010552989152],[88.11349935309521,22.706680324550227],[88.11123825579584,22.707488302024814],[88.10004791175885,22.704964424884242],[88.10477485127547,22.701608590359545],[88.10099175455989,22.69342286538198],[88.06654869187,22.68660331460242],[88.0730471567376,22.697753192371202],[88.06562484377054,22.70277764705539],[88.06689854075739,22.708672156771044],[88.06331638279785,22.713280095072253],[88.06018787764998,22.710107848077225],[88.06198921000045,22.69911597249472],[88.0523732766866,22.696062323595996],[88.04762271057967,22.68865076441149],[88.04853462635721,22.680791166808604],[88.02530275221214,22.691027609229018],[88.02199929567118,22.687490443781254],[88.00997730122562,22.686737845496378],[88.00642715383287,22.695695483483533],[87.99261722181608,22.70430858845592],[87.99663745580037,22.714121117236157],[87.98779513723616,22.732145783250463],[87.99816169022499,22.744676699812306],[87.9907564434517,22.775486174818305],[87.98777253652192,22.780678561815893],[87.98281806272698,22.77837544157505],[87.98105598944943,22.781354647555226]]]}},{"type":"Feature","properties":{"name":"Kolkata"},"geometry":{"type":"Polygon","coordinates":[[[88.39146035596632,22.62911475631127],[88.36025830612539,22.631525789915898],[88.36124662631279,22.619107502535336],[88.34288808653295,22.579140723124414],[88.32083209092512,22.552029736545986],[88.30472027450179,22.548491346689744],[88.2468022796021,22.563086250253445],[88.23575226858216,22.55807527460309],[88.2336729426856,22.545244422566633],[88.25804960108263,22.5419763829549],[88.25555154348268,22.537007810578654],[88.2599835014128,22.534008683699316],[88.27528299557923,22.542802220419624],[88.29035666945288,22.5373575598389],[88.29164348813107,22.51687268188395],[88.31428738617659,22.513067570023132],[88.3168399481581,22.509657973017454],[88.32677156742908,22.51114594718087],[88.339697938092,22.503245595993167],[88.3453257117688,22.503087793255496],[88.34559061596293,22.508404003876457],[88.36749495528952,22.511461124960277],[88.37132948953828,22.51584689972939],[88.37302373731696,22.53416239126468],[88.38652317563894,22.537828927688206],[88.38749310641414,22.546832336048034],[88.39804520911986,22.555752291645714],[88.39629201479057,22.559916885670305],[88.41431155643333,22.556846662707464],[88.39106223520882,22.597011924575384],[88.39146035596632,22.62911475631127]]]}},{"type":"Feature","properties":{"name":"Purba Medinipur"},"geometry":{"type":"Polygon","coordinates":[[[88.01475647418272,22.20262339545869],[88.01611923643503,22.207662007613074],[87.99048511360834,22.225464329426746],[87.99598337717063,22.231798928025402],[87.9948800905932,22.24467792080867],[87.99812989435551,22.24663537393651],[87.96806162709929,22.259961442588917],[87.9523307897812,22.27708691695379],[87.94760814061839,22.295177069374184],[87.94976671319439,22.353993494758914],[87.93968090708802,22.38922123468657],[87.93662628388074,22.4216641133901],[87.92474300278975,22.427450392249664],[87.89652567285395,22.427864367479792],[87.87719861714548,22.44818021580367],[87.88036786628136,22.45480563307901],[87.90148558235465,22.468338817216907],[87.89865997384928,22.48306173168208],[87.88482935632643,22.49421545568321],[87.89354354099515,22.51941780445811],[87.88663677476292,22.518515266789308],[87.88330039047521,22.50951850130435],[87.84582728967074,22.51234911973656],[87.82809583684129,22.500638356610487],[87.8153773821492,22.499782855827487],[87.79212856308293,22.47907671546244],[87.78396726362381,22.48489968467958],[87.77676927345794,22.478234073572846],[87.76031079267489,22.4732416326556],[87.7450341157167,22.4756187668791],[87.73863877834201,22.487757137271505],[87.7094812985793,22.489838691740868],[87.69849261734042,22.504168257426556],[87.69039622205894,22.506884587067706],[87.68838128021538,22.490505435098708],[87.67438434231262,22.483797495835883],[87.67374259036522,22.465758315765846],[87.6708715109368,22.462220289398914],[87.65944461353602,22.46248976706362],[87.6467592033717,22.436480169234443],[87.65876879028654,22.40876168882086],[87.64490424339543,22.36408689827984],[87.64448156988456,22.341234051723113],[87.64530506718363,22.332424513279683],[87.65032021319281,22.33235080000856],[87.64775411539661,22.325999092639474],[87.65765110910499,22.331205493468826],[87.6651143618928,22.330122267837712],[87.6658286186634,22.32361843621258],[87.67221458930463,22.32961026415445],[87.67530913454144,22.3241611643366],[87.68703119947996,22.323722766067608],[87.69858170057223,22.328962396256582],[87.72378667932307,22.31860995798272],[87.70632243845972,22.280321100580956],[87.70773578933725,22.268987216989988],[87.69796606354845,22.217952159731485],[87.71325413473771,22.214250323617804],[87.71184371506297,22.205006006186807],[87.72881740571259,22.20297282722486],[87.72922506478177,22.1904964612448],[87.71989777094849,22.18172608398219],[87.71469431290289,22.188090406405692],[87.71269566560032,22.18070627681992],[87.70960219654519,22.181209835673215],[87.71271783781815,22.168802979530657],[87.704838736919,22.153052758408506],[87.70160984324156,22.1258871722139],[87.67746524034366,22.111240990088966],[87.67382802014876,22.1037787027588],[87.62317536660338,22.10315836713212],[87.62068076572062,22.092830233699683],[87.59245861003511,22.08854520005854],[87.58778161415337,22.082760529269002],[87.58250327074903,22.0949682174862],[87.56604215610558,22.095378825752125],[87.55455604894782,22.08307097116314],[87.5432799517338,22.084782248825967],[87.53776666654333,22.081872558681184],[87.53132268629435,22.089190738588247],[87.49211395142771,22.0907488835842],[87.49117176422176,22.0859422289572],[87.47451333732108,22.073926680950425],[87.47639810789006,22.066564936573638],[87.48655266206511,22.06272032763556],[87.47970117276556,22.059280430339154],[87.47754309516128,22.051952973062193],[87.47850971564468,22.04670615403199],[87.48920594944447,22.044844019017678],[87.48555737364609,22.031672704088688],[87.47781096199925,22.037568886636617],[87.47436133249356,22.035416773796683],[87.4636792606342,22.02422007222551],[87.45953009684706,22.009229609340167],[87.46106058444441,22.005374694374012],[87.47825688301133,22.002283849069503],[87.4785211835376,21.991223260568653],[87.48256881074816,21.990534119434262],[87.48308019019836,21.984508017803048],[87.47878727171127,21.98019490309107],[87.48571084991406,21.957936660089864],[87.50316321684596,21.959010225957492],[87.51280301390534,21.952543713652005],[87.5116867080445,21.948575772943943],[87.49888356018744,21.950774979190196],[87.49528635095528,21.937523675746398],[87.48188572911117,21.93901835489683],[87.48380604062602,21.919234584094692],[87.47680830829319,21.90780174091266],[87.47632557881234,21.899235110750567],[87.45874795978034,21.897026743892347],[87.45538157715202,21.89044155743185],[87.44858876401022,21.892477731699515],[87.44968065725489,21.87629379117342],[87.45422934317136,21.874575864325696],[87.45669090042469,21.86688232204578],[87.45544129535546,21.84747310262455],[87.44128247295369,21.839868047593974],[87.44561324554851,21.823262024429244],[87.43687110710478,21.813905286743402],[87.43654436468316,21.804031841851224],[87.4318083027748,21.804403663152048],[87.42556243967351,21.7970063352377],[87.43837652451919,21.790715494560217],[87.43989074991491,21.77074209617794],[87.44478521175728,21.767177817673055],[87.4450960063877,21.743047492105912],[87.45418691394387,21.739932653313954],[87.44527918994211,21.738702295711807],[87.44434270883485,21.73401115363396],[87.46919241826387,21.73221446872666],[87.46356583575314,21.72623534583719],[87.47348434860413,21.713140206192378],[87.47194518328118,21.68370596737934],[87.46684522732598,21.678524842929384],[87.46831417044487,21.664126618678676],[87.46229117038243,21.662849524948367],[87.46176092451465,21.651143499590365],[87.47285358754426,21.65170393487585],[87.4721777256672,21.64768748651481],[87.47678215114874,21.64658754433404],[87.48057678672416,21.633093724673106],[87.48573988526067,21.63085308444583],[87.48320109265583,21.621370282402342],[87.48621588276677,21.609766410246106],[87.54149034329612,21.620956346658264],[87.55136167213684,21.625207079781195],[87.56140866742965,21.636164925432816],[87.56343972325276,21.62804944282242],[87.6280553197556,21.64434583676247],[87.63285410563032,21.64759274392395],[87.6384807968372,21.662570331901552],[87.64941372862953,21.660871268826458],[87.64832771845161,21.648652797836508],[87.6512461310107,21.647327555349342],[87.67381402080336,21.650458161707167],[87.74158257279944,21.68127034792381],[87.74601986672236,21.684942144342514],[87.74653390069423,21.694004544083857],[87.75545696163283,21.697016790732068],[87.77556124242005,21.694727730783594],[87.7895453954997,21.69962563068434],[87.84939533509719,21.740469564673443],[87.87908131530111,21.772651588696124],[87.88031112150148,21.795301514301517],[87.87034161758001,21.811046170081568],[87.87963723322311,21.808906126186145],[87.8856027545821,21.797609901826107],[87.89727995496035,21.793395200272016],[87.95528477742214,21.830340683550446],[87.96290128908562,21.845120275994418],[87.9866327235467,21.87067527344867],[87.99744061164812,21.903125869965],[88.01219681461215,21.92722896480853],[88.01978818063422,21.95692372073321],[88.0485458876376,21.99740854601676],[88.04380893460053,22.01254219587711],[88.03577836426976,22.01495480398972],[88.02645524939918,22.027313674314936],[88.01353845837046,22.061356049176613],[87.99527447795238,22.070263507157787],[87.99290255459807,22.075682989686356],[88.0129381214526,22.076296583298358],[88.01963469358644,22.07186540221341],[88.03900707109764,22.03445020532314],[88.0548904109099,22.021228745274403],[88.06435307905987,22.018158742498045],[88.0977598497296,22.02834886990005],[88.14015974094691,22.062288179933955],[88.16068359246398,22.07204854035337],[88.18666526359266,22.104608878832295],[88.18619780636992,22.117131623518002],[88.16616237605935,22.139135442011096],[88.16622784976882,22.147495247848287],[88.16990802560397,22.150163985323974],[88.13617826567386,22.18538679377671],[88.10123163079189,22.19147904199966],[88.07289864455988,22.18472312409199],[88.0598502063246,22.190526334619783],[88.04334406362752,22.205054164590145],[88.0331129595155,22.20678030774693],[88.01475647418272,22.20262339545869]]]}},{"type":"Feature","properties":{"name":"Alipurduar"},"geometry":{"type":"Polygon","coordinates":[[[89.37480523133307,26.854084658818532],[89.36969045317569,26.857274054908846],[89.32487511343194,26.8374182647409],[89.31574415628548,26.843599415293742],[89.2752596708833,26.82043687931638],[89.27013552599246,26.822462760862837],[89.25604137959616,26.807757187649873],[89.2250909236118,26.813598139811166],[89.18736150111741,26.806890498095097],[89.16902405378043,26.814799857774776],[89.12888534969404,26.80652864694383],[89.09002142865765,26.84097012207122],[89.08774525493287,26.82298130121052],[89.0929228298202,26.813823350407574],[89.083778419504,26.80374507281563],[89.08635297853188,26.78959261792393],[89.07366476023395,26.775375168312266],[89.06909915095584,26.76096787585776],[89.07542277851633,26.748924348357527],[89.06625575670617,26.719502920125215],[89.06699816577945,26.700185545161855],[89.05321109858158,26.676341356361146],[89.05524990866219,26.66278531093684],[89.0443606125348,26.651768392284172],[89.04247978467161,26.631495889328715],[89.04900761097429,26.61555614279072],[89.04526129218476,26.613197310342592],[89.05869149555117,26.610430398595593],[89.05649158699737,26.607480141627843],[89.06016749403831,26.601701981350764],[89.06708544699079,26.600619512952523],[89.06747112248831,26.596634989779123],[89.07438452637219,26.603849996817303],[89.07736990384413,26.60110146885899],[89.07457855888032,26.59498371559031],[89.0862122852904,26.59834467214292],[89.09371849551509,26.592191115982335],[89.0990728229177,26.595312324676403],[89.09798395430059,26.589579673310134],[89.10592046293627,26.591481630419732],[89.09216275268189,26.567627748564504],[89.10188143889118,26.563556474390356],[89.09822226027747,26.558484595853166],[89.10640518847366,26.54746664746331],[89.10360651954535,26.538972044231755],[89.1158888412687,26.541795359256678],[89.11113352127728,26.538644397048028],[89.1151981778507,26.525879614908625],[89.14769015813397,26.518195406618144],[89.17611027286371,26.50151370473874],[89.18907894519334,26.5102857695342],[89.22474471918949,26.50219107026024],[89.2422339592689,26.491108321224317],[89.29137077314597,26.48791495102347],[89.3028267193681,26.48144126015505],[89.31574948509176,26.485173981673118],[89.32388862401112,26.492849917260024],[89.33995006830321,26.485859111541373],[89.35459032661186,26.494513697861112],[89.37520447139141,26.472813383954307],[89.39152560605572,26.462626042348333],[89.40753239774426,26.47056705239049],[89.43465849200216,26.467443631942892],[89.43991999109659,26.47379912153467],[89.44775897952333,26.47468045147269],[89.45108424087121,26.487668996909214],[89.49226653489117,26.477721870700066],[89.48893841869732,26.475269363437686],[89.49041087063571,26.47011509160293],[89.49858096370315,26.46953588422915],[89.50152293727547,26.464932752249343],[89.50813944436467,26.47442064074012],[89.51719233611632,26.46827938281647],[89.52389153222911,26.473742845432852],[89.52796271506305,26.468028805432798],[89.5343314263727,26.469165957877653],[89.53244834643309,26.460275299107696],[89.53937167670084,26.45824442905732],[89.53446813199263,26.451943835697644],[89.54301160711296,26.448726222857328],[89.53675221987507,26.442434707679336],[89.54483922327029,26.444512729169322],[89.54977056814161,26.430338649780015],[89.55661170795076,26.430160060367786],[89.55411930883876,26.42548689948913],[89.54709433060334,26.425192687830897],[89.55421383855612,26.419208299608922],[89.5461301202999,26.416204199621713],[89.55583566415658,26.41512693779118],[89.553707248923,26.41059278103548],[89.56127895801002,26.41061352092218],[89.56989023078145,26.41876970678846],[89.56695690618865,26.423373999896256],[89.56257256705342,26.423001741931113],[89.56155587178118,26.428451860901845],[89.57091343524624,26.42567125360789],[89.58180521521544,26.429912306416146],[89.61672138373456,26.399070655421824],[89.62374749654217,26.40410908990119],[89.62273912955091,26.42297199660656],[89.62736258853668,26.4199539522474],[89.6481065937737,26.423136020154747],[89.64757811309542,26.426547179214786],[89.66010565423008,26.43534641477773],[89.65581610622193,26.435288902844455],[89.6586428007905,26.44046542412735],[89.67519700874514,26.439280009097697],[89.67507346344414,26.43397787185791],[89.68561228904996,26.434412740408614],[89.69187866068918,26.43233720417539],[89.69115316060449,26.4274733483234],[89.6972329934817,26.42758009906403],[89.71088157370043,26.43612614354693],[89.72389905239778,26.436362905992297],[89.72827922065514,26.44532728630865],[89.73262182226567,26.443203946669318],[89.73814561954156,26.446321392435923],[89.74724932719218,26.440199571908764],[89.74463972219016,26.456453396149193],[89.7491542056505,26.464938649289287],[89.82389032545046,26.459825495820297],[89.82844550888142,26.46704784902935],[89.82163955338697,26.470946563564222],[89.84565884489604,26.47008066546722],[89.85965853883008,26.46629877140826],[89.85925839147329,26.455703706718502],[89.85165371331703,26.457151291337997],[89.84766572974975,26.45176982229065],[89.85317713027476,26.44547148708717],[89.8276935956324,26.448523660233366],[89.83009523705292,26.440808395732386],[89.8227391002779,26.441754996311676],[89.82054315059956,26.434172087128818],[89.83507439116197,26.431806064123176],[89.82573886157417,26.422017287076404],[89.83658622254748,26.412645522567104],[89.85632872751526,26.41300991256554],[89.84781004230352,26.42288171316429],[89.85536583683697,26.428199581550455],[89.85707609259399,26.440961726666497],[89.86878011666663,26.452244767072873],[89.86954860383264,26.46394135204016],[89.86799831017993,26.46790201477198],[89.86095130166049,26.469153452558892],[89.85768378761236,26.484082125726857],[89.85033907111955,26.48889178179652],[89.85403086935784,26.499597113902738],[89.85096772383348,26.520790058678024],[89.85946928985085,26.532643854225917],[89.85706215523234,26.54212919831387],[89.86239816868128,26.553781198203353],[89.85755182060554,26.575965956422166],[89.874198263082,26.584009788207325],[89.86552463106014,26.59195900509859],[89.86953041204983,26.613985956320573],[89.85487880173095,26.615070612035023],[89.8497834379635,26.62311577406967],[89.84974148124982,26.628105125081582],[89.86642207497844,26.645637077741647],[89.85931254191858,26.655417646613348],[89.86333339214715,26.68130453383314],[89.85107321030233,26.698487213403503],[89.79932721363139,26.708309585294842],[89.76379764669021,26.69878661734676],[89.74850598942632,26.713978521187276],[89.74996949324617,26.723698180886828],[89.74349367850013,26.73254773409203],[89.7343710289734,26.725714284899905],[89.71504405052005,26.72015864399518],[89.69088585880687,26.733801642270457],[89.67734973867853,26.730942791911364],[89.66576975038707,26.73680468180758],[89.64982543562823,26.715586722930556],[89.64274652164485,26.714737035513892],[89.62787288641529,26.72249000321189],[89.62005640797292,26.71573125942472],[89.6086640777443,26.72751227306127],[89.6151838129212,26.737525855024572],[89.6363390381492,26.750597803032154],[89.63379877320561,26.760153755869045],[89.6432010395342,26.76739934163924],[89.63994830726405,26.77730318357015],[89.62486371346981,26.782252673893698],[89.61061479543488,26.77782831256971],[89.60234752531497,26.785826871800175],[89.55790924712355,26.797471950650745],[89.54769203725405,26.813077499290205],[89.53610993881999,26.807935774257746],[89.5020065282407,26.81058687689217],[89.48711109539074,26.799243055231447],[89.45445338312406,26.797931064836433],[89.4399198931802,26.812420738581043],[89.43786287784202,26.825697542901683],[89.42872296359388,26.835253906252067],[89.4136558546083,26.83043271286556],[89.40543390898603,26.834763567874553],[89.3822391873645,26.83643394465563],[89.37480523133307,26.854084658818532]]]}},{"type":"Feature","properties":{"name":"Paschim Bardhaman"},"geometry":{"type":"Polygon","coordinates":[[[86.91626533908504,23.88268868104002],[86.8935316023246,23.87713780413],[86.88127198552009,23.863139266757127],[86.88881331987238,23.858640811176993],[86.88863388319102,23.84358934569216],[86.89449313924177,23.835042076441102],[86.88982099156762,23.819658177047437],[86.88027878568408,23.829329702369407],[86.87992493929367,23.84530399006592],[86.87466128334422,23.847605729323185],[86.8632535299405,23.844452773039972],[86.8611956477281,23.83449632325884],[86.85236305073187,23.824967671328217],[86.83845639800673,23.824106637085325],[86.8266943697162,23.81419347790784],[86.81403393631,23.818437230380344],[86.8150085688674,23.83023059452446],[86.80986596808903,23.835336779772405],[86.80582696560352,23.837598894429643],[86.80039259022426,23.833906723114342],[86.81027810525994,23.821869833112704],[86.80406398592581,23.801484823383202],[86.82569222715156,23.777556513555375],[86.8284632279691,23.759864947045454],[86.82656166968408,23.750613504781867],[86.8116932159371,23.74512240479259],[86.79906452629811,23.69990756205984],[86.82554079634747,23.68560347824859],[86.84682588382958,23.683951032677886],[86.85734887393356,23.675947312125484],[86.86497801321502,23.661328950693466],[86.89340456078048,23.653171966847832],[86.90728884904833,23.633124563036056],[86.91292282110055,23.630500423011647],[86.95705557597564,23.633462236481165],[86.9760166481559,23.6269139557149],[86.99266899436043,23.633067530061645],[87.00099760593953,23.629597599506557],[87.01436961734014,23.63242791483939],[87.03407849118035,23.617484860431915],[87.0584414098451,23.613410957672652],[87.07168770561499,23.6018267575458],[87.0871353984471,23.59789314873164],[87.1196831703977,23.577709109648843],[87.16032890249508,23.563619981941407],[87.1861615116771,23.56563833906695],[87.20865848935956,23.557561435659427],[87.27777469843643,23.499466868223646],[87.3026304984431,23.48358663901684],[87.34196024087005,23.467200036885313],[87.38220049500774,23.43733830777406],[87.41180111909,23.426775127070297],[87.44905048908306,23.402943997105016],[87.44060069836542,23.4102261566464],[87.44223493598817,23.420699981634968],[87.43731626365057,23.41786463955509],[87.43415092488115,23.421218650867793],[87.4442835448919,23.43125040794429],[87.44832897392499,23.426340951556938],[87.44536110641457,23.418670932559714],[87.45305979955351,23.41988561947148],[87.44973123689697,23.4217817864417],[87.45389216591936,23.425944738090088],[87.4627036471165,23.421299854366097],[87.45866455569778,23.427873836374896],[87.47012808998909,23.440411643392487],[87.46817025584481,23.446510496875167],[87.47266278537789,23.45276382741615],[87.4641169548749,23.466755724489616],[87.4665913409688,23.478147350438977],[87.45686915312655,23.482666195477726],[87.45000161452612,23.481019044107754],[87.46391058939625,23.497679898237823],[87.46323776831645,23.515800193204864],[87.47259917028273,23.523558349971772],[87.46600543099441,23.531405474900648],[87.476079812327,23.52703955470952],[87.47937956780902,23.536228292320768],[87.49041661524109,23.538144683010238],[87.48845198085012,23.548900875858298],[87.48397850009258,23.552499802613934],[87.49858863339817,23.565070967090175],[87.49727646426264,23.569455586391364],[87.50233080915761,23.57226424566895],[87.49895411746309,23.576326103340225],[87.51062481673364,23.57970396539303],[87.51540761439294,23.5869656797181],[87.52182544827728,23.58436745118453],[87.52613739308208,23.589535737942324],[87.53035891526703,23.6047735842359],[87.53497524162944,23.607326213466827],[87.52724968976185,23.61861604408383],[87.51823695899158,23.61955318915838],[87.50516958696508,23.605423083840655],[87.49454037826526,23.601836842215512],[87.48649009710051,23.60348108410677],[87.47334247677301,23.614176031204963],[87.44652692561726,23.61450341052936],[87.43465992918574,23.63617467049495],[87.41085032153205,23.654934249687457],[87.41734017694598,23.674237155134342],[87.40904363612084,23.686903495906254],[87.39096530782757,23.697340800594116],[87.36939442313444,23.700120308971897],[87.36120390237744,23.707974572286673],[87.35997719446648,23.71714381037205],[87.35271357787752,23.72265232544633],[87.3432442056006,23.723623754386377],[87.33200154996965,23.71786090120943],[87.31347445390315,23.724783142561208],[87.30566252542772,23.722205980090333],[87.29456847180602,23.727143091819027],[87.28702420714926,23.725847710322693],[87.27841439054689,23.728936344680594],[87.2697576540389,23.74761858672199],[87.26368613147636,23.74920255356639],[87.24546900269195,23.747922928635216],[87.22402764338467,23.737941942710226],[87.20874104363585,23.75005037001192],[87.15344263941094,23.749299871783474],[87.12893919279466,23.760710485705424],[87.12719662284026,23.76690917587492],[87.11152747462934,23.774913008573996],[87.10605616322054,23.781372283071963],[87.10612743465686,23.78906301232197],[87.09715634349499,23.79329186752921],[87.0873632381526,23.810197537306315],[87.05347765465666,23.822671364885657],[87.03793596121494,23.839247895648718],[86.98629866518495,23.859570058206206],[86.9730061582802,23.869106050946346],[86.96421696069203,23.863766117130286],[86.9626928924557,23.849443958011214],[86.94686909028552,23.846051075473724],[86.93569732340858,23.85220915011793],[86.9325092060585,23.868548984732055],[86.91626533908504,23.88268868104002]]]}},{"type":"Feature","properties":{"name":"Kalimpong"},"geometry":{"type":"Polygon","coordinates":[[[88.59711672608498,27.188252227262435],[88.54125583366005,27.181755954339906],[88.53182356719425,27.17625568335808],[88.52527303237952,27.168228004839435],[88.53338657829643,27.163327460309187],[88.52662063735804,27.156517539975983],[88.53053500129283,27.154210763818142],[88.52991150131535,27.148048286017442],[88.51697582141117,27.145784530247344],[88.51412907375054,27.139834403662128],[88.4968626994049,27.129498662911566],[88.4962701284227,27.122243264840353],[88.48610647431381,27.123883031513753],[88.48390227001632,27.118353397983462],[88.47521501504319,27.120828929476886],[88.46620982562976,27.112231177751237],[88.45869123572214,27.089677632890805],[88.4320031195726,27.08015701282048],[88.42649127977141,27.06511978648168],[88.4193448439197,27.067910435436563],[88.4147346189147,27.045778549189755],[88.41896510808279,27.039608477682062],[88.41787756807398,27.03079512554257],[88.41304594787731,27.02564892048451],[88.42208152460184,27.00947008011922],[88.413573312848,27.008986708928195],[88.39046661803948,26.988104882894152],[88.41816448009423,26.98183937694141],[88.41690836403583,26.96202596177846],[88.42382429847386,26.956489218028754],[88.43887998268562,26.960658111701495],[88.44606109171067,26.945441621455426],[88.44312770064259,26.938154140572827],[88.45421752319929,26.934914500137065],[88.45502180912767,26.926376025616023],[88.46597674964444,26.915789320155966],[88.47536341403318,26.912998972178855],[88.47225511648767,26.909239075240066],[88.47705466503209,26.880997567203536],[88.51146849384767,26.862944312867914],[88.53366999946351,26.869939719717472],[88.5463177666242,26.878447315605598],[88.55610135251953,26.878089179411738],[88.57313547194002,26.888611855625285],[88.58509136834698,26.885222983186885],[88.59102938508862,26.887357055358674],[88.6027000089007,26.879791915739737],[88.62035035913134,26.905205020496272],[88.63458495442735,26.90568435196471],[88.63575651566133,26.930223590078864],[88.64749654960046,26.94320292140806],[88.65543677097321,26.9585043759857],[88.65450123399528,26.96411377989256],[88.65866627460674,26.967070621101534],[88.66826203175933,26.945493061167287],[88.65774658121552,26.92688962203691],[88.66311883090637,26.92522561538726],[88.75926004412726,26.925554827773382],[88.75578842835499,26.96375322527787],[88.7824142643059,26.977338219648416],[88.7892737854424,26.991169623799305],[88.81175615112845,26.989909982484203],[88.82830500153075,26.9844448824279],[88.85278101180158,26.965849054680007],[88.86786654703027,26.964997890077758],[88.86699102020829,26.995804220650648],[88.8768221656097,27.03736498654353],[88.87262893137303,27.042588738195764],[88.87552454199526,27.065001923950334],[88.87184320643505,27.069036181575118],[88.86605954092049,27.109186621826993],[88.84607063076521,27.108304950567177],[88.81443126038269,27.12244871340989],[88.7981233282581,27.139282977702727],[88.77818184196329,27.134485584506464],[88.74493378833293,27.14225842581929],[88.73457285161122,27.134818633729168],[88.72438912824059,27.13541147665435],[88.71651351549968,27.141469519700266],[88.71630569834358,27.153925302341545],[88.70658707411802,27.166396513385518],[88.68827547310839,27.175143021455494],[88.67469289480853,27.175984526255036],[88.65878665873629,27.16056374963814],[88.6529393978895,27.159881863943205],[88.63507803699186,27.163597809759082],[88.63228875006835,27.171480324117034],[88.62243821363323,27.179307861498764],[88.60690513503508,27.181065154539997],[88.59711672608498,27.188252227262435]]]}},{"type":"Feature","properties":{"name":"Jhargram"},"geometry":{"type":"Polygon","coordinates":[[[86.63183805079642,22.796433397494056],[86.59838788341365,22.79722194286673],[86.60410629261102,22.789009414886024],[86.60056821498247,22.777724313084963],[86.55846769991,22.711079751427967],[86.58429968655949,22.69169952791185],[86.60154252684131,22.687949214338147],[86.6196670429132,22.6783092164911],[86.64064519043579,22.659567523401194],[86.63803664903905,22.625956282691117],[86.63313256354502,22.61103950468466],[86.63762053682302,22.610119218883426],[86.63845832362333,22.598476638404712],[86.65604639904521,22.591459870921252],[86.6526540389355,22.582472953322245],[86.65853663770892,22.575701225291443],[86.678265310418,22.575127515790516],[86.70819011313009,22.583034972857526],[86.73046815700478,22.577590308658515],[86.75746077957776,22.578554707100373],[86.76581202331212,22.575703297332883],[86.76670088652281,22.567664502595978],[86.77164675086406,22.56488009058136],[86.76689079756042,22.558757389410353],[86.7686003975473,22.55424285900351],[86.77516437115868,22.548868030208425],[86.78884982721983,22.548757686172465],[86.78653796432712,22.526894902941006],[86.79294082688892,22.523976283542858],[86.79249226033832,22.511680534802867],[86.8021897157642,22.502252200014677],[86.79397381131226,22.495918207942417],[86.80075172589505,22.487886483252208],[86.79295093922408,22.477460471818322],[86.75065700159959,22.482486816360765],[86.74716085643018,22.475182002304802],[86.75109508211591,22.455807348558935],[86.7634766317455,22.447197779289585],[86.75950941902424,22.44473823852044],[86.76474865067938,22.42664181902959],[86.81295573608517,22.41913415225309],[86.84553727031745,22.39987172480918],[86.84111720518337,22.382196818606673],[86.84306049021332,22.373029100007415],[86.83171666541675,22.34712588790764],[86.83315147435147,22.32447882756817],[86.88812216327932,22.297332960440947],[86.89025409901052,22.276989426010278],[86.88673630084946,22.25739174605194],[86.86514798704319,22.260988965640806],[86.85894862613088,22.258336697268945],[86.85122528681383,22.26543975473127],[86.843066395738,22.2619448714662],[86.82400791204495,22.266830995240074],[86.81977318193039,22.25373581084514],[86.81680340999159,22.253750515904628],[86.81341765429583,22.267532899682255],[86.80959650045327,22.250679674051508],[86.80300583160658,22.244393065237915],[86.79702289550748,22.24782775720227],[86.8011323348944,22.26559414279129],[86.79221149189628,22.266314700177197],[86.79434104799027,22.24341566758177],[86.79913267788544,22.238217979103112],[86.80342481393994,22.24312878731432],[86.81246231305917,22.24117902626405],[86.80222736325945,22.217930783006942],[86.79173246257606,22.22219093226368],[86.78517415104594,22.215153715460087],[86.77817398427865,22.21809856837698],[86.78474284203024,22.23091799188514],[86.79283515806205,22.224568361794216],[86.79512029068515,22.227931999059656],[86.78787580192356,22.231744204683686],[86.79003438078777,22.235414895322098],[86.78159911223497,22.23706608562513],[86.77454202282141,22.23234062808527],[86.77603938953425,22.21808658977329],[86.77074740700897,22.22060882754106],[86.75309498346662,22.211070062480445],[86.74471316826651,22.21594464447046],[86.72695651499838,22.216793096636046],[86.72138837957498,22.201371895330677],[86.72279208973289,22.189939310616094],[86.71785583017868,22.181629007501108],[86.72179973521159,22.146751420454276],[86.77021539774825,22.14915083843872],[86.7947972205764,22.157188461609596],[86.80437187540463,22.150337269733484],[86.80585181030935,22.135538247923982],[86.80194556894136,22.13051807956624],[86.81399215746275,22.125919539152953],[86.80885760289442,22.119165563359264],[86.82023287142084,22.115457706355024],[86.8283199008672,22.11775038971976],[86.8378106072338,22.097698544082153],[86.84637067783073,22.096157390565747],[86.85190962249895,22.102878828524602],[86.90695494885045,22.091768708031363],[86.93754853471515,22.089991017545316],[86.9464518848198,22.085604187673574],[86.96497931955113,22.08587415961668],[86.97159418721496,22.073192422642055],[86.9925522439162,22.055016588947534],[87.0166112185029,22.047334022221182],[87.02816239243333,22.03790301845277],[87.02336197791301,22.020615246712644],[87.03195970588658,21.99568125462895],[87.03087833460884,21.985547687616208],[87.00936439052829,21.947578119626435],[87.00194592594393,21.913035849699867],[87.01009483224537,21.90056634358472],[87.02537270216627,21.890062893103345],[87.02730293737008,21.87593382262539],[87.03772648217551,21.868135077847846],[87.0986015953449,21.865816676923544],[87.095752040449,21.88207415100993],[87.09939502782805,21.89147352704773],[87.09068231459976,21.899647796350997],[87.0963589629162,21.91396528994116],[87.10262720484785,21.916186329400055],[87.10844057854719,21.924962818728158],[87.12279091188609,21.927120051848075],[87.13729551201038,21.92360717251733],[87.1614937461274,21.935582736987325],[87.1611454019181,21.95337780457249],[87.16510746998773,21.958724261502816],[87.16261499901051,21.96791165375719],[87.1701418049097,21.979415026240474],[87.17732137691733,21.969891816594753],[87.19676634010008,21.95937205908531],[87.21126671993923,21.966170937011285],[87.22478409043092,21.957469022914115],[87.23919450489265,21.956036503265675],[87.24338410813893,21.964102937930683],[87.23223516386011,21.980094216797355],[87.21925753173382,21.98552666632231],[87.21482228417312,22.00758730780308],[87.19719379085163,22.03587673225851],[87.19058298986111,22.03430681581386],[87.19418537518594,22.038255210279242],[87.17342181991339,22.05782900344634],[87.15681949729375,22.0816453240183],[87.13459783707623,22.089729113365333],[87.14192869615745,22.10466917722673],[87.13693800857845,22.112200346312324],[87.13970374167519,22.121577138521566],[87.13677406783573,22.126365598005155],[87.14959008585589,22.139613210399347],[87.14949226021977,22.143807083977684],[87.15838050066131,22.14380569860411],[87.16282329586701,22.15139303951429],[87.16919973538307,22.14007135177026],[87.17761131805676,22.14010526394771],[87.18512027263463,22.146596929904454],[87.18430282279407,22.154069636161015],[87.16533134183464,22.1571824755344],[87.16956418189383,22.160488951685487],[87.17126739575735,22.17416977432734],[87.17926654032455,22.178288182964035],[87.17226684247784,22.180408672338245],[87.17110977466267,22.19073648113578],[87.17886183940757,22.18680134900742],[87.18216586009055,22.191105699668913],[87.17368966698838,22.211653189990855],[87.17634984893756,22.23790792928655],[87.18207389326669,22.235580620901708],[87.19018279758858,22.23991015613609],[87.19350589579325,22.23452102434696],[87.20029517675933,22.233478907589653],[87.20564528567338,22.23768547902769],[87.21981362213236,22.2287827486327],[87.22853234688652,22.24747029155698],[87.22030952001697,22.25566147292414],[87.21618534646272,22.267173339529194],[87.19035227105513,22.28134096551501],[87.20462967197274,22.304301229385175],[87.19559174525538,22.305321309951157],[87.18812591250612,22.316576527934913],[87.17289867882114,22.32146109780577],[87.17404496954786,22.325204580796626],[87.16875689110081,22.32851097780016],[87.16155746273219,22.326132570471053],[87.15563797733654,22.329131918155348],[87.15548509395666,22.34238081634636],[87.16506268627586,22.338678294043895],[87.181008959362,22.37035191245854],[87.18782322337451,22.37496023623134],[87.20370007285884,22.37583251000131],[87.21194757914421,22.381786613003946],[87.2201494429283,22.380699643129986],[87.22275115712885,22.384378112406313],[87.23979137251688,22.387975135757397],[87.24452523714602,22.39192464115095],[87.2447030047576,22.39835987037158],[87.25828982759718,22.40220773905089],[87.25453725293998,22.408375065106505],[87.25000385545135,22.408776588488223],[87.2522630887465,22.413674080117783],[87.24338509718406,22.41673096229654],[87.23999895611105,22.41018641650276],[87.2092242366474,22.411977523360868],[87.19121064275015,22.400357092534325],[87.17320902159899,22.397214953785966],[87.1763304102931,22.412378641032966],[87.16580417996587,22.41748158443007],[87.16249972180336,22.42514639522876],[87.14417106987135,22.419965055860228],[87.10415918364855,22.429263544200023],[87.1023306557012,22.43220233254255],[87.11856768469873,22.446239807651956],[87.11623494046725,22.458139595715178],[87.10327111904013,22.465966012588588],[87.08781545815145,22.465998642864708],[87.08219976232367,22.4716401341402],[87.08942347754433,22.48569653608653],[87.08686667461637,22.502768612781086],[87.0932582184056,22.520740333063728],[87.11159870833646,22.536414048505968],[87.11475779572979,22.543497706259988],[87.10620152410823,22.551043482666053],[87.10250945368041,22.573511600866535],[87.09259180051713,22.58419011361978],[87.09179435346302,22.589984424728442],[87.10021345773058,22.600685001106875],[87.1016617908019,22.609706775259276],[87.08839366058073,22.634273092208726],[87.0974204706464,22.652182411249466],[87.09583652430652,22.66160436576535],[87.11459933471029,22.670437583769043],[87.12388306025231,22.684747575754727],[87.11589198255639,22.693710025548125],[87.09938390488819,22.694252875877783],[87.08968194980105,22.70898656331558],[87.0898247513885,22.718479974481372],[87.07210709758013,22.730194547658375],[87.0517925517276,22.72759977401864],[87.03785557367512,22.719133967298934],[87.03049261419551,22.70170149816455],[87.0212089362642,22.701633547270113],[87.02049329429141,22.696453516420526],[87.01479104937927,22.69304362805912],[87.01836959790803,22.686978228448005],[87.01741217886811,22.669156905372255],[87.02120534120645,22.66793047722182],[87.0151186604718,22.650033135893835],[87.00539682566743,22.6488553896415],[87.00149526272543,22.658060412139548],[86.9913931234506,22.66212615999803],[86.98527138955528,22.67088914685558],[86.97334330409119,22.67334150991979],[86.96766660007918,22.668970089004148],[86.96205874025561,22.675574408784627],[86.95731245192609,22.666845715669975],[86.94798480325828,22.669540919496477],[86.94546525166852,22.651671383031626],[86.95366874769145,22.641593281132806],[86.95249644444905,22.636825867396325],[86.92286083727468,22.628806590984887],[86.92179812849693,22.63170811270684],[86.91632414370187,22.626970833845544],[86.91222737954355,22.635122063601834],[86.90330049447682,22.63616468811793],[86.89443519341437,22.65117400695712],[86.85931798462964,22.66754255766225],[86.8448851994224,22.685252385636],[86.84042877857044,22.68343000632703],[86.80365861306905,22.708782619448677],[86.78837165938396,22.710098636593496],[86.77313809616955,22.71867441540667],[86.76795125695668,22.728257359788927],[86.74741280961287,22.737412554841878],[86.71727038822654,22.74481014551803],[86.70155199257515,22.75756170280321],[86.69538830286449,22.768189813233874],[86.67201166700802,22.76928803029326],[86.65674060721531,22.787342870049606],[86.63183805079642,22.796433397494056]]]}},{"type":"Feature","properties":{"name":"Cooch Behar"},"geometry":{"type":"MultiPolygon","coordinates":[[[[89.4892548484595,25.92883296611663],[89.49408679923621,25.936459296733673],[89.48743720989005,25.930714309539535],[89.4892548484595,25.92883296611663]]],[[[89.50861023254048,25.94724660247208],[89.50216916373131,25.95973369248361],[89.49464062588021,25.954669722671948],[89.50331228789666,25.948824347051907],[89.50861023254048,25.94724660247208]]],[[[89.60011148472384,25.94840602617109],[89.59711532028199,25.95911735175769],[89.58606612044072,25.962408075228876],[89.58026939432027,25.954318115537074],[89.56685160567106,25.9522250018387],[89.56469896107764,25.94808315890162],[89.57447413604696,25.94779551630983],[89.57297658338287,25.938606112761857],[89.57655414376481,25.932548637595836],[89.58658992808292,25.946422461960914],[89.58817964250522,25.93537836917718],[89.60451834641985,25.942605647963205],[89.60665348464504,25.95102237760658],[89.60011148472384,25.94840602617109]]],[[[89.61585609411352,26.122884800426643],[89.61868614838124,26.126670363928206],[89.61516995730626,26.12751434307377],[89.61585609411352,26.122884800426643]]],[[[89.61140898609611,26.128161265499443],[89.60955222499773,26.131092618387278],[89.60558809619283,26.13060858350478],[89.60805861054784,26.12816040010611],[89.61140898609611,26.128161265499443]]],[[[89.62517793607135,26.148371015057226],[89.62338988800734,26.153690924035455],[89.62065268091244,26.154173379557637],[89.62517793607135,26.148371015057226]]],[[[88.97568955012223,26.193658550308015],[88.97578082434501,26.196538292437307],[88.97288128359342,26.198373445467933],[88.97241260017034,26.195718200961732],[88.97568955012223,26.193658550308015]]],[[[88.94890181799418,26.20220746940547],[88.95095897077462,26.203126350075543],[88.94880317489118,26.203199355048095],[88.94890181799418,26.20220746940547]]],[[[89.66415165818489,26.165871094469505],[89.66102022812252,26.170237424144137],[89.66039667963604,26.16808622102906],[89.66415165818489,26.165871094469505]]],[[[88.96142980738816,26.201363756585124],[88.96215710320513,26.204935078975662],[88.95766514679715,26.20484286035397],[88.9582525219238,26.20238042196427],[88.96142980738816,26.201363756585124]]],[[[88.96512136577628,26.21449796950433],[88.95624605299002,26.21470363379294],[88.95416526014456,26.213380625448654],[88.95989021446711,26.212697042342253],[88.96512136577628,26.21449796950433]]],[[[89.05409928985246,26.242868300233358],[89.0553795113032,26.243835549266393],[89.05422668173952,26.24386558237241],[89.05409928985246,26.242868300233358]]],[[[89.05647563381625,26.24315437619472],[89.05755629183167,26.243759894004913],[89.05640381440762,26.243651665916605],[89.05647563381625,26.24315437619472]]],[[[89.08555775570639,26.2474825001973],[89.07427131798514,26.250383686559655],[89.07423456790688,26.24829812024201],[89.08555775570639,26.2474825001973]]],[[[89.07105297322407,26.27813458658571],[89.07353391073134,26.28137301359718],[89.06967808012216,26.28285523878617],[89.07105297322407,26.27813458658571]]],[[[89.08026936015406,26.292622343902337],[89.07666325041407,26.29616859682117],[89.07558024779576,26.29603801180557],[89.07645382527357,26.292457145309825],[89.08026936015406,26.292622343902337]]],[[[89.01264598668769,26.30145384764122],[89.01399248943338,26.302127254479863],[89.01307678096872,26.30283911166272],[89.01264598668769,26.30145384764122]]],[[[89.06790459644385,26.304452027957165],[89.05515044270237,26.305634756108905],[89.05393419118131,26.300631484430237],[89.05911771650909,26.29510943862381],[89.06883527084112,26.298019928380665],[89.06790459644385,26.304452027957165]]],[[[89.06853790512591,26.30808812474451],[89.07005937094283,26.3053406958493],[89.07016255413131,26.308284070431373],[89.06853790512591,26.30808812474451]]],[[[89.05371297565272,26.309920943894884],[89.05018926118723,26.310125255520116],[89.04803552873398,26.306240839474352],[89.05296987487664,26.30624510103774],[89.05371297565272,26.309920943894884]]],[[[89.064757294947,26.309132589889035],[89.068569454857,26.3107453251902],[89.06470128498904,26.31285478971611],[89.064757294947,26.309132589889035]]],[[[89.02195319059794,26.314344771860068],[89.01639267288816,26.316467819214072],[89.01720898546158,26.310978330491402],[89.02195319059794,26.314344771860068]]],[[[89.00110086470734,26.317073674408817],[89.00074908534039,26.320545493590682],[88.99788088680909,26.32242505396694],[88.99736736757185,26.31843170346312],[89.00110086470734,26.317073674408817]]],[[[89.03334046241322,26.31685681536626],[89.03526406086371,26.320888340722927],[89.02732110142598,26.318854726263417],[89.03334046241322,26.31685681536626]]],[[[89.07839852964167,26.32426183635461],[89.05700737088742,26.32525989569203],[89.05486747787947,26.322291845492337],[89.0697549642324,26.313164975891407],[89.07073284330122,26.316684249001895],[89.07935971172432,26.318261171771095],[89.07839852964167,26.32426183635461]]],[[[89.00567248910455,26.324708499780755],[89.00895885160404,26.32785063460932],[89.00567180548663,26.329809788186385],[89.00567248910455,26.324708499780755]]],[[[89.00839532046,26.339997982310575],[89.00539084839836,26.338452440545282],[89.01153150979674,26.337568261327657],[89.01028880738218,26.331165512615257],[89.01798387941218,26.333159017533315],[89.00839532046,26.339997982310575]]],[[[88.99755007861242,26.34154024222346],[88.99234880257467,26.345360408115713],[88.99038722425226,26.34308636262143],[88.99755007861242,26.34154024222346]]],[[[88.98611151209612,26.35484335584359],[88.98180382800071,26.35656109889491],[88.98057949254043,26.35480212327659],[88.98611151209612,26.35484335584359]]],[[[89.07447283705285,26.366862862622785],[89.07716409981253,26.366227234448385],[89.07598190162727,26.36771985604197],[89.07447283705285,26.366862862622785]]],[[[88.93540697365655,26.368815942212937],[88.92866125738847,26.377546456464803],[88.92125563871267,26.37364743249182],[88.93197120246074,26.366372138563186],[88.93540697365655,26.368815942212937]]],[[[89.05265740668486,26.372262218135912],[89.05180656466855,26.368228748765244],[89.05297648737545,26.368064175541267],[89.05265740668486,26.372262218135912]]],[[[89.04769387877019,26.372959917875914],[89.04960656628323,26.375673871765027],[89.04790531074703,26.376279308345993],[89.04769387877019,26.372959917875914]]],[[[89.053392108213,26.373523726697293],[89.05448782558587,26.376114475369523],[89.05323812799016,26.37809926082205],[89.053392108213,26.373523726697293]]],[[[89.07885593381805,26.388699519629235],[89.07978377672556,26.389581036997125],[89.07828973198266,26.389723160543838],[89.07885593381805,26.388699519629235]]],[[[88.98187981020237,26.391987163541966],[88.98566978891137,26.393990223168263],[88.9831967341207,26.395768227209675],[88.98187981020237,26.391987163541966]]],[[[89.01579383705517,26.40418003252317],[89.01476342540684,26.409114618839666],[89.01188860449524,26.405243955815465],[89.01579383705517,26.40418003252317]]],[[[88.96758678039546,26.408783462997246],[88.9685365134498,26.412585654064294],[88.96546656947537,26.414397569838055],[88.96462738489649,26.410782555928275],[88.96758678039546,26.408783462997246]]],[[[88.99068514063477,26.405977012753954],[88.99204459259528,26.412441888432692],[88.98633392328237,26.41366892376923],[88.9858050185993,26.410036142421067],[88.99068514063477,26.405977012753954]]],[[[88.98489208233558,26.413830167203123],[88.97998686047275,26.418913422699152],[88.97128120081608,26.41217928148961],[88.97490146531001,26.405714020178912],[88.98250681810102,26.402996122377225],[88.98011683501626,26.40919737345763],[88.98489208233558,26.413830167203123]]],[[[88.97345532322964,26.41802148896883],[88.96546360323829,26.421585795635313],[88.96612417309424,26.41797691370224],[88.97345532322964,26.41802148896883]]],[[[88.95064127259124,26.4119943973278],[88.95667945867358,26.42220007881765],[88.9499384235264,26.426816123838627],[88.94793302718108,26.41255498082755],[88.94329717324102,26.406904064745746],[88.9494584653482,26.40111876051119],[88.9539780368663,26.40193804241803],[88.95174855846832,26.407171180502782],[88.95502189809109,26.407223221631327],[88.95064127259124,26.4119943973278]]],[[[88.96501729684896,26.43169302921932],[88.96949565635676,26.431118146167787],[88.96843686962357,26.4335841136154],[88.96501729684896,26.43169302921932]]],[[[88.9785021348526,26.44381120146327],[88.9760766898737,26.442231854082276],[88.9778934948066,26.44092951663423],[88.9785021348526,26.44381120146327]]],[[[89.07389381805498,26.533653569738046],[89.07322187552752,26.538069639361236],[89.04316790406074,26.534686502216946],[89.04569646305785,26.526707671882466],[89.03236874039735,26.516221890274668],[89.0223163426364,26.515516627958597],[88.99922678319193,26.528517343020052],[88.98190678481376,26.530061112017574],[88.96209167890298,26.538758121691078],[88.9637799933092,26.524268325811402],[88.9607477147963,26.51977949372658],[88.95547240230778,26.51992037395012],[88.94715836319921,26.50141868908432],[88.93282935137357,26.50038107668742],[88.93641376051126,26.493200771789876],[88.93665345708017,26.470702935720926],[88.93034057696376,26.464668513403552],[88.92176154382953,26.46387746754115],[88.91881874650208,26.468247358947384],[88.89933929430063,26.470638239578868],[88.90406528789123,26.460168359914377],[88.92314509399586,26.460628572341065],[88.92764363685147,26.454515618347155],[88.91434382664346,26.443732841593402],[88.8819770131203,26.4400925078981],[88.87385638668233,26.40512654522974],[88.86036862556071,26.39151165265156],[88.85061555543557,26.3913364488154],[88.8295545715657,26.380930823851166],[88.80589450825394,26.380916230251607],[88.79883260117555,26.377416143503638],[88.78158767500564,26.398286119398826],[88.76954488995115,26.3954838837797],[88.75533816848007,26.374238666728104],[88.7474116446188,26.352700339223844],[88.75198721531505,26.33734497597031],[88.76025591824788,26.331425919789496],[88.75514896800989,26.316636030509965],[88.76024409731704,26.300693152028348],[88.78278202470173,26.30377202149052],[88.79344016095035,26.31031879407396],[88.81914541148294,26.29464897794787],[88.81309413425195,26.288562680942185],[88.80988124945118,26.276970750963077],[88.81511121947575,26.269044635980386],[88.81288847754408,26.255664037222083],[88.82331484844937,26.253402146813563],[88.82420261571544,26.24875307267583],[88.82968830466035,26.249963442538537],[88.82772647930128,26.24005637910376],[88.83863690021091,26.238235997055906],[88.83902847853817,26.232048065036953],[88.84270264194916,26.230807632484932],[88.85197045203925,26.235263572520292],[88.85972649542256,26.231671315550145],[88.8783054090096,26.23343084244308],[88.87811216073072,26.242206737760895],[88.87251775946673,26.239810703642696],[88.86824322140868,26.24891068674987],[88.8614173556543,26.25207718996012],[88.8646232362908,26.26884845402262],[88.86132157278715,26.272727030799754],[88.87575913254013,26.28680000394661],[88.89818574159312,26.288781104671095],[88.91716343080951,26.288301795662537],[88.92638986629427,26.284152424911518],[88.95680269764908,26.240396074398554],[88.96633388659399,26.238816351878107],[88.9787413445347,26.244522401841483],[88.96774299742337,26.253979979147527],[88.95373185535935,26.256692402652835],[88.95353966080431,26.26497536892733],[88.97492901663976,26.256152148012895],[88.9824646736395,26.244709036122924],[89.01597645916253,26.244605784995294],[89.01828631342227,26.24187308751647],[89.0214958807447,26.244751539796937],[89.02279489135793,26.241962676693966],[89.02748588119519,26.247631738421063],[89.03561010987747,26.242299464185585],[89.03751545186644,26.245659360514683],[89.05101673981963,26.241494050968388],[89.04804169746505,26.245782072481656],[89.05133204848433,26.25543973930088],[89.06291119235945,26.255979710449033],[89.06017536687348,26.256889777336085],[89.06274302145006,26.270722985096814],[89.05927928480115,26.276546451657733],[89.05403772830603,26.277306850554965],[89.06232328453187,26.278655539622644],[89.05758892762596,26.286303894497372],[89.06094893131744,26.289970752388708],[89.0591175584056,26.29381909182646],[89.05306817392493,26.29208244817068],[89.0523542908535,26.296262194228774],[89.04681908856674,26.296071557251846],[89.04142198069532,26.2900016482235],[89.0463380829529,26.289472563265107],[89.04685052511007,26.282825172268886],[89.04784706937389,26.28862471336489],[89.05043716206966,26.28859898223622],[89.04813145982315,26.27985681902883],[89.04321548332973,26.28009564790452],[89.04505654726687,26.275375906415682],[89.0382394850023,26.277770900031193],[89.04085118218063,26.286154437770453],[89.02755736104066,26.28289154106085],[89.0197178147601,26.289966986351683],[89.02662133627753,26.3056509979678],[89.0215151657772,26.309194999443584],[89.01422408499506,26.30042263819829],[89.01970333751102,26.295225936512637],[89.0184826411259,26.28992314696592],[89.0120697506706,26.293058525719402],[89.01300938755948,26.298294617058882],[89.00735069297228,26.304713374572845],[89.00011083772091,26.290882138605426],[88.99572442347737,26.29044835350855],[88.99762931810533,26.29985927366758],[88.99510509168283,26.29562689104879],[88.99418353877891,26.299716831917575],[88.98493497958535,26.300728674804887],[88.98267268752667,26.310075287695007],[88.98503596010477,26.318459823437674],[88.99686963263247,26.313939741574664],[88.99148853723105,26.3225628936301],[88.9972461354327,26.322415551331098],[89.00091197595253,26.330402197388253],[88.99075158542307,26.335821461148477],[88.98537621318832,26.33314480757075],[88.98162885774292,26.341244825656496],[88.99004276525658,26.33859026676307],[88.98638389476498,26.34909067827143],[88.97760805422675,26.346862835920962],[88.97478098506073,26.351214018239506],[88.96670220214865,26.352042089325174],[88.9649469821184,26.349064710220357],[88.96122573171517,26.352494652984355],[88.95897836067337,26.348269039677255],[88.96330652635726,26.33830698057354],[88.95922541893606,26.33635235765255],[88.96025354077872,26.33042270530513],[88.95594785902807,26.330351760875832],[88.95232401025618,26.33327370032111],[88.95211660003686,26.343298815736276],[88.95889344292954,26.343956212956517],[88.9462948782936,26.346535455776657],[88.95850681881103,26.361931057813035],[88.95024980565503,26.36654693436793],[88.94780270139631,26.356158041902678],[88.93683151664425,26.356882953784126],[88.92716841189652,26.364997088706843],[88.9193374014078,26.359693850535443],[88.92000477151045,26.36634173555642],[88.91086503153544,26.368319469336853],[88.91216461168057,26.373779302994965],[88.92131735027775,26.377357800314762],[88.90905448606347,26.380255539998902],[88.9163937677488,26.38502977139771],[88.91831183347547,26.400360798412564],[88.91744338178466,26.403433012273872],[88.9100086720667,26.401028027881267],[88.90492053344904,26.408856215441247],[88.9264027337624,26.40692091674444],[88.93139320305075,26.414491853611903],[88.92541904888188,26.4166347843967],[88.92285872635463,26.423729303342753],[88.93294045051633,26.427797844462052],[88.9259110040607,26.42797370325454],[88.92615237868257,26.4324154632003],[88.94492390993118,26.426029630214373],[88.94578393003472,26.43356918480487],[88.95131450420112,26.434049648766084],[88.94614956232166,26.448237266419465],[88.95192246242586,26.448588681674465],[88.95235930326707,26.452378728926718],[88.96052149654986,26.448515271456984],[88.96513784357354,26.452194672486424],[88.95972006906074,26.45259745370602],[88.9555126171881,26.46005398004817],[88.96495156981456,26.45816755797846],[88.96625424555415,26.451623805309996],[88.98332218295182,26.44689323014826],[88.98296988435862,26.43846302265593],[88.9785325607913,26.436515520511698],[88.98312574924695,26.431279881636428],[88.9805686894008,26.42567640693066],[88.9829448042942,26.421296114525127],[88.99269405657938,26.41928394810372],[88.99404482093276,26.413082452359244],[88.99852306365962,26.41410099432703],[88.99392366245543,26.42326802479182],[89.00593740138355,26.421507139084984],[89.00742082983639,26.412934040315868],[89.02198727627311,26.413692621382122],[89.02330182953739,26.40836834580131],[89.01928069544118,26.404140071132336],[89.03004475923147,26.407057228363918],[89.03401967320966,26.395275354358656],[89.0407151404157,26.40040840025727],[89.05789672367997,26.39539047040905],[89.06286963719272,26.400963470433926],[89.06300681083493,26.396872816375865],[89.06730818785874,26.400065430780103],[89.07481178398594,26.396169144864803],[89.0737745244802,26.391188180204786],[89.07546252627273,26.396039184434727],[89.08451010628609,26.398411826372328],[89.08779561987758,26.39692127741916],[89.08134080325132,26.39024626069361],[89.09206213687848,26.39384368077356],[89.09633780142391,26.390682468182074],[89.09098994099301,26.388099868859058],[89.08853678388589,26.365883857613127],[89.07988873857829,26.366985894634244],[89.07982781034416,26.362994143682226],[89.09832858577282,26.35926778227706],[89.0933632226,26.353086983897953],[89.0979090644503,26.349789987748856],[89.10129831099924,26.336799829421302],[89.0834528960962,26.322433289262],[89.09198869601074,26.320521688302964],[89.09669361422647,26.32950585729965],[89.10056379452399,26.323506039327302],[89.11012911585645,26.32539066436577],[89.11268970787827,26.318540596160595],[89.12334434968042,26.322347065017546],[89.12861382850951,26.32244921072338],[89.12444172444496,26.32068380571804],[89.12833292981172,26.31890329570251],[89.13639448932486,26.32028435338308],[89.13524664091943,26.313793642857608],[89.12957757168903,26.313392514422006],[89.13258317293293,26.31292200614541],[89.13058980952086,26.309697211453557],[89.12613918819237,26.316630533328436],[89.11688613652407,26.31446137281126],[89.11764575911486,26.308670249050802],[89.13059946730849,26.30542916259846],[89.13133959735588,26.300938636660355],[89.12744659535856,26.301691686605842],[89.13247488551701,26.30023163439102],[89.12080332296547,26.287028477773813],[89.10469035310531,26.316025644491113],[89.1000674429902,26.305050583997495],[89.1074212405522,26.300013246725758],[89.10325601668443,26.29491034827452],[89.10698909789993,26.291932091222556],[89.10002222090047,26.279770944096438],[89.10597786707956,26.28140987290615],[89.1052442246651,26.27475180695919],[89.10856127271634,26.275811784970532],[89.12519015582394,26.263659797792574],[89.11980228892189,26.252706537688898],[89.13005746968012,26.248977486634736],[89.13196970174732,26.239758670221654],[89.13579054567116,26.241152666837266],[89.13401921705119,26.237703005126797],[89.1408934220493,26.23600993041961],[89.14175100502351,26.216067880811917],[89.14956157434794,26.209166664586668],[89.13944231408209,26.198486493036462],[89.1347040692676,26.18056786094501],[89.14147441105257,26.17598611338762],[89.14102884487505,26.169444338542366],[89.14924659626324,26.170216019626327],[89.15727143174921,26.163213825722014],[89.14858049997163,26.158280671414616],[89.1551947468996,26.138667563251182],[89.15978213313682,26.139541152012264],[89.1668062175485,26.13031076420848],[89.17645558166565,26.13177566396598],[89.19223222767333,26.123779951740975],[89.20334312829986,26.129489766563733],[89.21125245032177,26.124417785746136],[89.21708274378948,26.127290452346283],[89.22956610577845,26.12397045817661],[89.22966978663361,26.116123675747815],[89.24236142571614,26.113509286027842],[89.23958575904896,26.110797559819545],[89.24193269845857,26.10558333209485],[89.25200274541993,26.101759098068484],[89.25186001479938,26.091880059033723],[89.265602764511,26.092865784873656],[89.26574105925069,26.08818341030305],[89.25480869968521,26.075248610799314],[89.25445588905231,26.06451983157948],[89.26980682254855,26.060375665601487],[89.28019977073536,26.066620740049096],[89.28263159914269,26.06462734153377],[89.27942339097126,26.048933237606747],[89.29672648395413,26.045628736840715],[89.3003777322405,26.050822700812542],[89.31594534836641,26.037560888958268],[89.32388878301293,26.038233388948065],[89.32901290724251,26.028443845268587],[89.3386920963254,26.02392674096834],[89.33468061372864,26.02016117205289],[89.33748732078213,26.02232094644297],[89.34102549453044,26.015479511545855],[89.3494207664935,26.01620652114318],[89.34443746396448,26.013310899600473],[89.34914268042088,26.010414532519896],[89.35493661188252,26.01163855694782],[89.36004664334196,26.00780010299523],[89.37359210954246,26.011747447468302],[89.39348855520727,26.008003508196737],[89.3895849719542,26.02194495361907],[89.40325610258151,26.027417424135006],[89.40644229214698,26.040889385965336],[89.41899999062402,26.041836135374055],[89.42381346485197,26.046874242354132],[89.43239978422143,26.03858635366827],[89.433970591802,26.030806036208443],[89.42720927718729,26.013470817701133],[89.44753784035152,26.00786345225304],[89.46266331647435,25.998106815871004],[89.48047556198382,25.996156319728122],[89.49117357983779,26.00579029037031],[89.50652911899645,26.001404769273943],[89.51914878146519,26.00852675485917],[89.53734419617257,26.001945089277513],[89.539321069211,26.005512382788176],[89.53661435183517,26.003981544005256],[89.5348008338379,26.00401885836013],[89.53378559203975,26.005312039640152],[89.540865790614,26.005768121052718],[89.54904017673017,25.99749355550284],[89.53901547043618,25.994166145881938],[89.53612178759856,25.989119682030577],[89.54250401406168,25.982803950894937],[89.53899422078814,25.972875749724757],[89.5553386972768,25.964615927477713],[89.5635992201506,25.97048511032036],[89.56620802475373,25.979532302789867],[89.56929237770534,25.978356018073196],[89.56990496405041,25.967045205925146],[89.57880920079224,25.96865061974229],[89.57784911106098,25.977640655767303],[89.5837082638055,25.978561761223087],[89.58615042643183,25.9752299716018],[89.58412446495471,25.989495737161942],[89.58739412507808,25.993886609641006],[89.578616666674,26.00685258403749],[89.58115732058812,26.00942110695509],[89.57853320150602,26.0262589660224],[89.58533410577358,26.026172408611508],[89.58298578206015,26.032656428791203],[89.58678905673361,26.038356053600918],[89.59260526641428,26.03522234494886],[89.59771466276482,26.037936630760328],[89.5920438759556,26.044957439860905],[89.59956562793303,26.044535459545372],[89.6129907854625,26.052928375102656],[89.60518325334203,26.063889700171508],[89.61778839634083,26.060340944258993],[89.61593245360764,26.056052513041198],[89.62054053792731,26.053476504002766],[89.63087542170913,26.063022415828883],[89.64990764405313,26.06345348781612],[89.6337442760106,26.08012051143399],[89.63937445268077,26.090265619009244],[89.63318428872037,26.09414320181123],[89.63187481992061,26.09727624933597],[89.63614471458695,26.099446508186865],[89.62948666131419,26.106722996307234],[89.62362881831334,26.107250882677608],[89.62017059732027,26.099281069231246],[89.61368733104895,26.102807059287596],[89.61692207455553,26.094479373394186],[89.60996817192373,26.095899689242277],[89.60828657062761,26.088115075690084],[89.59358996998435,26.10152858419075],[89.59988316801288,26.102777621459932],[89.60050888862575,26.106934439281794],[89.59531720210362,26.107291120578434],[89.6007050447512,26.10844835803443],[89.59759846837775,26.11234178917438],[89.6050251588352,26.105817027559915],[89.61553828633569,26.10627967952435],[89.63007648524828,26.117732912818855],[89.62540741610057,26.128021104762244],[89.61972696252056,26.119174354455996],[89.61562341698023,26.121161085872384],[89.6118936029374,26.12720932814519],[89.60425914293454,26.11675373724165],[89.60099163427628,26.123045224710076],[89.60737853736876,26.12450491659707],[89.60401284015501,26.12821614981262],[89.60443100502144,26.1245621286964],[89.60346835509162,26.124123548665093],[89.60247921114912,26.124415012849905],[89.59634713225498,26.134907517416543],[89.59786639540282,26.153923030732724],[89.59106586124116,26.157485692709816],[89.59955290599196,26.1608910796368],[89.60437262261281,26.155859619022518],[89.60435183290218,26.159028049374065],[89.60752472470651,26.15829314502162],[89.608703079899,26.15341214816449],[89.60945262429057,26.161221598992636],[89.61944958881199,26.1675524837742],[89.61087768830112,26.16850530067781],[89.61068841416905,26.174371768238625],[89.61527801475344,26.17297774561437],[89.61505469537045,26.175762175366774],[89.60810499146427,26.17635197340246],[89.60737725277788,26.179291929278293],[89.61501621783191,26.17640073788238],[89.623590976782,26.179117181770728],[89.62125891257517,26.17349389729317],[89.62462729754827,26.17115611759885],[89.62575452871963,26.176655526476154],[89.63237364541472,26.180663194422028],[89.63722851490925,26.17684105551077],[89.63185059145906,26.17175190010259],[89.63769997143162,26.1719482273236],[89.63818475086795,26.1666258082522],[89.64591884122233,26.16419734289244],[89.65856493751662,26.176106181990114],[89.65526336923435,26.18133114005782],[89.64974840868587,26.17949197875271],[89.64350289952081,26.18282888072264],[89.63901131771033,26.178653262483092],[89.62747009711325,26.18384735885287],[89.62752702155619,26.189514216939553],[89.63284967166693,26.190434804297926],[89.62832476864762,26.192014313216443],[89.6300700461243,26.19588960667779],[89.64194603020022,26.185202555948116],[89.64722432240055,26.18506968095479],[89.64540981445984,26.18842284186722],[89.649870290307,26.190166073086164],[89.63937966111281,26.19944498614785],[89.63744483911115,26.210167607040574],[89.63206300529453,26.209421362173398],[89.63785296530429,26.216683949560426],[89.63454074749433,26.21741874436846],[89.63418185347035,26.22931611023949],[89.66070696761663,26.218944143252177],[89.67183370464333,26.21968363659936],[89.67232425216208,26.2289331817337],[89.67860195335366,26.23825702809272],[89.68176148900636,26.22761467863077],[89.68564882263426,26.230729432866397],[89.6873589490339,26.226349725477817],[89.68374681159834,26.22282145830768],[89.68929654952471,26.221001562342625],[89.67884943741782,26.22374780849278],[89.6793271372314,26.21480232015666],[89.68346660190839,26.208436977444396],[89.69130426801505,26.211287826922852],[89.68550892799507,26.206604405792767],[89.68041818785636,26.20994472524264],[89.67511576690748,26.208166970829378],[89.67273042721442,26.200676015597733],[89.68624775189205,26.197739331787986],[89.68191864836699,26.192973905873906],[89.68703616638601,26.181291936165994],[89.70223264624721,26.173482315361618],[89.68066941879356,26.165413283908887],[89.69720210580897,26.158129531829513],[89.70129710208276,26.151484790738518],[89.71004537601989,26.15592846797242],[89.71374916317399,26.16814563135194],[89.7173922206216,26.164612973605923],[89.72849490615484,26.166958701079675],[89.72875517144887,26.17341999816492],[89.73669199898649,26.17204852848736],[89.73256480439792,26.17705950540659],[89.72595392884726,26.17726921108464],[89.7098181777115,26.17185747569792],[89.70348736093378,26.17739671938219],[89.6986022784013,26.19076146661001],[89.71316569571883,26.187157920610538],[89.72049323822004,26.19523022741852],[89.71749967889252,26.2011150477792],[89.7117047368262,26.202319730620975],[89.73401976434111,26.209950566783014],[89.73228255912555,26.21515326002545],[89.72563436486301,26.217568811771418],[89.70936015729085,26.21148321952043],[89.70049167529397,26.217949893504453],[89.71066950661466,26.217639215914932],[89.7141961971987,26.22965483528805],[89.73210560448932,26.236698300569394],[89.71807577117916,26.244866128748],[89.71697471422024,26.25685161479262],[89.70472063283451,26.256060803829385],[89.70227302372258,26.259352420760173],[89.707051037853,26.270543188080616],[89.71453677008249,26.26980992288799],[89.7125018173677,26.261800044860884],[89.71970901167195,26.25737278821389],[89.73434176725134,26.259641376461737],[89.73394888546859,26.26677913386534],[89.73834405379456,26.269814847136004],[89.71769146651074,26.29556259126111],[89.71984420722389,26.307031475179787],[89.72540928927366,26.307302523590376],[89.72170361206419,26.29993178139099],[89.72676393075581,26.29436124255308],[89.73772392699101,26.292834143006495],[89.74466033942423,26.29691427417869],[89.748685925571,26.290803648413895],[89.75715258934461,26.28878088157381],[89.76002326183621,26.291593233673755],[89.75345056917669,26.30314634179513],[89.7505436092392,26.321407839154183],[89.75542459186072,26.32334785989991],[89.75946121650568,26.316512674402567],[89.76320033439987,26.316578483614265],[89.78260933712355,26.332710251580647],[89.78100575989971,26.35283112116804],[89.80153597508229,26.36172211366565],[89.81074203228484,26.371442222661056],[89.82040700013849,26.373001324246708],[89.81113190201646,26.36041878532586],[89.8146955259351,26.35390702827128],[89.82033015375751,26.35273218267273],[89.82405170060476,26.355789507367074],[89.82005138586358,26.36412217534252],[89.82731456317634,26.37107321048522],[89.82488663705061,26.381602582931983],[89.83057771320885,26.385360969638466],[89.84120336098691,26.379372089203997],[89.84655703800924,26.38629045331339],[89.85635842671687,26.384252381028283],[89.85516203515013,26.396636009062043],[89.84624690543721,26.404753595957505],[89.83798356903992,26.39135751645344],[89.82801920168522,26.39460315016374],[89.8345885058995,26.414541404635486],[89.82573886157417,26.422017287076404],[89.83507439116197,26.431806064123176],[89.82054315059956,26.434172087128818],[89.8227391002779,26.441754996311676],[89.83009523705292,26.440808395732386],[89.8276935956324,26.448523660233366],[89.85317713027476,26.44547148708717],[89.84766572974975,26.45176982229065],[89.85165371331703,26.457151291337997],[89.85925839147329,26.455703706718502],[89.85965853883008,26.46629877140826],[89.84565884489604,26.47008066546722],[89.82163955338697,26.470946563564222],[89.82844550888142,26.46704784902935],[89.82389032545046,26.459825495820297],[89.7491542056505,26.464938649289287],[89.74463972219016,26.456453396149193],[89.74724932719218,26.440199571908764],[89.73814561954156,26.446321392435923],[89.73262182226567,26.443203946669318],[89.72827922065514,26.44532728630865],[89.72389905239778,26.436362905992297],[89.71088157370043,26.43612614354693],[89.6972329934817,26.42758009906403],[89.69115316060449,26.4274733483234],[89.69187866068918,26.43233720417539],[89.68561228904996,26.434412740408614],[89.67507346344414,26.43397787185791],[89.67519700874514,26.439280009097697],[89.6586428007905,26.44046542412735],[89.65581610622193,26.435288902844455],[89.66010565423008,26.43534641477773],[89.64757811309542,26.426547179214786],[89.6481065937737,26.423136020154747],[89.62736258853668,26.4199539522474],[89.62273912955091,26.42297199660656],[89.62374749654217,26.40410908990119],[89.61672138373456,26.399070655421824],[89.58180521521544,26.429912306416146],[89.57091343524624,26.42567125360789],[89.56155587178118,26.428451860901845],[89.56257256705342,26.423001741931113],[89.56695690618865,26.423373999896256],[89.56989023078145,26.41876970678846],[89.56127895801002,26.41061352092218],[89.553707248923,26.41059278103548],[89.55583566415658,26.41512693779118],[89.5461301202999,26.416204199621713],[89.55421383855612,26.419208299608922],[89.54709433060334,26.425192687830897],[89.55411930883876,26.42548689948913],[89.55661170795076,26.430160060367786],[89.54977056814161,26.430338649780015],[89.54483922327029,26.444512729169322],[89.53675221987507,26.442434707679336],[89.54301160711296,26.448726222857328],[89.53446813199263,26.451943835697644],[89.53937167670084,26.45824442905732],[89.53244834643309,26.460275299107696],[89.5343314263727,26.469165957877653],[89.52796271506305,26.468028805432798],[89.52389153222911,26.473742845432852],[89.51719233611632,26.46827938281647],[89.50813944436467,26.47442064074012],[89.50152293727547,26.464932752249343],[89.49858096370315,26.46953588422915],[89.49041087063571,26.47011509160293],[89.48893841869732,26.475269363437686],[89.49226653489117,26.477721870700066],[89.45108424087121,26.487668996909214],[89.44775897952333,26.47468045147269],[89.43991999109659,26.47379912153467],[89.43465849200216,26.467443631942892],[89.40753239774426,26.47056705239049],[89.39152560605572,26.462626042348333],[89.37520447139141,26.472813383954307],[89.35459032661186,26.494513697861112],[89.33995006830321,26.485859111541373],[89.32388862401112,26.492849917260024],[89.31574948509176,26.485173981673118],[89.3028267193681,26.48144126015505],[89.29137077314597,26.48791495102347],[89.2422339592689,26.491108321224317],[89.22474471918949,26.50219107026024],[89.18907894519334,26.5102857695342],[89.17611027286371,26.50151370473874],[89.14769015813397,26.518195406618144],[89.08995246140002,26.52503122813761],[89.0788008365484,26.527369875735257],[89.07859724776229,26.532528272588625],[89.07389381805498,26.533653569738046]]]]}},{"type":"Feature","properties":{"name":"Uttar Dinajpur"},"geometry":{"type":"MultiPolygon","coordinates":[[[[88.27447897465385,26.331990080858272],[88.27529056029223,26.33129228771488],[88.27559636657786,26.332611375584662],[88.27447897465385,26.331990080858272]]],[[[88.33328448349465,26.497317679401704],[88.31083676852408,26.49925823265855],[88.30028079048621,26.488008764579256],[88.29142657014279,26.49177637354091],[88.28504079533431,26.48094041706324],[88.2635172123308,26.486335178776248],[88.25297575915276,26.464229953682516],[88.24794068222234,26.46502532199029],[88.24032545874296,26.45872954868668],[88.25090794157329,26.433118440640595],[88.26307006332168,26.429283895142152],[88.26299999383122,26.422797338502544],[88.27338864807099,26.418698345143184],[88.2613549144413,26.419947866262138],[88.24416839673117,26.398525881995656],[88.23412624156111,26.391796343029235],[88.24457707448992,26.37576938471234],[88.25351802537737,26.373924245930176],[88.26521535610286,26.381238916245437],[88.26831374972234,26.37782990568099],[88.28330434829684,26.377969192334294],[88.28744632196843,26.3580439398949],[88.29621395100668,26.35926137112641],[88.29606279598538,26.352968630008235],[88.3005210359258,26.350735918994882],[88.28554425972855,26.347450090379297],[88.28540538018562,26.329625268159738],[88.27640941736848,26.325626458232588],[88.26492042212709,26.33486364165123],[88.26276499634952,26.33101125649497],[88.25324634249611,26.33441202504873],[88.24905540794657,26.326625971973023],[88.25408071929155,26.325805728625046],[88.2492131179745,26.320376800029273],[88.25032162376374,26.311396071505754],[88.24475335269476,26.309378696830436],[88.24096097548397,26.30060875337888],[88.23105178714562,26.30122199251406],[88.23209171644437,26.292471390062417],[88.22767951875556,26.284868681372956],[88.21668223075794,26.279989473785896],[88.21362560071432,26.274135425737455],[88.20511441913014,26.277590397858543],[88.19979942086896,26.269890176907722],[88.18569326938723,26.270853099181636],[88.17660747594002,26.254061529114146],[88.15764555036023,26.25604011035218],[88.15513978072356,26.250830338884764],[88.14596185246751,26.25021412393669],[88.13849628022962,26.240608658513015],[88.14193402412583,26.226402339462517],[88.12979991544123,26.224801034736718],[88.12668380345104,26.228012136508987],[88.11642346905803,26.22379670785198],[88.11775283015143,26.219205877406118],[88.10616613413974,26.213670392564953],[88.10211636265059,26.205807359696],[88.09267004114385,26.202948081439654],[88.09031745402606,26.191802100572115],[88.07845911915052,26.186994439819795],[88.07868797125735,26.180666460960893],[88.07324906747074,26.175170820813452],[88.06665664421432,26.177508293462115],[88.0585020623569,26.170792756692776],[88.05027857342898,26.17250014225639],[88.0491631595952,26.176976697829183],[88.03480921413053,26.179159584451178],[88.03215982454118,26.170458201087573],[88.02777101449077,26.170593941936335],[88.01985754943877,26.16081051819364],[88.00923669237613,26.160364254071602],[88.01414215947904,26.15100384892598],[88.010455242686,26.14541568464955],[88.00582309429647,26.14677866656107],[87.9983186411765,26.139681139248996],[87.99245826762149,26.151088561021137],[87.9854748616208,26.142569113642754],[87.97514832678124,26.1430977573785],[87.97385642633347,26.14062370259586],[87.98057425889515,26.139009933328555],[87.9819134439645,26.127358662443957],[87.96892180530632,26.11930177702429],[87.97131250524666,26.116474748960062],[87.98543793726937,26.117463096206254],[87.98876375467438,26.105203632737748],[87.96420246913027,26.095025296599612],[87.98098731504258,26.0848343194672],[87.98460215640713,26.080184187937345],[87.98231060891456,26.07272806091348],[87.95358991339918,26.07532516456281],[87.95127505911658,26.070616705943397],[87.9556493407139,26.069940733992734],[87.94881355666047,26.060130582381444],[87.93506703312634,26.064212745505984],[87.93656694566464,26.0692434238805],[87.92990318359821,26.071459847026073],[87.9310285238159,26.08228633383608],[87.92664620139846,26.083946731648997],[87.91900282381978,26.07662532023087],[87.90641866097448,26.07437362248205],[87.90115686543601,26.06491257905619],[87.89355220704269,26.064038681181806],[87.89032280491881,26.058860342914176],[87.89292047580231,26.052651881716837],[87.88623905555235,26.043361507870465],[87.8796526258555,26.03929833904782],[87.87331032771014,26.04135055278543],[87.86473066934848,26.034352196132165],[87.85543328941415,26.035109826235725],[87.85678365132229,26.024651879552632],[87.8514737581869,26.015545655547207],[87.85453456180332,26.011057618231376],[87.8456529697932,25.982236729901917],[87.84808483323482,25.96956594205504],[87.8466179167152,25.96362274068818],[87.83736958569374,25.960015733755117],[87.83889224716829,25.954130822632056],[87.83453515842719,25.946338201194433],[87.84074794466142,25.940588731009235],[87.83723293037944,25.936187449693424],[87.83962503887817,25.933920910917852],[87.83441909788911,25.93032004032771],[87.8209372081562,25.936220075862952],[87.81079751391256,25.927962965080283],[87.81463051922871,25.916149756379532],[87.81002941122553,25.915789119030624],[87.80979416940207,25.911955731954595],[87.81544857722871,25.909110761094468],[87.81872421384367,25.912375495256555],[87.82546489505458,25.911074888907656],[87.82231755043863,25.89965170188053],[87.82955368307147,25.892749681549102],[87.82433745727072,25.88705471460294],[87.82962705027734,25.871586613907223],[87.84963799880151,25.86942428405074],[87.85782227626726,25.864794008355553],[87.87465155015857,25.868194608387494],[87.87583273324755,25.860457621415485],[87.88302477297299,25.859406697529582],[87.89234484794466,25.86579254397512],[87.90222319083111,25.861109173236077],[87.90148526345276,25.857409645761177],[87.91570254192501,25.853398133867888],[87.90416480050304,25.842938629186918],[87.90930438114539,25.84022668852649],[87.89866013015614,25.838022850178344],[87.90344422408438,25.833074468565638],[87.89336796886614,25.836527024387912],[87.88915880660117,25.829780675285004],[87.89549800825378,25.82720431089577],[87.89807451213423,25.832072920522265],[87.90567418038613,25.830608495194586],[87.8995706715113,25.826507415029106],[87.90034244201965,25.823233265357107],[87.91767400800376,25.816177243730326],[87.91614798144013,25.81140037358967],[87.91078559794603,25.815010729400445],[87.90800779778009,25.811662864307443],[87.90416017777257,25.81357776326505],[87.90012745810415,25.807107777294583],[87.91030713366614,25.80370793648691],[87.90526645304497,25.802598884983237],[87.90987428583637,25.780856460288422],[87.90606352280668,25.782126260147614],[87.90438759976148,25.77252722802519],[87.90963305584324,25.770010524884764],[87.90849941249739,25.774372327604063],[87.92584143307478,25.777010708496757],[87.93687312205618,25.768524275452158],[87.93512458100005,25.773406813950093],[87.94198831164195,25.774328019256224],[87.94563928324723,25.76034390924796],[87.9503831991261,25.75832961021515],[87.94720244885966,25.75124797699951],[87.95019485475036,25.753221025008056],[87.951425063396,25.74693546980899],[87.96831609825969,25.734299577599902],[87.9678970126201,25.72605595971589],[87.98385914097099,25.72058482345741],[87.98642178294831,25.725538201257248],[87.99259990858559,25.72643361654814],[88.00060477542114,25.722902307343475],[88.0021894889223,25.716148883129176],[88.02152518462715,25.710299479100403],[88.02103166637971,25.69637442859878],[88.03233930793496,25.704316111571273],[88.04409118705941,25.700276699067217],[88.0487590147354,25.702736212310253],[88.05530256245383,25.691518926350202],[88.04869923903976,25.681957743674786],[88.05120006614574,25.665412515592028],[88.04697744801615,25.66118115686402],[88.05038535167525,25.653587380238257],[88.03800799717798,25.653666583479346],[88.03600483314614,25.64884203114662],[88.04527580350943,25.642278598457516],[88.05520237514685,25.644767114095075],[88.04777713367196,25.638837764371424],[88.03973810300788,25.63933128879917],[88.03443076018957,25.63059642997043],[88.0428392328957,25.61845624674729],[88.03792506740591,25.615570766395056],[88.04372569311303,25.61042030625237],[88.03087715068969,25.607287997435453],[88.03967282513113,25.60087361152067],[88.02659358096979,25.603186600174702],[88.02161105458515,25.596152099303378],[88.02447132728074,25.582632071658164],[88.03522166840672,25.581077324503962],[88.02085958690053,25.57052095441204],[88.03155158514376,25.566517597019736],[88.03624132272952,25.57514822752795],[88.04016780853074,25.573710789554138],[88.02870521208062,25.561434903222743],[88.031440303643,25.554148183706296],[88.05218464844323,25.549196262769378],[88.05424385117911,25.541195039796175],[88.06500392824617,25.531966305939413],[88.0597402112113,25.52644225171287],[88.0693593847484,25.52612937256337],[88.06542585885028,25.52315438546625],[88.0717849644746,25.51458727849734],[88.06654143438081,25.50957351031488],[88.07694258508451,25.50739598152333],[88.07291421416038,25.50649954447417],[88.07172007197511,25.494900097590197],[88.07999729542837,25.451885636112277],[88.09678205420408,25.443492157162158],[88.09909296757753,25.431497887442934],[88.1129344304608,25.43524504176946],[88.09503967559078,25.42688830052339],[88.09328114886196,25.421642546995663],[88.09700244238432,25.416931020455163],[88.10942438835393,25.417530646026265],[88.10003710951757,25.411319566999882],[88.10125801251516,25.40471965057917],[88.10670251460262,25.402946079648206],[88.11548693135688,25.407100284528394],[88.1054479723926,25.401568965597026],[88.10901502518065,25.394362194167197],[88.09820355010633,25.388230155460064],[88.09767855758626,25.383307069806353],[88.11824418256073,25.370531921939598],[88.11726603848888,25.364235881979738],[88.12261398336139,25.36520473116296],[88.12112601931469,25.35344084119626],[88.11478206287931,25.34844008473784],[88.11923680118673,25.341983705340727],[88.10799669227963,25.326549658768666],[88.11403365036497,25.313303459984205],[88.12383030405273,25.309374014952127],[88.12634371655585,25.298169651589465],[88.12492934878541,25.293385255877894],[88.11070556022227,25.29504841859372],[88.10221758661343,25.289606316161077],[88.10923453211358,25.285200818748724],[88.09919138250851,25.275202662224387],[88.12136604017545,25.271440912214544],[88.12032441126416,25.26748968013246],[88.12539076932941,25.26568413220566],[88.12278474680869,25.256255617212062],[88.12679573982365,25.253643341051866],[88.12701739103517,25.243006059362454],[88.12844480683512,25.250477379392372],[88.13510273973365,25.25625860619364],[88.14153494756084,25.256012563772924],[88.15028545650637,25.272188860390223],[88.13969500561949,25.27697331325953],[88.14537631170072,25.297247836087355],[88.15712548689615,25.299081623232574],[88.16068095501033,25.304181643844895],[88.17843986484645,25.295776697236967],[88.19040087536231,25.28024072384599],[88.1934395238289,25.29055812392965],[88.21478793894529,25.31331964843932],[88.23812157963562,25.305911881795126],[88.23639951642247,25.29523476602704],[88.25190785002782,25.294432467791044],[88.2687928643825,25.30239493943726],[88.2683411941526,25.310538207039382],[88.26112357040788,25.31193766467526],[88.2568716088095,25.31756267471934],[88.22781359321002,25.31965804072088],[88.2164564508894,25.327687503935902],[88.21640102393805,25.332350945615858],[88.1811430446567,25.330907814766178],[88.17192374089696,25.323871535316083],[88.16789060800352,25.325840623836758],[88.17812071857881,25.344560048001124],[88.16898137925243,25.36514961903351],[88.16340577882903,25.3689652848316],[88.18424153619256,25.368861555867895],[88.18631883728649,25.37594742310941],[88.17747720952671,25.378995763527858],[88.17981694265114,25.383763023025782],[88.17290675922753,25.385284712089835],[88.1743987567099,25.394332930831364],[88.1644922570292,25.40726867767797],[88.17191202686567,25.4153636588614],[88.16834632694041,25.416750111664626],[88.16613066283485,25.426555970907252],[88.17169280110542,25.42939723274348],[88.19562498747291,25.425736609867663],[88.19874590904311,25.429996668932763],[88.20807788130239,25.429871491097078],[88.21774348695988,25.44116890278744],[88.23915837830562,25.43938671268541],[88.24480193628027,25.4324396076575],[88.2623187555372,25.43398675555385],[88.26465269991789,25.44016826534277],[88.26063702488368,25.448725679526454],[88.26435181101013,25.464555102292774],[88.25443495105924,25.47767197826808],[88.25501457192831,25.48271154343667],[88.27806764450092,25.491526584503774],[88.28655488418613,25.502495581717838],[88.2888995230103,25.514359496179658],[88.32294291175555,25.534924581042322],[88.3253934089511,25.540559506436576],[88.31856779921661,25.542631166655745],[88.3254985199242,25.559309595839263],[88.33516700108892,25.55422714568963],[88.33469606469109,25.55946569926624],[88.34533754258108,25.558156158928526],[88.34890799818743,25.56690635849905],[88.35921041954985,25.566619000953672],[88.36822616326953,25.592125531866657],[88.39106539458368,25.59555242923479],[88.39223389435918,25.59940724888266],[88.39892349287148,25.600566480146835],[88.397332706759,25.607290103644896],[88.41966259779863,25.604328779448384],[88.42072014665338,25.598786149159636],[88.41382867962874,25.598422401431105],[88.41341004943499,25.593692742567896],[88.42346981607623,25.58738517062877],[88.42562488612091,25.59077140007227],[88.43341011936107,25.586513392717006],[88.44624793679822,25.589180148831538],[88.44841505774245,25.591970804584143],[88.44443521291166,25.596428180708475],[88.45015370565237,25.6047920337773],[88.44604766998205,25.61502733354084],[88.45648140168277,25.628163195356763],[88.45460746928771,25.664020345023122],[88.4022803488662,25.67183848881615],[88.40429792367185,25.684469146570713],[88.39150530496822,25.683390944765193],[88.3915960572698,25.69280713706254],[88.37220788827422,25.696263956132253],[88.36993357046879,25.70896465305667],[88.37312246755656,25.708949510981995],[88.37424810331994,25.716171115736188],[88.35659607952792,25.720868731932626],[88.35857336309644,25.72766660642276],[88.34435679698817,25.728910102203617],[88.3369506806457,25.737659005551627],[88.3211068065188,25.73722240599542],[88.32081460431979,25.744515426414058],[88.31547024192862,25.746838606166207],[88.31638907742878,25.75273019497404],[88.28903399901169,25.76781505094283],[88.29079587465989,25.773772299289384],[88.27846014809293,25.774277704471263],[88.26741873754354,25.78210091998396],[88.27505241511376,25.792889061549836],[88.27191837814043,25.793622709541975],[88.26936541191705,25.80816950107878],[88.26141895264296,25.81367973502007],[88.24878720963032,25.813447107605302],[88.24684669230976,25.80659583115118],[88.23998324463714,25.81052208116244],[88.23021915937004,25.802974405101118],[88.23041391771687,25.796770284066103],[88.21619361641368,25.800845153941296],[88.21149003399275,25.797139593353805],[88.21341837464962,25.79317583027485],[88.20988914183336,25.787703032783657],[88.19976092895736,25.79057407870699],[88.19318797129483,25.802506221334554],[88.18445201505688,25.802427152761382],[88.17343945480114,25.787019942284008],[88.16013205652395,25.78763147102157],[88.15125188385198,25.775972654145434],[88.14783222214415,25.776778682142947],[88.14818736300688,25.782331619863267],[88.14270330630083,25.78190006783293],[88.1443806271246,25.794204090629606],[88.13788125406028,25.79804675906634],[88.11511260966618,25.798789850786946],[88.12024938666657,25.81253076800186],[88.10818934228053,25.816302902910294],[88.11124050248237,25.82216208880477],[88.10148278267734,25.8294078785125],[88.10812075411194,25.838577765998814],[88.10107082966108,25.844783613210154],[88.10730475325393,25.846076244310137],[88.11274391306041,25.853515824698697],[88.11017151088754,25.8676584929482],[88.10535768721496,25.868448515861342],[88.10205656449708,25.86179597190822],[88.10120135936343,25.871807680975827],[88.09359286426556,25.87390865142822],[88.10245930259515,25.88997136324407],[88.08949325963435,25.89684365736628],[88.09015287278454,25.905697996092858],[88.09453300690595,25.908880058676747],[88.09116745432092,25.91372284256504],[88.08648737542113,25.91351912889633],[88.09311417989842,25.930232857252896],[88.09982337336201,25.93428432592777],[88.11062752537013,25.932376251524342],[88.11121630366524,25.94321079515452],[88.11756133358737,25.942972207571774],[88.1211642543081,25.948078654041197],[88.11389589281781,25.958696112944992],[88.12379064612787,25.965902715361345],[88.11928158040702,25.971524348074517],[88.12705827156711,25.976597215402993],[88.13094527820824,25.989235946289075],[88.12926885749638,25.997225601537167],[88.13462243211077,26.000176027124503],[88.13886156936015,25.99654488598789],[88.14394035022745,26.002923637510715],[88.1395407397324,26.01392625791058],[88.14651240205737,26.01410087697779],[88.15558597392517,26.020809340145263],[88.1765945222336,26.021417414857993],[88.18220170293084,26.026689028569315],[88.17130863118427,26.031928318399654],[88.17033396089764,26.036918780639688],[88.17412109194717,26.04013434128927],[88.16834152993681,26.044565847441103],[88.1722439813126,26.049572343243142],[88.17829716656524,26.046379610650636],[88.17457550203869,26.05806612273414],[88.18521043300686,26.064151883866664],[88.18030869391237,26.068362517854343],[88.18203078946487,26.073478569031277],[88.17316239550291,26.075832989991245],[88.16838280662581,26.083464683201708],[88.16268815607103,26.076861129451817],[88.15777095247896,26.07965728480774],[88.1650262165324,26.087285023862933],[88.16090723164724,26.088850716084572],[88.15838550254121,26.098367928336824],[88.16262003143315,26.10042226630239],[88.16444036225354,26.108818246850966],[88.17231337437168,26.111022669516746],[88.17834071150033,26.124109251839897],[88.17350337801844,26.129518460515417],[88.1793742295229,26.138812100686067],[88.17596076798719,26.143114585632926],[88.17874892303341,26.14955207218004],[88.19028790952038,26.155364294195802],[88.19500881235831,26.152259813634007],[88.19087827963018,26.157710600348466],[88.19648647811859,26.164239193061952],[88.20495715017502,26.159274121903554],[88.21542586856114,26.16318739439946],[88.21149309545126,26.168056997182653],[88.21426468286869,26.170965618027612],[88.21728558601518,26.167152981245163],[88.22690652474179,26.169470008976088],[88.22568815948485,26.173676148501187],[88.23647044560066,26.17712001804088],[88.23205415159416,26.182480959162227],[88.24195051378688,26.189882717153736],[88.2444015338019,26.18783661228538],[88.24771186784473,26.19108014778813],[88.25129361707083,26.185297601072193],[88.25298176708539,26.189193521074866],[88.27500320091094,26.187971594503853],[88.27872929143692,26.195854969925687],[88.28355742527195,26.195027374905877],[88.28234330814801,26.19747377387561],[88.29042774325983,26.20263752016714],[88.29940715461788,26.197810850583565],[88.307610360485,26.20462142558823],[88.31975726836578,26.203402821197134],[88.32570993393475,26.20578051328166],[88.3235816570417,26.210086680715527],[88.33063031037642,26.213359419862286],[88.33033983204446,26.21679350509263],[88.35079983131118,26.221500333723387],[88.35166365488163,26.231133916390966],[88.35642191685558,26.234505065085163],[88.35439440937786,26.23862650365308],[88.35922566036693,26.242247053992156],[88.35099553558402,26.2454335535271],[88.34942082033199,26.248521677831086],[88.35304752125492,26.247811608778285],[88.3471145647233,26.25361614602497],[88.35075022274792,26.26701264478559],[88.34649488078917,26.267806911093967],[88.35084196499292,26.27539260439726],[88.34847751292688,26.282171634169234],[88.36848240860265,26.304518033263392],[88.37615587615011,26.30507865970744],[88.38405367727847,26.31397933234098],[88.41486953329394,26.316546399122004],[88.41480691802369,26.325386002541382],[88.40646773686696,26.324291780208345],[88.40724346355584,26.32797244969355],[88.4028291422497,26.330020552379672],[88.4115490572716,26.3376962265474],[88.434858189226,26.33569281195377],[88.4451363875168,26.364958150436852],[88.45635766953217,26.377162889828274],[88.45949084052957,26.36947023658882],[88.45649320644394,26.365320467079588],[88.46236739069808,26.357709599003392],[88.47564300298728,26.357943501455217],[88.4837626619397,26.349523395350847],[88.49116494427255,26.35247048720384],[88.4885126755827,26.360437338437684],[88.50709172301869,26.36272528858694],[88.50380203405777,26.34890821513736],[88.50892943893479,26.353153123280755],[88.51741361626323,26.35194438094841],[88.51679888833449,26.356875215973364],[88.5220785360926,26.36071059041672],[88.51452994425112,26.365273150990497],[88.52100263555491,26.367527809885154],[88.52388066255374,26.375188913715466],[88.51570012836777,26.371272197253845],[88.51190973733208,26.377278949442122],[88.51789095136077,26.390704733327613],[88.51100602766468,26.388421708344108],[88.5038655350669,26.40000982592935],[88.50868543045246,26.40139671826078],[88.50857960711535,26.406829356736438],[88.50180771214326,26.404258747555907],[88.49534189474804,26.410368897350022],[88.50157112105025,26.418649480536214],[88.49401039746087,26.418742696479693],[88.4975042636044,26.42674359429212],[88.48881466492671,26.43107158342867],[88.49568826985023,26.437506860030314],[88.48602367210249,26.4458539194115],[88.48578400966953,26.45113691368299],[88.47867751920354,26.452692556341955],[88.48449991019169,26.461073936493946],[88.45853324991144,26.4669998444728],[88.43614078761901,26.466297896472536],[88.43263829585212,26.473189193588414],[88.4266692486056,26.47409598726607],[88.42181947255872,26.473131956263583],[88.42148560649689,26.466341653703722],[88.418537935809,26.46650038359765],[88.40425121576862,26.480963645738218],[88.40287187510775,26.486943070370796],[88.39871239237296,26.48211338088967],[88.38754951252915,26.479575594517723],[88.37281481792793,26.489195391191625],[88.36064155886662,26.484844262549483],[88.3640187760756,26.472429432121324],[88.35983553739312,26.46635631771614],[88.36075490379758,26.455242745153747],[88.3545099578762,26.448390646983526],[88.35063845525859,26.44857905750939],[88.35342038408159,26.451189654792334],[88.34873255451753,26.466166458216076],[88.34008623936514,26.46939623128682],[88.34078495078975,26.47829507376922],[88.33337770616328,26.478901854811614],[88.33151228530554,26.48283360260547],[88.33328448349465,26.497317679401704]]]]}}]}