{"type":"FeatureCollection","features":[{"type":"Feature","properties":{"name":"West Bengal"},"geometry":{"type":"MultiPolygon","coordinates":[[[[88.04488484322304,21.5083570409129],[88.052762259781,21.513355021348794],[88.04956766827269,21.516237518662965],[88.04488484322304,21.5083570409129]]],[[[88.05938387019935,21.5111542610759],[88.074896071052,21.517123818444002],[88.0733070806718,21.531124114218617],[88.05938387019935,21.5111542610759]]],[[[88.23655544598948,21.486902224845803],[88.24282764140669,21.505036985365813],[88.22745707163668,21.538650635789054],[88.21560585680812,21.54058674340782],[88.20699069612809,21.527419980270153],[88.20537837649997,21.503435845585823],[88.22763479702746,21.483900466642535],[88.23655544598948,21.486902224845803]]],[[[88.59016472338996,21.55532810680615],[88.59431049783355,21.561420347734227],[88.59349562346289,21.566191375929282],[88.5855330529042,21.562550879236696],[88.59016472338996,21.55532810680615]]],[[[88.33363430812756,21.542980054155393],[88.34119356207316,21.55764944875064],[88.33962377857202,21.572906072669525],[88.33025911841618,21.546300127457112],[88.33363430812756,21.542980054155393]]],[[[88.59546787826244,21.577842011451903],[88.6008643788727,21.58489280667678],[88.59485243437646,21.582466161212505],[88.59546787826244,21.577842011451903]]],[[[88.0836201695282,21.57217607977139],[88.08267181179453,21.582770519697664],[88.07590142958539,21.58822065496678],[88.07764435347602,21.57391888437954],[88.0836201695282,21.57217607977139]]],[[[89.13698963487867,21.588364201268845],[89.12489427951546,21.591517293336985],[89.12311033585395,21.585861074169582],[89.13698963487867,21.588364201268845]]],[[[88.09046476515624,21.584749086528294],[88.08998985550993,21.58874759741622],[88.08337809152543,21.592515204736706],[88.08228975650756,21.587078427287093],[88.09046476515624,21.584749086528294]]],[[[88.35926142589167,21.567600714241028],[88.3533506200183,21.5877667737376],[88.34479282754897,21.59311142742335],[88.34393365006515,21.582231314501755],[88.35926142589167,21.567600714241028]]],[[[88.03860479293697,21.577921622932937],[88.01668604463323,21.595434512875997],[87.99179717314941,21.512976352557853],[88.0011569473684,21.513174443047326],[88.01606486859741,21.532050757364186],[88.02552155306928,21.562096175710252],[88.03687514075632,21.545779928938344],[88.04419465681048,21.568615123579587],[88.04937889450227,21.54856623752704],[88.0546052470112,21.550456214261022],[88.05663020507012,21.560875373625795],[88.04800006138952,21.581146054137793],[88.03860479293697,21.577921622932937]]],[[[88.19796298415388,21.542060455239774],[88.18946120972733,21.578408790580564],[88.16356862632205,21.597525762729266],[88.17272821277663,21.55339582445169],[88.19796298415388,21.542060455239774]]],[[[88.5348086643918,21.578119898786074],[88.49662945184139,21.597819829409406],[88.48571925910385,21.55792125912179],[88.51002855553266,21.532523571884745],[88.51919407086812,21.535286607644355],[88.52827392555304,21.527771868996417],[88.54337654224682,21.53132595282788],[88.54639339129642,21.536556350454383],[88.5321198468463,21.56204093985595],[88.5348086643918,21.578119898786074]]],[[[88.85297995360273,21.603247776961567],[88.82966535629811,21.605449755140167],[88.8269701670023,21.57172135631304],[88.83208554343767,21.570835089156674],[88.83312598028458,21.55349423642603],[88.86989602900498,21.532260071003034],[88.90440331315287,21.54733870745807],[88.90631295897037,21.55839955778329],[88.89246911106001,21.58143264939641],[88.85297995360273,21.603247776961567]]],[[[88.07920172225995,21.607652395516027],[88.08206567175996,21.613782111442333],[88.07741501448231,21.621652251679972],[88.07433858287487,21.61326497468117],[88.07920172225995,21.607652395516027]]],[[[88.35152195283209,21.60641564596895],[88.35326142180219,21.615922988232573],[88.35028249153905,21.621972140050268],[88.34415566419604,21.608301487337048],[88.35152195283209,21.60641564596895]]],[[[88.7777588136179,21.617230174289567],[88.77571964510946,21.64594873757601],[88.77060319069577,21.652047994767575],[88.73219257033156,21.64081560596076],[88.73031151878786,21.630626611714845],[88.71845331506634,21.635762892774586],[88.7057720245759,21.600202597595693],[88.71214318109976,21.57850718056366],[88.73346224196759,21.567982522075678],[88.74864834988054,21.571217995374138],[88.75395836608514,21.564134397018353],[88.79310974801241,21.58266945453458],[88.79839569475732,21.595375748232904],[88.78508972569975,21.594870439808833],[88.78965069787435,21.604606176315293],[88.7777588136179,21.617230174289567]]],[[[88.58457673789374,21.601525902718354],[88.56515272342342,21.62489046627228],[88.52137788340865,21.651575314956485],[88.52235546423681,21.623977223757205],[88.51355295451441,21.59881136624616],[88.53145972884292,21.597574947058543],[88.54902099224854,21.5648441276738],[88.56595283308405,21.56311150496171],[88.58108583619062,21.583326596525474],[88.58457673789374,21.601525902718354]]],[[[88.96076204741667,21.642281954489373],[88.95147339102208,21.673910811826],[88.94019639998433,21.64084471310577],[88.96927012172827,21.61944250303322],[88.99007693716996,21.61972185129347],[88.98593502458384,21.641567717207742],[88.96076204741667,21.642281954489373]]],[[[88.6343175690864,21.65100043391446],[88.64160346030116,21.67116986503051],[88.64108164242734,21.67840700722832],[88.63318342268401,21.675032783070588],[88.62714131815041,21.65820793579937],[88.6343175690864,21.65100043391446]]],[[[87.94469312638603,21.591800323143655],[87.99010561851995,21.622976482932728],[87.9904003342051,21.682488995883237],[87.98588255931756,21.68695194518745],[87.97408288712501,21.682344709163832],[87.97648260525253,21.66921524777241],[87.96305092056419,21.64377143710273],[87.96762471618948,21.63317232875778],[87.94437887773336,21.598582804504915],[87.94469312638603,21.591800323143655]]],[[[88.6050977588194,21.614888695602506],[88.60332291149847,21.632535853390888],[88.58213404076982,21.66320348900927],[88.57366018059243,21.68869810297069],[88.5718452971559,21.662233927836184],[88.55948937646137,21.641342907047648],[88.5944685447297,21.613935800365393],[88.6050977588194,21.614888695602506]]],[[[87.97531100539098,21.690724588980128],[87.98700104718624,21.699186608386665],[87.978980305323,21.70249887329387],[87.97531100539098,21.690724588980128]]],[[[87.90725282666584,21.686720754115754],[87.91002576155621,21.70303598785123],[87.90799951621148,21.704008957760298],[87.90203727999146,21.68689751496354],[87.90725282666584,21.686720754115754]]],[[[88.320555938027,21.60693567944627],[88.34336798721897,21.63038881442251],[88.34933700212609,21.680188605161955],[88.33759727271584,21.69777234571513],[88.31189061721815,21.706654553503153],[88.31550411380472,21.65604623266003],[88.30495953359119,21.62107610492661],[88.3085635574431,21.6070609148208],[88.320555938027,21.60693567944627]]],[[[88.20567871743543,21.671757634595174],[88.19359007069073,21.684194066488725],[88.20709401765713,21.709073386338908],[88.18185021821128,21.686269942771244],[88.17992341457185,21.671268781269063],[88.2120552234268,21.595772585141255],[88.21235896358729,21.617030106362662],[88.22528996955708,21.635905657909305],[88.22735021074543,21.652586419495517],[88.22506754759104,21.665992301469835],[88.20567871743543,21.671757634595174]]],[[[87.9528870607411,21.7039833329248],[87.95228417170954,21.711790962985702],[87.94727370771957,21.704315525653744],[87.9528870607411,21.7039833329248]]],[[[88.542274733398,21.701221621300448],[88.52161133668636,21.716738940746804],[88.53041424885404,21.656131151183526],[88.54644701622728,21.640841712128413],[88.56375802157118,21.663111725394284],[88.56587349657309,21.67686695676484],[88.56249915397304,21.701899097593707],[88.542274733398,21.701221621300448]]],[[[88.74473572059257,21.65058280329729],[88.71028606876007,21.674648967185238],[88.69536505009421,21.717124871895315],[88.69066472855776,21.717766713948084],[88.68607906528926,21.678378930265108],[88.72616306107655,21.64393202111553],[88.74473572059257,21.65058280329729]]],[[[87.9280725284403,21.68922836589923],[87.94053105021501,21.71303772918325],[87.94078421163177,21.72344610829622],[87.92323880169428,21.709711380926983],[87.92160565103302,21.692043443723698],[87.9280725284403,21.68922836589923]]],[[[88.18348501638278,21.694420113306847],[88.20104392710067,21.710179233926432],[88.20020409124324,21.72352565369554],[88.18293311662502,21.705958041891297],[88.18348501638278,21.694420113306847]]],[[[89.00668180920835,21.659346029032267],[89.01631455898433,21.68563841202571],[89.01289599142453,21.699186610890624],[89.00462968879015,21.70300830963665],[89.00846442965143,21.70872741610911],[88.97545099261707,21.723980339023385],[88.9915985018016,21.700489872811605],[88.99119812357777,21.658637367278374],[89.00668180920835,21.659346029032267]]],[[[87.97839003672286,21.724215880661173],[87.98843271561076,21.725659520908213],[87.98645056047846,21.730196786533064],[87.97839003672286,21.724215880661173]]],[[[87.94750635341185,21.729739702535976],[87.96221833770437,21.736969993901628],[87.96000429685452,21.739894793066206],[87.94750635341185,21.729739702535976]]],[[[88.92039511285759,21.631067638945993],[88.9367322222626,21.67253563325658],[88.93690045515577,21.70077938713032],[88.91338517331837,21.715424096991658],[88.90220445472963,21.732366239855157],[88.88199207786764,21.741132313091633],[88.86708564694366,21.701020159931392],[88.87668027221898,21.690667907304547],[88.8915655532079,21.651112861577097],[88.92039511285759,21.631067638945993]]],[[[88.40633621542455,21.73279487781373],[88.39069013595014,21.74177854628303],[88.37057054248056,21.72624972513722],[88.403756215301,21.719904982006945],[88.40239618662208,21.70573800682545],[88.38270612440225,21.681302758409874],[88.38615883243443,21.632219178280227],[88.39592880346332,21.619155863619927],[88.38621274302959,21.605307532037866],[88.3989890519209,21.588883084254753],[88.40743072815661,21.594355417994958],[88.40648338282428,21.607477258103618],[88.43020875635214,21.625498909775924],[88.42918767640295,21.635657912451016],[88.40947045272219,21.653652221911944],[88.4119063693624,21.690095492582113],[88.42055079805263,21.70280964847346],[88.40633621542455,21.73279487781373]]],[[[88.19740964709166,21.742268144783882],[88.20400793724524,21.734147648985637],[88.20526581669655,21.75997385999246],[88.19740964709166,21.742268144783882]]],[[[88.37183346776884,21.71812583997018],[88.3594789170051,21.73524014284902],[88.36670875514274,21.761965849020985],[88.34723952037933,21.759709791099343],[88.34302331262758,21.7536777262058],[88.34771512352503,21.721345622832015],[88.34189290860667,21.70569876295372],[88.36258968401933,21.686621861836883],[88.39269022774371,21.708066401197428],[88.39047648513454,21.71708760234765],[88.37183346776884,21.71812583997018]]],[[[88.96635853097548,21.740738824813842],[88.94999993746211,21.757426621512668],[88.9272334580079,21.763607448784086],[88.93221308283417,21.740369197362252],[88.92509883272076,21.720645249176016],[88.94705443530736,21.703545788697305],[88.96507429675034,21.648154792767865],[88.9774047546982,21.648348770032193],[88.9901583999932,21.639252416986565],[88.99864336604243,21.61181426077995],[88.99373094957248,21.60095786100756],[89.02009208075523,21.59920564375609],[89.02441112314911,21.613489046820714],[89.01401629568672,21.651964707803675],[88.99846070171424,21.651186467107326],[88.98465919050491,21.659309356508288],[88.98749234306207,21.690756198524433],[88.96588457444169,21.72304071473591],[88.97770058698923,21.741845078908888],[88.96635853097548,21.740738824813842]]],[[[88.83750665698841,21.766082988018624],[88.78902599505274,21.746464171477882],[88.79161803888928,21.7364973215331],[88.78386397359625,21.732626488773978],[88.76799002207699,21.703376111793546],[88.80400913311881,21.71618302712273],[88.81686914972323,21.708985933441316],[88.82110993358451,21.66717396308536],[88.80442697459172,21.635440579950558],[88.83846012523772,21.619036968947736],[88.85652186344429,21.64173858992959],[88.83913675786928,21.692929937582917],[88.83932333256391,21.719274192158263],[88.86196337593852,21.76140544411617],[88.83750665698841,21.766082988018624]]],[[[88.38446358572915,21.74534992778103],[88.38573164758421,21.760295112441007],[88.37188173784234,21.764713878777417],[88.36297332303616,21.737967079721454],[88.38446358572915,21.74534992778103]]],[[[87.93189092355664,21.744412184572525],[87.95727678078491,21.75651944426865],[87.95704637189768,21.77146106523545],[87.94511456830664,21.764728357676667],[87.93189092355664,21.744412184572525]]],[[[88.3018755453556,21.719022544915145],[88.29885496919589,21.7549772237074],[88.29184597558265,21.772350619944632],[88.28542161184451,21.73472638970589],[88.3018755453556,21.719022544915145]]],[[[87.87644685122018,21.745257467234545],[87.89683593029184,21.76150282829751],[87.90167023285797,21.772321720410915],[87.88043618046375,21.75751917851426],[87.87644685122018,21.745257467234545]]],[[[88.5949188108928,21.72321318495389],[88.6139797559697,21.733028714390098],[88.61299058507774,21.740028462484194],[88.5944513536701,21.748700118921086],[88.5823354250902,21.772245646585983],[88.57579532241084,21.77243896111639],[88.57074788466213,21.763813894896675],[88.58221798384155,21.746452379123262],[88.58157821447597,21.72677244104984],[88.5949188108928,21.72321318495389]]],[[[88.12583893882464,21.673615961686526],[88.12428211711477,21.68696289266587],[88.13476305618201,21.706489819523636],[88.12075983815708,21.73265063317403],[88.13025140870299,21.756695879065767],[88.12344318496248,21.75979158824151],[88.12099271112315,21.774096620830413],[88.10338208888591,21.78545095426226],[88.0915316672697,21.78535905090881],[88.0739162722834,21.77705087117443],[88.07307156306554,21.74808479291494],[88.05690295964152,21.727593698913502],[88.05318394424674,21.711051057533773],[88.04281956158763,21.706676862771268],[88.03259018044436,21.687603818288437],[88.03350859014306,21.662925831971187],[88.041143178605,21.659008900276532],[88.04076951088786,21.648292403173844],[88.04770364249858,21.641805568741614],[88.12068407155108,21.623814780352443],[88.14676423756075,21.643921158878257],[88.13675298263983,21.670325273300865],[88.12583893882464,21.673615961686526]]],[[[88.61348654764107,21.785974481519418],[88.59592561840873,21.784974802078786],[88.58910356240948,21.772272425511304],[88.5935336042331,21.75577033526438],[88.61915935745631,21.740522379225485],[88.61475406421872,21.724895924131715],[88.6004044333624,21.713059211229346],[88.60903869671692,21.70652608193081],[88.62921526852833,21.735372135182445],[88.62516813808611,21.775621044841007],[88.61348654764107,21.785974481519418]]],[[[88.27047688753662,21.780095379154574],[88.27922890924509,21.78552602426431],[88.26769380707344,21.787719625021406],[88.27047688753662,21.780095379154574]]],[[[88.46802031091462,21.789650709899178],[88.44036233765173,21.787306037234003],[88.42411696510186,21.75282281967671],[88.43327925818036,21.700617577719548],[88.42112883339524,21.68879983687701],[88.41748689524847,21.65758554701034],[88.43841799260974,21.62916482456275],[88.43205010415689,21.601080882360524],[88.45277630029344,21.61112925412187],[88.47054597733656,21.67460724800567],[88.45143336655438,21.718811002961417],[88.453632237554,21.76001050019817],[88.46802031091462,21.789650709899178]]],[[[88.3694109530944,21.792301189684448],[88.33404175788928,21.79570761800871],[88.3256486894936,21.781604646581922],[88.30184163934352,21.777377942340074],[88.30639605471484,21.71542473877177],[88.31427305714949,21.710488532819568],[88.32737446095223,21.70719356298157],[88.32422054336337,21.727511051445422],[88.338387551214,21.721950145216365],[88.34297415052703,21.72812320937172],[88.33809381828577,21.74900223780116],[88.34211968740182,21.76091109027064],[88.36760737136248,21.77033945227705],[88.3694109530944,21.792301189684448]]],[[[88.18260677215704,21.780610664191506],[88.18177094458238,21.792833294146295],[88.17530746190859,21.798874520490376],[88.17579810015722,21.782649344874702],[88.18260677215704,21.780610664191506]]],[[[88.42433336835548,21.797829860388433],[88.41773411880118,21.807748166548645],[88.38184105756345,21.77950349758385],[88.40338973590272,21.738908589885],[88.42016207906289,21.72655888432982],[88.41877361601033,21.766197737687417],[88.43840344619034,21.793636417596314],[88.42433336835548,21.797829860388433]]],[[[88.5552636151266,21.761466036630654],[88.55812615696657,21.774166958388378],[88.56705691197557,21.779177405604788],[88.56770125915581,21.792076296327377],[88.56159497358844,21.803352734593023],[88.54374203978647,21.811186447770396],[88.51208249414101,21.77978405119439],[88.5077760730769,21.747188361874652],[88.5198761886128,21.725096810477247],[88.53460710849319,21.729452381932678],[88.53297629524829,21.72064138611691],[88.56281337837122,21.70859274611284],[88.5664209155342,21.69909320086601],[88.58441878801567,21.688771840402328],[88.59060605850254,21.66076004348162],[88.59668640970767,21.657600904153547],[88.60695291642502,21.685021212681765],[88.58872089626811,21.704403164172795],[88.59138189837914,21.71402542177353],[88.56728839704452,21.73325569715749],[88.57053560377733,21.756802323032638],[88.5552636151266,21.761466036630654]]],[[[89.01477922228109,21.77813574853657],[89.01120371904118,21.808214775200717],[89.00116018675374,21.811593560622434],[88.99296361943657,21.789599428211638],[89.00280568026702,21.77765121167696],[88.97931409598678,21.779865047748352],[88.96069252679682,21.77009205069237],[88.956116054192,21.75966932301353],[88.96752857226,21.746812602453847],[88.98083603162262,21.746841767451],[88.97700647493888,21.728948806357668],[89.01236990116323,21.714102217459903],[89.02131809606513,21.688132819805084],[89.01682194811804,21.660956406588298],[89.03224076101206,21.65896560113194],[89.02121741737967,21.647086372235435],[89.02394990831932,21.634943250781525],[89.0313829552557,21.63553620645806],[89.03773657307195,21.610968552642078],[89.07131221982856,21.611781760360575],[89.09088613976361,21.63307748896454],[89.09280279872857,21.652181480243147],[89.08575325516337,21.668436517410115],[89.07195014046127,21.675554093013798],[89.07641258811046,21.686669576752227],[89.06369059854775,21.692298041221175],[89.07434566615132,21.70360236598273],[89.06172351445095,21.721223887358178],[89.05398222859114,21.72233294459938],[89.05015514496937,21.728759861898794],[89.05442481685351,21.736835151753322],[89.02605434212808,21.75871949901406],[89.01477922228109,21.77813574853657]]],[[[88.82078550791795,21.76397492070611],[88.82889837021695,21.80565381129331],[88.82296427282492,21.82249979852291],[88.78544877153901,21.771752795840353],[88.79152385053175,21.756634807303712],[88.80905788779774,21.755613282513636],[88.82078550791795,21.76397492070611]]],[[[88.4867955405272,21.802286667646555],[88.49857624838579,21.815470918058768],[88.48636350207954,21.83552071561671],[88.45743762865831,21.80797862661722],[88.47204492418594,21.799262782332345],[88.4867955405272,21.802286667646555]]],[[[88.5889590899556,21.801670995985155],[88.61183772047976,21.80203306072912],[88.60533382978785,21.81848878763558],[88.61389455615488,21.830755321173555],[88.58860509534314,21.848742676936972],[88.57626493020037,21.8319219021765],[88.57532666863219,21.817902222767184],[88.5889590899556,21.801670995985155]]],[[[88.52030527160322,21.828233831701883],[88.52619726675452,21.83619775736063],[88.52408007327546,21.845236100499797],[88.51869926623323,21.851761908050975],[88.50272360566086,21.85303202038796],[88.49527642463181,21.842342321641482],[88.49774869070164,21.832662639591337],[88.52030527160322,21.828233831701883]]],[[[88.18991557759806,21.833827839981574],[88.18743308690364,21.843557228830676],[88.174127188813,21.855664752298754],[88.18020217977082,21.83941306087164],[88.18991557759806,21.833827839981574]]],[[[88.35937175248328,21.804819591127146],[88.35000262500556,21.826383456792065],[88.35163850385032,21.853895973905534],[88.32901410463637,21.860126211786497],[88.31570946328878,21.854169997653667],[88.30426354765515,21.83056527664664],[88.26888433174307,21.815170898234175],[88.26219766892511,21.805286778972576],[88.26307520438007,21.799271110593963],[88.28515983738083,21.789913005363502],[88.29128802297652,21.778417585317893],[88.29860242312512,21.785031343132285],[88.32413953418934,21.784813112493868],[88.33815631767332,21.801613780900887],[88.35692768812348,21.79731469397068],[88.35937175248328,21.804819591127146]]],[[[88.89505676303314,21.78451689062849],[88.8796359037769,21.801292120571215],[88.87161629648585,21.851925452194845],[88.85002425287453,21.862260999727845],[88.84494385863296,21.858160590833503],[88.84413473527678,21.81135794637196],[88.83595743682245,21.78846179648935],[88.86651135577917,21.7797381973946],[88.8828013063267,21.752447727459295],[88.91114875363817,21.734416564659675],[88.92251836187998,21.740566080238253],[88.92323974947732,21.749397488990233],[88.89804847452614,21.753160439630538],[88.89505676303314,21.78451689062849]]],[[[88.16907294632597,21.862154801708353],[88.16620967415568,21.866758603432306],[88.16274997453561,21.86601553417857],[88.16362215064163,21.86251581545909],[88.16907294632597,21.862154801708353]]],[[[88.13293444469134,21.87344015879838],[88.12399209782193,21.87111325735485],[88.10387738040771,21.842226433921752],[88.08420882565241,21.79251797841229],[88.1114615212799,21.790568232689022],[88.13627906832686,21.75991447742638],[88.13766139139446,21.75001938165536],[88.12793389001727,21.730664053023602],[88.14223012950471,21.698779080689164],[88.12759709634591,21.680895589984218],[88.13668720170651,21.678001510202176],[88.14906145521938,21.680647452626367],[88.1491555663218,21.692573222733742],[88.17077858833571,21.73790709644185],[88.16514032772629,21.764660449916263],[88.16591356787846,21.822797513817775],[88.13293444469134,21.87344015879838]]],[[[88.57345613636045,21.877378025368486],[88.55688371865668,21.87347375134202],[88.56276184022674,21.860124771947792],[88.5582952585306,21.83273211701284],[88.5648313035198,21.83437345561698],[88.57304103385083,21.856452200580758],[88.57345613636045,21.877378025368486]]],[[[88.55522477377036,21.81826149187644],[88.54981402318474,21.832253039160396],[88.55748537250473,21.851508712331757],[88.55565599564945,21.882501758391232],[88.54710008155739,21.878607153611277],[88.54488595087601,21.852590405831414],[88.53328787500628,21.843243481515827],[88.53625586828083,21.831284152304974],[88.55522477377036,21.81826149187644]]],[[[88.09422179994878,21.86702145116844],[88.1037350980465,21.889733540566947],[88.09160963564649,21.89370606800822],[88.08787062824507,21.872879277361758],[88.09422179994878,21.86702145116844]]],[[[88.98196713363451,21.896141421814622],[88.9732569500621,21.893152962228495],[88.97623287456226,21.869423548677076],[88.95155517993373,21.845616979105817],[88.95498966114882,21.830686527418884],[88.97074387532552,21.82867810327918],[88.97947746360435,21.81787924692673],[88.9722425993927,21.804280608584758],[88.95167732476125,21.794937077873104],[88.95144760667844,21.787234687627013],[88.96600650726677,21.780268705141488],[88.97858356353989,21.787105067748865],[88.99485757707596,21.816106715185786],[89.01726201031785,21.81818038025813],[89.02764893709734,21.83155660916455],[89.01995563474844,21.850318342507062],[89.02492283946758,21.866601393101732],[88.98196713363451,21.896141421814622]]],[[[88.63248141983219,21.869754016027535],[88.61929172511172,21.89676962095937],[88.60215732765438,21.876852514273793],[88.59692202523031,21.85850554449925],[88.61688547623211,21.83665018936347],[88.6138918001236,21.815404703137194],[88.62091615223328,21.80205849875854],[88.6410255632991,21.789002250737695],[88.65343460586797,21.868499500375123],[88.63248141983219,21.869754016027535]]],[[[88.57304961096514,21.88484088109918],[88.57249775522489,21.896898838871103],[88.5621424778895,21.894170662302052],[88.55914086516545,21.884082555573396],[88.57304961096514,21.88484088109918]]],[[[88.83752734968097,21.87783017856911],[88.8328151066024,21.89713744689839],[88.81744312917235,21.900606652637496],[88.80590888399345,21.87295707253773],[88.8315959077089,21.869897535768242],[88.83752734968097,21.87783017856911]]],[[[88.77733005222437,21.86877946185927],[88.74259653366039,21.896017836095766],[88.71590692540914,21.90450646582454],[88.6957823947988,21.859557968768424],[88.70240076858717,21.8528783109328],[88.69752512375503,21.836812897762325],[88.7141027229414,21.813574036405242],[88.71175018163767,21.793204526435858],[88.69109420411195,21.7508256158622],[88.70948906098212,21.69477959139473],[88.74639197502461,21.662127071599464],[88.76716419275145,21.666050847888112],[88.78242886552253,21.659098828906476],[88.7891836197407,21.66680132240458],[88.78922699938576,21.65369728934618],[88.79478877204198,21.652801491089154],[88.80396899818852,21.654220573343157],[88.80863818950709,21.66845695671902],[88.80383211919376,21.702848939037867],[88.78107073588211,21.701405802715826],[88.76056446349682,21.689538469393007],[88.75480480366159,21.712149878587276],[88.76976227685998,21.723060636404373],[88.74882488590187,21.73761829184929],[88.75302097498448,21.76267720243584],[88.74507191508764,21.77596998565631],[88.77114253739573,21.808866973058223],[88.77227287494132,21.79652403414098],[88.75661331355114,21.77346278874048],[88.76558878938994,21.768066014904683],[88.75684476089084,21.743607458841485],[88.76814463201886,21.735507892424003],[88.7814353180385,21.738503902465958],[88.77986867504762,21.770861313660784],[88.7926041501194,21.800078385002323],[88.81529918655907,21.8189394050726],[88.82627965450128,21.861061458575527],[88.82093933093564,21.868481538876836],[88.78994842111909,21.86499595169269],[88.7841076029895,21.872897918563318],[88.77733005222437,21.86877946185927]]],[[[88.48969149610248,21.847558234870085],[88.47223998706166,21.891797881008998],[88.44379131758397,21.906984043464867],[88.42044019028836,21.90052541107275],[88.3996384808707,21.87663325994991],[88.39315675880337,21.82660183257151],[88.39886856538341,21.806504596376925],[88.41938064537702,21.81358391422926],[88.43044714946559,21.803217075729176],[88.45690417400832,21.796917571305688],[88.44554476344159,21.813131129054522],[88.45300435559459,21.825397875861906],[88.46530212564586,21.83066653480362],[88.46231088756502,21.844891770171014],[88.48276807330825,21.839655679056158],[88.48969149610248,21.847558234870085]]],[[[88.48478850924809,21.896603186742873],[88.491415714374,21.90364341880544],[88.48838883563427,21.907929195257395],[88.47655065446213,21.89993318690517],[88.48478850924809,21.896603186742873]]],[[[88.11067923329624,21.9008673484645],[88.10364831001026,21.908264366510497],[88.09512788206685,21.905706671850478],[88.09931734158268,21.899189638646764],[88.11067923329624,21.9008673484645]]],[[[88.6384086028915,21.92220052179888],[88.62627157827548,21.898711561392854],[88.63848336607933,21.87678782580949],[88.65157236235137,21.877538114826343],[88.66741856041995,21.913356154214483],[88.6384086028915,21.92220052179888]]],[[[88.7374277874157,21.92268637961627],[88.72597028890478,21.929214908393863],[88.71536624201605,21.92174391750898],[88.77587604898697,21.87714739039687],[88.79811095037181,21.880422677821432],[88.81076940389113,21.899682476263116],[88.80964448767828,21.913030701706194],[88.7936632898905,21.912977072386003],[88.79169354408556,21.9211013470793],[88.76259091814903,21.92823242578497],[88.7374277874157,21.92268637961627]]],[[[88.1300631056498,21.9001179506543],[88.14154327314688,21.92057416708468],[88.12211030157488,21.93283416725778],[88.11478602534801,21.930984425132486],[88.1117543100788,21.917398095282742],[88.12141675725974,21.900579529335452],[88.1300631056498,21.9001179506543]]],[[[88.94349753527864,21.91486442743817],[88.91530718085248,21.932977551825523],[88.89422861425754,21.914718563585144],[88.88283749046636,21.913506149845226],[88.85060804731641,21.914733387330415],[88.82534636780315,21.930512116943103],[88.82124271895655,21.927758004311585],[88.82272319285043,21.918042696713762],[88.8438424450429,21.902968438835636],[88.86065755070553,21.870227933660995],[88.86676632191131,21.869240379155894],[88.8635927545739,21.85913762612128],[88.87428427042182,21.855563620236534],[88.89176750975513,21.835257307935695],[88.88656552045501,21.829219535690857],[88.89157468368444,21.81558285686773],[88.88652928690802,21.806303591267206],[88.90038599599829,21.78849342291056],[88.90067412074423,21.76221807765183],[88.90843315731404,21.75725524610593],[88.91929632863638,21.768367514889693],[88.94861640975371,21.769138033478182],[88.94293895564843,21.797625124745746],[88.96545332740976,21.80651120360307],[88.97044997531064,21.814205323398472],[88.96880485549653,21.82393893489811],[88.94773573109356,21.827519165314726],[88.94284258797803,21.83858164494456],[88.95025584952027,21.856136262981252],[88.96845162804534,21.87144204764503],[88.97081524198327,21.906499450598147],[88.94349753527864,21.91486442743817]]],[[[88.51980800468611,21.921455863048347],[88.5193599259207,21.935904884817575],[88.51528948958679,21.937269323222978],[88.51418335534989,21.918353996108287],[88.51980800468611,21.921455863048347]]],[[[88.77464565439006,21.94480425493611],[88.7498757755454,21.958704809217178],[88.74714138916049,21.978160618590262],[88.7277268752726,21.979893385459604],[88.72940901286294,21.93927183103683],[88.74199218217156,21.931762032028356],[88.75820784923161,21.934989941142916],[88.79217007339433,21.92496869546591],[88.80256715832304,21.930637655180508],[88.80204907294922,21.937415783088902],[88.78699210594323,21.948230488989413],[88.77464565439006,21.94480425493611]]],[[[88.10086948576489,21.970455047635994],[88.12792274372121,21.993286608288344],[88.13669667803445,22.0083168752938],[88.1342196212492,22.016203001641397],[88.11942011140361,22.015191065240526],[88.09675375098445,22.000306771779247],[88.08838043115195,21.9737785079986],[88.10086948576489,21.970455047635994]]],[[[89.4892548484595,25.92883296611663],[89.49408679923621,25.936459296733673],[89.48743720989005,25.930714309539535],[89.4892548484595,25.92883296611663]]],[[[89.50861023254048,25.94724660247208],[89.50216916373131,25.95973369248361],[89.49464062588021,25.954669722671948],[89.50331228789666,25.948824347051907],[89.50861023254048,25.94724660247208]]],[[[89.5986099031157,25.951417321447714],[89.59711532028199,25.95911735175769],[89.58606612044072,25.962408075228876],[89.56469896107764,25.94808315890162],[89.57447413604696,25.94779551630983],[89.57655414376481,25.932548637595836],[89.58658992808292,25.946422461960914],[89.58817964250522,25.93537836917718],[89.60451834641985,25.942605647963205],[89.60665348464504,25.95102237760658],[89.5986099031157,25.951417321447714]]],[[[89.61585609411352,26.122884800426643],[89.61868614838124,26.126670363928206],[89.61516995730626,26.12751434307377],[89.61585609411352,26.122884800426643]]],[[[89.60805861054784,26.12816040010611],[89.60955222499773,26.131092618387278],[89.60558809619283,26.13060858350478],[89.60805861054784,26.12816040010611]]],[[[89.62517793607135,26.148371015057226],[89.62338988800734,26.153690924035455],[89.62065268091244,26.154173379557637],[89.62517793607135,26.148371015057226]]],[[[89.66415165818489,26.165871094469505],[89.66102022812252,26.170237424144137],[89.66039667963604,26.16808622102906],[89.66415165818489,26.165871094469505]]],[[[88.97241260017034,26.195718200961732],[88.97578082434501,26.196538292437307],[88.97288128359342,26.198373445467933],[88.97241260017034,26.195718200961732]]],[[[88.94890181799418,26.20220746940547],[88.95095897077462,26.203126350075543],[88.94880317489118,26.203199355048095],[88.94890181799418,26.20220746940547]]],[[[88.9582525219238,26.20238042196427],[88.96215710320513,26.204935078975662],[88.95766514679715,26.20484286035397],[88.9582525219238,26.20238042196427]]],[[[88.96472194785152,26.21477439346836],[88.95624605299002,26.21470363379294],[88.95416526014456,26.213380625448654],[88.95989021446711,26.212697042342253],[88.96472194785152,26.21477439346836]]],[[[89.05409928985246,26.242868300233358],[89.0553795113032,26.243835549266393],[89.05422668173952,26.24386558237241],[89.05409928985246,26.242868300233358]]],[[[89.05647563381625,26.24315437619472],[89.05755629183167,26.243759894004913],[89.05640381440762,26.243651665916605],[89.05647563381625,26.24315437619472]]],[[[89.08555775570639,26.2474825001973],[89.07427131798514,26.250383686559655],[89.07423456790688,26.24829812024201],[89.08555775570639,26.2474825001973]]],[[[89.07105297322407,26.27813458658571],[89.07353391073134,26.28137301359718],[89.06967808012216,26.28285523878617],[89.07105297322407,26.27813458658571]]],[[[89.07645382527357,26.292457145309825],[89.07666325041407,26.29616859682117],[89.07558024779576,26.29603801180557],[89.07645382527357,26.292457145309825]]],[[[89.01264598668769,26.30145384764122],[89.01380152826522,26.302677450853235],[89.01307678096872,26.30283911166272],[89.01264598668769,26.30145384764122]]],[[[89.06790459644385,26.304452027957165],[89.05393419118131,26.300631484430237],[89.05911771650909,26.29510943862381],[89.06883527084112,26.298019928380665],[89.06790459644385,26.304452027957165]]],[[[89.06853790512591,26.30808812474451],[89.07005937094283,26.3053406958493],[89.07016255413131,26.308284070431373],[89.06853790512591,26.30808812474451]]],[[[89.05296987487664,26.30624510103774],[89.05018926118723,26.310125255520116],[89.04803552873398,26.306240839474352],[89.05296987487664,26.30624510103774]]],[[[89.064757294947,26.309132589889035],[89.0675007300618,26.311530915083466],[89.06470128498904,26.31285478971611],[89.064757294947,26.309132589889035]]],[[[89.02195319059794,26.314344771860068],[89.01639267288816,26.316467819214072],[89.01720898546158,26.310978330491402],[89.02195319059794,26.314344771860068]]],[[[89.03334046241322,26.31685681536626],[89.03526406086371,26.320888340722927],[89.02732110142598,26.318854726263417],[89.03334046241322,26.31685681536626]]],[[[88.99736736757185,26.31843170346312],[89.00074908534039,26.320545493590682],[88.99788088680909,26.32242505396694],[88.99736736757185,26.31843170346312]]],[[[89.07935971172432,26.318261171771095],[89.05700737088742,26.32525989569203],[89.05486747787947,26.322291845492337],[89.0697549642324,26.313164975891407],[89.07935971172432,26.318261171771095]]],[[[89.00567248910455,26.324708499780755],[89.00895885160404,26.32785063460932],[89.00567180548663,26.329809788186385],[89.00567248910455,26.324708499780755]]],[[[88.27447897465385,26.331990080858272],[88.27529056029223,26.33129228771488],[88.27559636657786,26.332611375584662],[88.27447897465385,26.331990080858272]]],[[[89.01287092752979,26.338712118849934],[89.00535626146333,26.338901424142332],[89.01153150979674,26.337568261327657],[89.01082906766878,26.330996091405893],[89.01798387941218,26.333159017533315],[89.01287092752979,26.338712118849934]]],[[[88.99755007861242,26.34154024222346],[88.99234880257467,26.345360408115713],[88.99038722425226,26.34308636262143],[88.99755007861242,26.34154024222346]]],[[[88.98611151209612,26.35484335584359],[88.98180382800071,26.35656109889491],[88.98057949254043,26.35480212327659],[88.98611151209612,26.35484335584359]]],[[[89.07447283705285,26.366862862622785],[89.07716409981253,26.366227234448385],[89.07598190162727,26.36771985604197],[89.07447283705285,26.366862862622785]]],[[[89.05265740668486,26.372262218135912],[89.05180656466855,26.368228748765244],[89.05297648737545,26.368064175541267],[89.05265740668486,26.372262218135912]]],[[[89.04769387877019,26.372959917875914],[89.04960656628323,26.375673871765027],[89.04790531074703,26.376279308345993],[89.04769387877019,26.372959917875914]]],[[[88.93197120246074,26.366372138563186],[88.92866125738847,26.377546456464803],[88.92125563871267,26.37364743249182],[88.93197120246074,26.366372138563186]]],[[[89.053392108213,26.373523726697293],[89.05448782558587,26.376114475369523],[89.05323812799016,26.37809926082205],[89.053392108213,26.373523726697293]]],[[[89.07885593381805,26.388699519629235],[89.07978377672556,26.389581036997125],[89.07828973198266,26.389723160543838],[89.07885593381805,26.388699519629235]]],[[[88.98187981020237,26.391987163541966],[88.98566978891137,26.393990223168263],[88.9831967341207,26.395768227209675],[88.98187981020237,26.391987163541966]]],[[[89.01579383705517,26.40418003252317],[89.01476342540684,26.409114618839666],[89.01188860449524,26.405243955815465],[89.01579383705517,26.40418003252317]]],[[[88.99068514063477,26.405977012753954],[88.99204459259528,26.412441888432692],[88.98633392328237,26.41366892376923],[88.9858050185993,26.410036142421067],[88.99068514063477,26.405977012753954]]],[[[88.96462738489649,26.410782555928275],[88.9685365134498,26.412585654064294],[88.96546656947537,26.414397569838055],[88.96462738489649,26.410782555928275]]],[[[88.9825840049435,26.41606400654428],[88.97128120081608,26.41217928148961],[88.98250681810102,26.402996122377225],[88.98005773844697,26.408869008905164],[88.9825840049435,26.41606400654428]]],[[[88.9693414758096,26.419907232950095],[88.96612417309424,26.41797691370224],[88.97345532322964,26.41802148896883],[88.9693414758096,26.419907232950095]]],[[[88.95498832625229,26.41709951026779],[88.9499384235264,26.426816123838627],[88.94329717324102,26.406904064745746],[88.9494584653482,26.40111876051119],[88.9539780368663,26.40193804241803],[88.95070284042586,26.415907427625726],[88.95498832625229,26.41709951026779]]],[[[88.96501729684896,26.43169302921932],[88.96949565635676,26.431118146167787],[88.96843686962357,26.4335841136154],[88.96501729684896,26.43169302921932]]],[[[88.9785021348526,26.44381120146327],[88.9760766898737,26.442231854082276],[88.9778934948066,26.44092951663423],[88.9785021348526,26.44381120146327]]],[[[88.06496399364022,27.213331067906488],[88.02883194909582,27.22073278222141],[88.01482089327008,27.211703916461566],[88.013498117726,27.179702709045856],[88.01940768661919,27.170201535105853],[88.01215664285098,27.163239249866905],[88.00891181485702,27.141031801913336],[87.99357043943542,27.130006541641087],[87.99169625910534,27.108340618966288],[88.02180899476475,27.086932816929096],[88.0175613881989,27.074491601343446],[88.03984271631428,27.03544330351146],[88.06060698664581,27.029937709939272],[88.07989615770379,27.034319172658677],[88.09108955062288,27.00618342108854],[88.11513904977994,26.987311953693943],[88.13307441119576,26.982324140064303],[88.1230893394704,26.9676305674353],[88.12096239567724,26.950481480573984],[88.14383677267855,26.921195360714616],[88.1384426705701,26.89745181639666],[88.17146736978317,26.866721007479157],[88.17264470987936,26.853588331055526],[88.16614539161226,26.84873772665132],[88.17404883775389,26.83286491925376],[88.16995457270875,26.826065760405484],[88.17975034245426,26.814559943159647],[88.1870866920385,26.77140087722113],[88.18141685295193,26.719902500878813],[88.1668997581603,26.69942649893753],[88.16021904308785,26.636768052469307],[88.14179568536868,26.624569884606476],[88.13854322349145,26.605558062972353],[88.13013305566434,26.60080484241778],[88.13019856800136,26.573289007234035],[88.11813100920796,26.574873279960013],[88.11881000440872,26.568054297214136],[88.11279750116036,26.572289864331033],[88.11376284513774,26.558750540178814],[88.10555758841681,26.560409973418533],[88.10540160764585,26.551079975441777],[88.13493941613355,26.523466845548256],[88.14596066130146,26.522234971347526],[88.15030365996732,26.531893718798802],[88.16650133377223,26.53561039447128],[88.16854943063626,26.55347985121716],[88.17903208279077,26.544883187003],[88.18923483068248,26.559643005945198],[88.20205771542466,26.554946914279007],[88.21836729146621,26.55342048347894],[88.2120094839075,26.554290893839212],[88.22035088929286,26.556401823533218],[88.21577801084746,26.573276902909974],[88.23278958974085,26.57104149850656],[88.23541172893606,26.544801647774456],[88.19646922507526,26.52144625221834],[88.18258345638385,26.5042315074839],[88.1983446612501,26.484787875265674],[88.21391768703063,26.483121974341433],[88.220620554558,26.4864833065125],[88.21964297193323,26.49321901652415],[88.22757862627105,26.49195299087446],[88.22574478928037,26.480060013937205],[88.21518541022085,26.477219801253224],[88.24198234558895,26.456697802899388],[88.25090794157329,26.433118440640595],[88.27336500171776,26.41903845475217],[88.2613549144413,26.419947866262138],[88.23729680133896,26.396177576073804],[88.23830322168101,26.380867598319195],[88.25212301180974,26.373959881446257],[88.26521535610286,26.381238916245437],[88.28330434829684,26.377969192334294],[88.28744632196843,26.3580439398949],[88.29621395100668,26.35926137112641],[88.30050060823622,26.350423935335186],[88.28554425972855,26.347450090379297],[88.28640357195967,26.33179486685744],[88.27822055662688,26.32556133370812],[88.26492042212709,26.33486364165123],[88.25324634249611,26.33441202504873],[88.25032162376374,26.311396071505754],[88.24096097548397,26.30060875337888],[88.23105178714562,26.30122199251406],[88.22767951875556,26.284868681372956],[88.21362560071432,26.274135425737455],[88.20511441913014,26.277590397858543],[88.19979942086896,26.269890176907722],[88.18569326938723,26.270853099181636],[88.17660747594002,26.254061529114146],[88.15764555036023,26.25604011035218],[88.14596185246751,26.25021412393669],[88.13849628022962,26.240608658513015],[88.14193402412583,26.226402339462517],[88.11642346905803,26.22379670785198],[88.11775283015143,26.219205877406118],[88.09267004114385,26.202948081439654],[88.09031745402606,26.191802100572115],[88.07845911915052,26.186994439819795],[88.07324906747074,26.175170820813452],[88.06665664421432,26.177508293462115],[88.0585020623569,26.170792756692776],[88.03480921413053,26.179159584451178],[88.01985754943877,26.16081051819364],[88.00923669237613,26.160364254071602],[88.01414215947904,26.15100384892598],[88.010455242686,26.14541568464955],[87.9983186411765,26.139681139248996],[87.99245826762149,26.151088561021137],[87.9854748616208,26.142569113642754],[87.97514832678124,26.1430977573785],[87.9819134439645,26.127358662443957],[87.96892180530632,26.11930177702429],[87.98543793726937,26.117463096206254],[87.98876375467438,26.105203632737748],[87.96420246913027,26.095025296599612],[87.98098731504258,26.0848343194672],[87.98231060891456,26.07272806091348],[87.95358991339918,26.07532516456281],[87.94881355666047,26.060130582381444],[87.93506703312634,26.064212745505984],[87.92664620139846,26.083946731648997],[87.89355220704269,26.064038681181806],[87.88623905555235,26.043361507870465],[87.85543328941415,26.035109826235725],[87.84808483323482,25.96956594205504],[87.83736958569374,25.960015733755117],[87.83453515842719,25.946338201194433],[87.83962503887817,25.933920910917852],[87.83441909788911,25.93032004032771],[87.8209372081562,25.936220075862952],[87.81079751391256,25.927962965080283],[87.81463051922871,25.916149756379532],[87.80979416940207,25.911955731954595],[87.82546489505458,25.911074888907656],[87.82231755043863,25.89965170188053],[87.82955368307147,25.892749681549102],[87.82433745727072,25.88705471460294],[87.82962705027734,25.871586613907223],[87.85782227626726,25.864794008355553],[87.87465155015857,25.868194608387494],[87.87583273324755,25.860457621415485],[87.88302477297299,25.859406697529582],[87.89234484794466,25.86579254397512],[87.91570254192501,25.853398133867888],[87.90416480050304,25.842938629186918],[87.90930438114539,25.84022668852649],[87.89866013015614,25.838022850178344],[87.90344422408438,25.833074468565638],[87.89336796886614,25.836527024387912],[87.88915880660117,25.829780675285004],[87.90567418038613,25.830608495194586],[87.90034244201965,25.823233265357107],[87.91767400800376,25.816177243730326],[87.90012745810415,25.807107777294583],[87.91030713366614,25.80370793648691],[87.90526645304497,25.802598884983237],[87.90987428583637,25.780856460288422],[87.90438759976148,25.77252722802519],[87.92584143307478,25.777010708496757],[87.93687312205618,25.768524275452158],[87.93512458100005,25.773406813950093],[87.94198831164195,25.774328019256224],[87.9503831991261,25.75832961021515],[87.94720244885966,25.75124797699951],[87.96831609825969,25.734299577599902],[87.9678970126201,25.72605595971589],[88.00060477542114,25.722902307343475],[88.0021894889223,25.716148883129176],[88.02152518462715,25.710299479100403],[88.02103166637971,25.69637442859878],[88.03233930793496,25.704316111571273],[88.0496952568908,25.70224962411259],[88.05530256245383,25.691518926350202],[88.04869923903976,25.681957743674786],[88.05070397063177,25.654312570146317],[88.03600483314614,25.64884203114662],[88.04527580350943,25.642278598457516],[88.05520237514685,25.644767114095075],[88.03973810300788,25.63933128879917],[88.03443076018957,25.63059642997043],[88.04372569311303,25.61042030625237],[88.03087715068969,25.607287997435453],[88.03967282513113,25.60087361152067],[88.02659358096979,25.603186600174702],[88.02161105458515,25.596152099303378],[88.02447132728074,25.582632071658164],[88.03522166840672,25.581077324503962],[88.02085958690053,25.57052095441204],[88.03155158514376,25.566517597019736],[88.03624132272952,25.57514822752795],[88.04016780853074,25.573710789554138],[88.02870521208062,25.561434903222743],[88.031440303643,25.554148183706296],[88.05218464844323,25.549196262769378],[88.06500392824617,25.531966305939413],[88.0597402112113,25.52644225171287],[88.0693593847484,25.52612937256337],[88.06724828274528,25.508140206410584],[88.07510786774486,25.50850090340389],[88.07701257103169,25.506816203480497],[88.07191143828345,25.504053626512746],[88.0732085983672,25.483682677968787],[88.06525661355579,25.48935804959],[88.05037006234906,25.485552843915286],[88.03058447687519,25.49065507434405],[88.01351458474346,25.514095451954084],[88.00195293106692,25.514376549446627],[88.00427438167866,25.496290219768216],[87.98484010126128,25.52556548262491],[87.97413525800776,25.52574027940211],[87.9591633749339,25.538731661375287],[87.91572868828968,25.533798997616973],[87.90274370524943,25.50479236290561],[87.89718049439043,25.504015716111926],[87.8839857825791,25.52057094400913],[87.88544202262158,25.509348967131995],[87.86614221820555,25.496997964665198],[87.86364749605026,25.47939822854053],[87.86877560071487,25.469455988307],[87.86426560254273,25.464398529094982],[87.85945887735754,25.47125676498435],[87.83918495422046,25.467975205531364],[87.83898316475988,25.46155271158537],[87.83057342453084,25.46191942211959],[87.83034296982953,25.448910974873275],[87.82138031025492,25.43591963768889],[87.78704738820538,25.449283577170064],[87.78522651570087,25.437165537330177],[87.77343888722137,25.42884143751314],[87.77864404757442,25.410398905021676],[87.76662173961684,25.415081141272896],[87.7704973403488,25.405093817670238],[87.76485907704442,25.383899550895528],[87.78951558850025,25.376870637534374],[87.78420365079924,25.340132977490125],[87.79277812228847,25.32960738209385],[87.80837405960033,25.327621850006732],[87.84713781578759,25.30437414449117],[87.85342071822467,25.290031019176187],[87.84660861466043,25.264557619430235],[87.81849243951719,25.241959472988167],[87.76278592616711,25.26559880211728],[87.71136704292203,25.2576836124555],[87.7786681323055,25.250543539839658],[87.7727634592306,25.207229193427743],[87.78173847333532,25.176914192036712],[87.77921999972389,25.14362648163881],[87.80071436053125,25.11776126671249],[87.79572792827175,25.087319541451294],[87.87667031343533,25.034369633472913],[87.9056440455016,25.003600948331048],[87.93987633378143,24.9913690333563],[87.95753385975459,24.971091736348075],[87.96228739209855,24.93783846183846],[87.95243188528495,24.908119670720378],[87.91531312045272,24.88296752990123],[87.890750420062,24.85518477925332],[87.89966907027255,24.844412004908914],[87.90025641216153,24.823042122750696],[87.88536316491268,24.826909046813565],[87.88283737991313,24.82247780020002],[87.88318909460138,24.828797158011263],[87.87744638687388,24.8213084966599],[87.87002976024259,24.82619225759633],[87.8816220168259,24.799005319800134],[87.87851453225574,24.790444497425455],[87.87304622032167,24.794973766317632],[87.86858247101361,24.78900347285893],[87.86864823128568,24.774337254187586],[87.85431881521816,24.761758700007928],[87.84342441576163,24.76942356693814],[87.83656405649698,24.765868583763506],[87.84134241288552,24.783623309188243],[87.83612183654387,24.789856675187956],[87.82979433275293,24.769617891512937],[87.8228342362372,24.77008077689176],[87.81770027815021,24.760942703184593],[87.81900377584827,24.753925226909878],[87.82925075229304,24.753338461940764],[87.8426882526745,24.740273248087945],[87.87457650849298,24.732562753822],[87.88270702358564,24.741347143162233],[87.89012472011044,24.724912539028267],[87.9077963990409,24.72131161802004],[87.89835680681394,24.687208578758632],[87.88858144140177,24.679208766391714],[87.91705794697513,24.665761519154064],[87.91154161380094,24.65463279616164],[87.91424937322253,24.637069839567705],[87.90578101881951,24.631449821891916],[87.90567049280189,24.614788666914365],[87.87779792459403,24.618232149419406],[87.87517845609017,24.61375004698963],[87.89193891184416,24.606363669613174],[87.89125375509887,24.61151693924931],[87.91145615257636,24.610283433434383],[87.90881903577042,24.585771627018524],[87.89254317260317,24.581382982024785],[87.89188665684408,24.565634789948398],[87.8688400189039,24.564297447203767],[87.86526334515915,24.556822383685706],[87.85218723701648,24.56074411420765],[87.85199298891267,24.553935850040833],[87.82702639608878,24.558247353428403],[87.82684466241521,24.56895005124154],[87.8123134559888,24.57884592045429],[87.77168511886859,24.58374679436591],[87.77059843046266,24.570828896784263],[87.791423197837,24.57209361621353],[87.80881307166958,24.5474819119207],[87.7993511563078,24.543838748280585],[87.80374758766509,24.518031657030157],[87.79804883989432,24.509224697602267],[87.80340258069707,24.505724042637524],[87.79420572493797,24.501338485571964],[87.80216615031976,24.494432691470383],[87.80984522874449,24.514190247162194],[87.81639793568557,24.500614933797383],[87.81147808924993,24.492206470123868],[87.82826761179159,24.498590515889838],[87.8269676875917,24.488482794829334],[87.81654464674116,24.489740676725454],[87.81068026759831,24.477083616701545],[87.82263950753476,24.470968064082633],[87.82383048944688,24.458417315420117],[87.80342047603585,24.4542916602859],[87.80398864967327,24.44123860343626],[87.79485336264712,24.43649140542813],[87.79564040721027,24.422037321899904],[87.78951502166332,24.42043475719429],[87.78871148223493,24.414957040719894],[87.79989833721534,24.40906408074208],[87.80636961996076,24.420138145764103],[87.81228874782694,24.414163955971134],[87.80966823278575,24.40538153589797],[87.79418814760284,24.39966552964507],[87.80134192089378,24.383154883611766],[87.79321067726744,24.38215913576836],[87.78699268709279,24.363731623540296],[87.76454757274492,24.339823164869788],[87.76278589203116,24.330430416684873],[87.77070147081902,24.322442762254266],[87.76309676391666,24.321478731014395],[87.76146693612367,24.308251712971845],[87.75474882149098,24.309842962577253],[87.73011742423557,24.28852284551429],[87.71315086351433,24.293941073665884],[87.70596893432743,24.26044065355838],[87.69112298786987,24.25856711565489],[87.68472282294886,24.246286078603557],[87.66214151052918,24.24534745272765],[87.65831055337192,24.23595319183375],[87.63881459283047,24.25476795505612],[87.64149597412204,24.247323591743577],[87.6359032446228,24.24184683551505],[87.64615667546286,24.2301528744866],[87.6383678211138,24.214723567274184],[87.6744019843265,24.207550573353124],[87.67692337836093,24.194633176902535],[87.69841241844684,24.187291267073437],[87.70206465667665,24.174539039822356],[87.69512443089505,24.149163788873572],[87.68802234666553,24.151159204738857],[87.6844349721891,24.142884930314487],[87.672754925948,24.141901960529825],[87.67546540097669,24.15132443592343],[87.66444196751274,24.15741445097408],[87.6418581586749,24.15282373651166],[87.63070320466684,24.164223181912185],[87.57583179574759,24.160968709722923],[87.61023396802408,24.13242437847674],[87.5851890825316,24.124158993827493],[87.58325392635665,24.11411402787738],[87.57441739024792,24.111880530455917],[87.5808957651925,24.08756871568277],[87.57208393005916,24.08949022465555],[87.55883617362863,24.08144673344929],[87.55424224226623,24.088336724229233],[87.54302578959381,24.0857758662137],[87.53191936527234,24.107256701081404],[87.5234893356943,24.1054794024923],[87.52124702845575,24.11299257149209],[87.51100456155372,24.110787354867636],[87.49754164783286,24.117876696999474],[87.50030262794346,24.10168252095361],[87.48960336232955,24.09030981261021],[87.5110513035929,24.08286381219558],[87.50087844804055,24.072778334740526],[87.49271026838468,24.076977698443685],[87.49048339959256,24.07087923820261],[87.497320594001,24.063405781876135],[87.49328161397338,24.054142985465578],[87.51000528820806,24.047512828775428],[87.51195634636018,24.03609891359322],[87.50237254129244,24.024659979870737],[87.4763461430458,24.01204420361411],[87.46127661220224,24.013020620179933],[87.45986181413879,24.018823437701315],[87.43793406561419,24.01295368800721],[87.44858673291935,24.01131511079296],[87.44511308336125,24.001968051981972],[87.46070561875314,23.996358148621336],[87.46000803291757,23.984197860766987],[87.44972716842705,23.988758629081932],[87.43945007057252,23.981815706946353],[87.42730958654434,23.99290036585726],[87.36060098280313,24.012848343287594],[87.35136835073956,23.998526715804626],[87.32916942239027,23.998738681760337],[87.3190559230203,24.007891609294102],[87.33618820494513,24.02090637763839],[87.33696986141324,24.034019402332415],[87.29164216215729,24.033146156501754],[87.28820947218288,24.02852812992052],[87.24538545667556,24.045068590882742],[87.23369085143868,24.024457331514554],[87.2456184230664,24.015936862347473],[87.24089722827604,24.011909458560172],[87.24768567380893,23.998738634982722],[87.26279693858397,24.003617929324236],[87.26790878823354,23.98912137195155],[87.26242767889993,23.96725476921284],[87.29294813561229,23.959070472445035],[87.28457067095309,23.92188226632825],[87.29533071747743,23.90211276584367],[87.26947663406858,23.874445632298045],[87.25896367275641,23.881684587631746],[87.2578204749292,23.89813260119003],[87.25268580088492,23.899740513761692],[87.25779817604892,23.90845332383197],[87.25183321973023,23.91275359305052],[87.2461958224018,23.908752468042465],[87.24099563332553,23.870436351877498],[87.2485548917627,23.868554663678175],[87.24410365778319,23.857160585885254],[87.25578383338166,23.843857271924897],[87.24066791892673,23.825832057563588],[87.21740400277379,23.829879915471164],[87.22345034376228,23.84572314666628],[87.23765689365513,23.854779451717153],[87.23386924427767,23.85650133884357],[87.22095183700468,23.860449554372664],[87.2143948936087,23.850785183585476],[87.20583083449196,23.85651438857139],[87.20324416797068,23.84784668993004],[87.19712961790268,23.850058587544254],[87.1893532690007,23.842372098208195],[87.18764099293257,23.84856205046696],[87.19671934114275,23.857935419165052],[87.18779440452185,23.859500100352097],[87.18090973325235,23.852887850360332],[87.16488916679728,23.86514460845862],[87.12941783943259,23.86893614896234],[87.12995233882326,23.853553469089498],[87.15404256849362,23.829315108327002],[87.16726300535973,23.825119299061964],[87.14955982880049,23.796738997874563],[87.14022972863025,23.804984079286925],[87.12251583696629,23.796197843525142],[87.11056046787041,23.799911759768804],[87.11869115903284,23.8039200560287],[87.11491071953388,23.80795821541435],[87.10306338991889,23.804410487886265],[87.0916249312004,23.815545850362387],[87.08198951522468,23.80958936527772],[87.05347765465666,23.822671364885657],[87.03793596121494,23.839247895648718],[86.97385086300648,23.86893462921417],[86.96421696069203,23.863766117130286],[86.9626928924557,23.849443958011214],[86.94686909028552,23.846051075473724],[86.93569732340858,23.85220915011793],[86.9325092060585,23.868548984732055],[86.91566744199152,23.883221300838493],[86.8935316023246,23.87713780413],[86.88127198552009,23.863139266757127],[86.88881331987238,23.858640811176993],[86.89449313924177,23.835042076441102],[86.88982099156762,23.819658177047437],[86.87466128334422,23.847605729323185],[86.8632535299405,23.844452773039972],[86.85236305073187,23.824967671328217],[86.83845639800673,23.824106637085325],[86.8266943697162,23.81419347790784],[86.81403393631,23.818437230380344],[86.8147130923092,23.83090770063791],[86.80543425539896,23.837535135829356],[86.79933551208671,23.83171044778145],[86.81027810525994,23.821869833112704],[86.80406398592581,23.801484823383202],[86.82601685673563,23.776924630735643],[86.82826568753981,23.753289056042327],[86.8116932159371,23.74512240479259],[86.799296843207,23.688978443540073],[86.74794011080317,23.678953679314024],[86.73959313137146,23.694489931910237],[86.71295390872618,23.698606878454875],[86.62938711073141,23.675866343099095],[86.59826516635933,23.673928153343766],[86.59914330458383,23.665719912869495],[86.57446071773029,23.64762950458011],[86.52879288307014,23.629879936468956],[86.49057772802688,23.637689800008037],[86.46184447765711,23.629788818547993],[86.44640610843933,23.61754981321031],[86.44719344944652,23.598015434421082],[86.42088460470484,23.589674558939258],[86.41368260535786,23.576025036307932],[86.38779160837737,23.574064562734367],[86.38852918361613,23.560220570324436],[86.36513557768563,23.531087796424018],[86.36459129564149,23.521989866305404],[86.37535011147392,23.50913359062265],[86.36437515559426,23.501647910016423],[86.36168242229245,23.485331174732167],[86.3658209266704,23.48034658144104],[86.37852523918495,23.48534702658184],[86.37929411082992,23.47377045387144],[86.36362811211241,23.47150335926489],[86.35692303652608,23.460907858518514],[86.3600292472852,23.452231302626327],[86.34976390747941,23.451585135711518],[86.34886478640647,23.440404464774264],[86.33674837992285,23.440433343256757],[86.33381767841072,23.447313640867815],[86.30565534153996,23.43510821796308],[86.31081474081412,23.42641789373954],[86.31765010086276,23.426815119635833],[86.31709751030057,23.41619942664121],[86.31014148405143,23.4118423813567],[86.290180914845,23.418202193926685],[86.28855677608269,23.42950626863859],[86.26412493058447,23.430844540844223],[86.2523503986435,23.427157591802196],[86.25934738088309,23.413335177075144],[86.24747508618802,23.41167061692739],[86.246042000222,23.423106490718748],[86.2347941514304,23.421346023419083],[86.23039239845338,23.431043275049376],[86.24600956385375,23.459670834197137],[86.23287587370136,23.46225945885518],[86.22883417447336,23.443355066518034],[86.18028733544732,23.46090200361981],[86.18228385913258,23.467406700260078],[86.1770991201809,23.46983626290637],[86.14846858677393,23.465365211921792],[86.16046053796316,23.508344512128872],[86.14797626777744,23.519729371771522],[86.15709843850212,23.53418316066559],[86.15161185483515,23.548099049892446],[86.15862270526608,23.559499548932862],[86.14338050205524,23.563525908043417],[86.1313202528533,23.55885269585118],[86.12610645430047,23.56975860999794],[86.09212013642352,23.563018376847193],[86.07267859133042,23.568928075796162],[86.07767269520242,23.579227101733927],[86.04201188888977,23.586191742178322],[86.03976090302724,23.57498737155275],[86.01855177798386,23.55973551931694],[86.01677805265874,23.5475376681735],[86.02817280744031,23.542754487441528],[86.02372355514433,23.53739989404669],[86.03974555710725,23.514924867987194],[86.03883949924368,23.497860871559716],[86.05873547688621,23.49450731789606],[86.05413046300818,23.486938676060632],[86.0090908094464,23.484530032619947],[85.95027974991545,23.470904475816237],[85.90906914279438,23.484261651634633],[85.88670192495805,23.48479014682906],[85.87083493178899,23.475539686672708],[85.86305060315235,23.4624869321196],[85.86361357644259,23.43164149442597],[85.88451554682908,23.429954531669157],[85.8871652687951,23.425391656612398],[85.88035540922245,23.421800330657167],[85.8913746053332,23.410182779974473],[85.88610383921832,23.405006184276584],[85.89835986725326,23.405784848478024],[85.90263848006946,23.398522826464312],[85.8697508916165,23.388911534453705],[85.87805422819679,23.38193689144278],[85.87490134726373,23.360606920793277],[85.88355290498407,23.350367747923386],[85.86568272712192,23.341401990217182],[85.86860090791565,23.330368634586335],[85.83827076558443,23.306124022255744],[85.819663238859,23.268486225659128],[85.8379986272573,23.24702428127102],[85.83677446786682,23.22019955756868],[85.86432737776735,23.221954461563836],[85.88254454068776,23.19839037702756],[85.88165163775324,23.169295460215736],[85.89416296070375,23.15526662645409],[85.92184766693119,23.145125695640928],[85.92873671119948,23.15146795466075],[85.9511244537434,23.152052190367247],[85.9580782315094,23.16093998306081],[86.00259435141514,23.148980196533646],[86.01284342183283,23.148299372446935],[86.01755153535605,23.1552837847251],[86.02372370516296,23.144506847769385],[86.04368492025809,23.144936281898566],[86.0547810283268,23.12391243666401],[86.04917276605799,23.106068404717988],[86.07501993603242,23.09460500895595],[86.08949953873733,23.095193361135536],[86.09807588141727,23.085430597925054],[86.12704346092218,23.08683456192609],[86.14609070848763,23.075296557159266],[86.14162164294976,23.057278278425965],[86.1575801888193,23.047997232874817],[86.15644160114616,23.031732282395353],[86.16739433989218,23.03324521678743],[86.18554644322649,23.00524708589143],[86.20747390518846,23.008194560948134],[86.20667105117464,23.000286804698696],[86.23709416823948,22.995025559174746],[86.30457219698782,23.0167924622942],[86.30404273355262,23.010067518010633],[86.3260774507663,22.99492299615945],[86.3379378400889,22.990580457485677],[86.34410134654325,22.997834613340892],[86.37678476230515,22.998495649047307],[86.38583445156279,22.996046690689834],[86.39393407808441,22.98103709888449],[86.4157422222171,22.99087066021244],[86.41912545544353,23.000584682520916],[86.44675058719795,22.988145559707107],[86.50135399273535,22.994713072012775],[86.51332839533548,22.97763239533592],[86.50749176694839,22.972935093106667],[86.51888487511803,22.97058532830523],[86.54699778488524,22.989415670893923],[86.54477156827002,22.96599145883758],[86.53146002606442,22.964769427927767],[86.52546007497553,22.947304131449982],[86.50290205407457,22.951492191352315],[86.48902961278873,22.937665223292587],[86.47656933840086,22.951870015455867],[86.46279578455984,22.937021088591372],[86.43579743073533,22.92590443747673],[86.4529151392913,22.90357168373638],[86.46729674837513,22.900891749568775],[86.45333468576666,22.886120090528077],[86.45093398488224,22.862372389290204],[86.43480872786563,22.86065379250274],[86.43869143427149,22.831273140831833],[86.42241104539183,22.810798737513423],[86.42509567678808,22.800043708471556],[86.41938051410214,22.79099668579424],[86.4324918388989,22.774955391842056],[86.46011214310698,22.763353616750745],[86.48216923825272,22.729393376567245],[86.49358443689353,22.726568938361364],[86.51057438974476,22.70480675052565],[86.51399790522517,22.718504910915527],[86.54802054109074,22.72087982318638],[86.57126757700112,22.699876754464967],[86.63504234500816,22.665607515004368],[86.64138989560298,22.657654125019196],[86.63313256354502,22.61103950468466],[86.63845832362333,22.598476638404712],[86.65604639904521,22.591459870921252],[86.6526540389355,22.582472953322245],[86.65853663770892,22.575701225291443],[86.71013562957522,22.583065574896455],[86.76581202331212,22.575703297332883],[86.77164675086406,22.56488009058136],[86.76672022814921,22.556083093500156],[86.78925862355617,22.54774877278176],[86.78653796432712,22.526894902941006],[86.8021897157642,22.502252200014677],[86.79397381131226,22.495918207942417],[86.80089687118708,22.48835641376159],[86.79295093922408,22.477460471818322],[86.75065700159959,22.482486816360765],[86.75109508211591,22.455807348558935],[86.7634766317455,22.447197779289585],[86.75950941902424,22.44473823852044],[86.76474865067938,22.42664181902959],[86.81295573608517,22.41913415225309],[86.84553727031745,22.39987172480918],[86.84306049021332,22.373029100007415],[86.83171666541675,22.34712588790764],[86.83315147435147,22.32447882756817],[86.88812216327932,22.297332960440947],[86.88673630084946,22.25739174605194],[86.82400791204495,22.266830995240074],[86.81680340999159,22.253750515904628],[86.81341765429583,22.267532899682255],[86.80300583160658,22.244393065237915],[86.79702289550748,22.24782775720227],[86.8011323348944,22.26559414279129],[86.79221149189628,22.266314700177197],[86.79434104799027,22.24341566758177],[86.79913267788544,22.238217979103112],[86.81246231305917,22.24117902626405],[86.80222736325945,22.217930783006942],[86.79173246257606,22.22219093226368],[86.78517415104594,22.215153715460087],[86.77817398427865,22.21809856837698],[86.78474284203024,22.23091799188514],[86.79512029068515,22.227931999059656],[86.78159911223497,22.23706608562513],[86.77454202282141,22.23234062808527],[86.77603938953425,22.21808658977329],[86.75309498346662,22.211070062480445],[86.72695651499838,22.216793096636046],[86.71785583017868,22.181629007501108],[86.72179973521159,22.146751420454276],[86.77021539774825,22.14915083843872],[86.79569746364511,22.15692329778445],[86.80518055409473,22.146970780652133],[86.80194556894136,22.13051807956624],[86.81399215746275,22.125919539152953],[86.80885760289442,22.119165563359264],[86.8283199008672,22.11775038971976],[86.8378106072338,22.097698544082153],[86.84637067783073,22.096157390565747],[86.85190962249895,22.102878828524602],[86.9464518848198,22.085604187673574],[86.960088961213,22.087946626792416],[86.9925522439162,22.055016588947534],[87.02816239243333,22.03790301845277],[87.02336197791301,22.020615246712644],[87.03087833460884,21.985547687616208],[87.00936439052829,21.947578119626435],[87.0016816622486,21.91391439788504],[87.03772648217551,21.868135077847846],[87.0986015953449,21.865816676923544],[87.09939502782805,21.89147352704773],[87.09068231459976,21.899647796350997],[87.0963589629162,21.91396528994116],[87.10844057854719,21.924962818728158],[87.13729551201038,21.92360717251733],[87.1614937461274,21.935582736987325],[87.16261499901051,21.96791165375719],[87.1701418049097,21.979415026240474],[87.19615602559438,21.959499872150342],[87.21126671993923,21.966170937011285],[87.23585723396775,21.9570629294005],[87.23597727943243,21.94355466524715],[87.25520936794402,21.92598119825547],[87.23873395301955,21.904943070650084],[87.25151875099031,21.875066671238248],[87.24661466010639,21.861344166729687],[87.25046364734975,21.851961538603955],[87.26005725932544,21.84893294243516],[87.27071730449401,21.827763358923217],[87.26373736329535,21.8192342439379],[87.27507322991681,21.81692100014762],[87.276530395224,21.805178446021213],[87.28362484018034,21.802815552263034],[87.29765700911021,21.81091611804541],[87.2991847002521,21.800878179110967],[87.30969851226881,21.799305447048123],[87.31057386302102,21.792332381517255],[87.33545179841458,21.79361675094806],[87.33777858052754,21.78372500487017],[87.34728881447178,21.79207251943587],[87.35544292471371,21.791066551516728],[87.35879497741658,21.781668145189254],[87.3711061027212,21.778085063354414],[87.36925979891099,21.764599708580242],[87.38574606728073,21.77583381535956],[87.39407363411915,21.77512595497334],[87.39592148842152,21.76605389617447],[87.40439766445571,21.770536205629096],[87.44438053689146,21.768220846583294],[87.4450960063877,21.743047492105912],[87.4543610820061,21.739165490084382],[87.44434270883485,21.73401115363396],[87.46919241826387,21.73221446872666],[87.46356583575314,21.72623534583719],[87.47348434860413,21.713140206192378],[87.47194518328118,21.68370596737934],[87.46176092451465,21.651143499590365],[87.47678215114874,21.64658754433404],[87.48573988526067,21.63085308444583],[87.48621588276677,21.609766410246106],[87.54149034329612,21.620956346658264],[87.56140866742965,21.636164925432816],[87.56343972325276,21.62804944282242],[87.6280553197556,21.64434583676247],[87.6384807968372,21.662570331901552],[87.64941372862953,21.660871268826458],[87.6512461310107,21.647327555349342],[87.67381402080336,21.650458161707167],[87.74158257279944,21.68127034792381],[87.74653390069423,21.694004544083857],[87.77556124242005,21.694727730783594],[87.80639282074961,21.708851789486644],[87.84939533509719,21.740469564673443],[87.87908131530111,21.772651588696124],[87.88031112150148,21.795301514301517],[87.87034161758001,21.811046170081568],[87.87963723322311,21.808906126186145],[87.8912224892354,21.79402810346589],[87.89967896611375,21.794102788622595],[87.94879071250281,21.824194483599634],[87.9866327235467,21.87067527344867],[88.01978818063422,21.95692372073321],[88.0485458876376,21.99740854601676],[88.04380893460053,22.01254219587711],[88.02645524939918,22.027313674314936],[88.01353845837046,22.061356049176613],[87.99290255459807,22.075682989686356],[88.01963469358644,22.07186540221341],[88.03900707109764,22.03445020532314],[88.06012176344171,22.017895569324796],[88.0977598497296,22.02834886990005],[88.16743836285183,22.07821348259431],[88.18666526359266,22.104608878832295],[88.18619780636992,22.117131623518002],[88.16616237605935,22.139135442011096],[88.16990802560397,22.150163985323974],[88.13617826567386,22.18538679377671],[88.10123163079189,22.19147904199966],[88.07289864455988,22.18472312409199],[88.04334406362752,22.205054164590145],[88.01475647418272,22.20262339545869],[88.01611923643503,22.207662007613074],[87.99048511360834,22.225464329426746],[87.99535752270883,22.2458107663339],[88.03445802495673,22.219018285742383],[88.05814502784554,22.234131722388753],[88.0676632963217,22.255661886958112],[88.08176600635758,22.257085881467617],[88.08394996712015,22.240375282578007],[88.06684453314419,22.209540328841015],[88.10323756253312,22.214802369657548],[88.18315695972584,22.187303276487096],[88.20424277033523,22.15241978186626],[88.22230194564834,22.07272965770927],[88.21346341977124,22.037849885924484],[88.19707929973079,22.009001961486042],[88.1457207599166,21.9552026787298],[88.16465573783448,21.943457410911254],[88.16945720068877,21.911963622035035],[88.16410925042634,21.883630615579797],[88.19397782399153,21.84360183731474],[88.19980526620655,21.80877714142216],[88.21209805330291,21.783101851020422],[88.21012121440049,21.724959787467235],[88.21997704999748,21.702157975235586],[88.20279778887824,21.682562390069222],[88.2298830205705,21.66966234153454],[88.23600919932983,21.64504272962048],[88.22033076972544,21.62186889173863],[88.22009667325396,21.603989127430438],[88.23567627380407,21.573756511754937],[88.25998968900848,21.55652559966143],[88.2836102596854,21.56390564521174],[88.30281884647249,21.58171976951552],[88.2861810880099,21.61053954066913],[88.30246146610976,21.669932054736442],[88.30215458094747,21.678751979281625],[88.26810495609752,21.72808815657903],[88.27459021034052,21.72807390430552],[88.28139826519775,21.757363464258912],[88.25593730791344,21.80102308665764],[88.26257132945574,21.818307686115123],[88.29528996995654,21.832543234210572],[88.30380384828322,21.842994761671317],[88.29827406822753,21.856308688169285],[88.2539026642191,21.85986857046949],[88.25323191106108,21.87128396463109],[88.26996581531021,21.899279890206568],[88.26640018635189,21.92408338119128],[88.27059923448503,21.952056650528817],[88.26149274475199,21.96220122563801],[88.27258761763721,21.959980767871272],[88.27657956726644,21.945754674890434],[88.27018699939781,21.922737536878184],[88.27488407801604,21.899314980286984],[88.26065524541261,21.86487686762105],[88.2921677170831,21.8642014040533],[88.30492928192571,21.876945091610565],[88.304664438817,21.861551313997477],[88.31181407087449,21.859575473673864],[88.35367878357475,21.866856297794303],[88.36357606025246,21.88208382153682],[88.36580834229242,21.905337209445133],[88.34742321687175,21.935356325127476],[88.34609529577773,21.949159291122637],[88.35259708620853,21.957795674334008],[88.34395073332692,21.965079010221885],[88.35105000493127,21.97135007924978],[88.35747030379277,21.954199753780298],[88.353081643761,21.939024920161014],[88.372570143794,21.90612057972316],[88.3566785691255,21.855821084227006],[88.35586009340892,21.82706357390733],[88.36328894790785,21.803799868301123],[88.38174913745198,21.795086995204823],[88.38643136691859,21.80881929455054],[88.37900094845271,21.84417253184506],[88.38647104460638,21.8496425074255],[88.38466238918973,21.871122315885742],[88.39229407250006,21.886775715297738],[88.3825954663323,21.890346658259524],[88.37963216046691,21.900275443276634],[88.3950815870475,21.924572625133184],[88.3857863001878,21.953962688608474],[88.37473055252643,21.966306942509068],[88.40259725743043,21.98819991668607],[88.38815963120213,22.004171672502434],[88.39479391235753,22.00750285422404],[88.40714541603585,21.99272467977228],[88.40193012717798,21.977558121349645],[88.38297429397244,21.96641928365849],[88.393410142104,21.952718540928757],[88.40152152128445,21.922373856323105],[88.38917702716031,21.90367686587958],[88.39109248777264,21.896777511782954],[88.4011253777189,21.891146371650066],[88.41181639769677,21.905895287844462],[88.44493439503695,21.91740237389516],[88.44316688425695,21.95021568613879],[88.45107396588054,21.945501171975852],[88.46020652382485,21.958683158256935],[88.44727932311862,21.970809038207012],[88.44597648208902,21.987533439490747],[88.46575583415314,21.961652130886772],[88.45426207963736,21.944655372151736],[88.46046956491308,21.929296916080446],[88.45666282004765,21.903890715267615],[88.47070990999443,21.901022276463515],[88.50523259575782,21.925448127113324],[88.50735614391922,21.938809478678984],[88.49474154255881,21.961126430015707],[88.49821077150737,21.97633762127912],[88.5145930733577,21.989729821094887],[88.54106917632042,21.988280925758428],[88.55406242835288,22.0514289141264],[88.55818867521877,22.035492200145526],[88.5504569833662,21.99088709370624],[88.54136613779377,21.98194679768307],[88.50991604064501,21.980689353567616],[88.50172950211967,21.96739548999133],[88.52185656418254,21.943620035815027],[88.5255555489431,21.932789861664634],[88.52559764220068,21.925220651618062],[88.52404207992885,21.928970925851218],[88.52016206397724,21.91479570338183],[88.5019062968558,21.89688569862284],[88.52563606494202,21.91831064023064],[88.4963104897284,21.879033813563847],[88.51956659862317,21.856312986123406],[88.53203511954534,21.85318436981034],[88.5478480808467,21.884702136123522],[88.54338702648451,21.904153496251357],[88.56704916759949,21.90028741132858],[88.57158805020127,21.91108255070896],[88.57956410986228,21.891909933403657],[88.59357082952016,21.895583106843816],[88.60668639436506,21.9180363746631],[88.60148704341694,21.93837017626087],[88.61397333660867,21.93978618544709],[88.60251243527946,21.95739050072211],[88.59874415268123,21.98226010217556],[88.61714903924153,22.01378973186507],[88.60191804161555,22.030444499900415],[88.62170828934576,22.02286941888251],[88.63746580393281,22.04717837785342],[88.63017172547258,22.053654534932196],[88.62271178836649,22.095247950718832],[88.60764765370281,22.101058927629328],[88.64118489927768,22.14058844751948],[88.64066216332562,22.164645904331046],[88.65762464479714,22.176424012150637],[88.67325980614758,22.204055143805583],[88.63188241421757,22.212686232660783],[88.64882708030038,22.24781078002631],[88.66065071954472,22.242608765495987],[88.64039201027526,22.215768735654958],[88.70290244263904,22.208725147937663],[88.68388163159406,22.207389221855557],[88.68116187876517,22.193157362595645],[88.65610772535389,22.168558739335715],[88.63742013538041,22.112526568485702],[88.64216296519608,22.08763912811927],[88.66135950377858,22.056558132231704],[88.65710777035234,22.024390798974377],[88.63281421420393,21.992700336086003],[88.63069542711354,21.964641857590756],[88.63841037167428,21.952129939104395],[88.66700135764917,21.953385323994514],[88.68229689922832,21.945318501850227],[88.69522712995202,21.957342305285966],[88.690009755206,21.974179153868562],[88.73826314786636,22.013658358232707],[88.73796644241288,22.03309774931007],[88.69882118609749,22.055094779003518],[88.68706931685449,22.077446993379542],[88.69294532199376,22.093977520120507],[88.72170617220233,22.11374934147892],[88.73899195015807,22.145078311982008],[88.76107991501023,22.148100746258077],[88.77345856757303,22.140680502465454],[88.74849111056983,22.131088554177467],[88.73478848590699,22.103877275291243],[88.70335749592432,22.07345354499769],[88.74110742605832,22.053259393142323],[88.75016946984609,22.082022233853394],[88.77339356278414,22.094990733235687],[88.78335965939574,22.108911187688747],[88.77947970991947,22.089335673936183],[88.76506404210998,22.082277512119834],[88.75058616596704,22.058798525979594],[88.7731031338595,22.054509655105914],[88.75585158261441,22.047393758066377],[88.76227664075026,22.01554293961997],[88.74648095584844,21.989534163609573],[88.76549081553176,21.998138406594766],[88.76493098814166,21.989768267363768],[88.78162454366155,21.989470819115],[88.78857018897926,21.977418188032548],[88.81680463990607,21.968220446380712],[88.78788347096199,21.969486984885826],[88.77838647818503,21.981681787984456],[88.75849829073262,21.983624083890437],[88.75675731618615,21.961124597959444],[88.76710010424416,21.953832731805157],[88.78891569091901,21.955248951944377],[88.79791398396597,21.945306077643494],[88.82601863462246,21.94135579394932],[88.85299515040239,21.92243958413287],[88.86510556242813,21.923612337629013],[88.86975544356133,21.931694587750744],[88.88036665451443,21.92591222539665],[88.90120649292432,21.930987460040818],[88.89934223448653,21.94419568196883],[88.906714160051,21.95044764341389],[88.90690563415716,21.97098988779375],[88.90034079636646,21.97598096541898],[88.90656531549662,22.00790562859978],[88.89856374457985,22.015118871892387],[88.90481849201929,22.024859915277986],[88.90619727931795,22.053126970432075],[88.88970882983872,22.05353907408817],[88.89235932345754,22.068237611271186],[88.9278645478512,22.104925434920084],[88.92378242174046,22.089610676284558],[88.90399302651146,22.06872928196873],[88.9251218763044,22.055227981662615],[88.91232928724521,22.028027563028164],[88.9209369128566,21.983949700551477],[88.93251999045435,22.003453601621047],[88.92993243100769,22.06338485099201],[88.97261536250637,22.084774729715292],[88.98225682324568,22.109665627244844],[88.98733535977121,22.11012208246023],[88.97531292155792,22.070973006739244],[88.93724901226577,22.054597685733683],[88.93561567206,22.024259446830452],[88.94611260922414,21.99512424156875],[88.93041992784774,21.96499078151836],[88.93046157374431,21.948935019709968],[88.94239111897075,21.93335584876793],[88.95791175230895,21.929314089931157],[88.97324627987315,21.944291483479606],[88.97198445232614,21.92257288971473],[89.0076499038271,21.902774702275213],[89.01415302286621,21.913411637731556],[89.01220755043856,21.927657625864697],[88.98719837477522,21.94974703538764],[88.99515225952345,21.962197958953844],[89.00601023948172,21.96256982976284],[89.00029764687582,21.948448765764102],[89.03084537823686,21.928384658217464],[89.06404058936896,21.939533945112135],[89.06885678189892,21.948810251669553],[89.06641041246209,21.968702808808278],[89.07246821236036,22.00173615036651],[89.08044651780955,22.001786117288393],[89.0784813614974,22.019408016204192],[89.05490583863701,22.046962824958737],[89.04244427426842,22.10121294291949],[89.05090010974963,22.114818842619915],[89.09310075014534,22.146338174473648],[89.0956206368067,22.16035895742422],[89.08822247324944,22.161701566205146],[89.07925616920973,22.15196458189164],[89.07123634811967,22.15645085541969],[89.06509070107147,22.207109976728887],[89.04149627226765,22.23057168564017],[89.03320787107727,22.259309784880546],[89.01283609715125,22.255641948476256],[89.0211206409758,22.26835636015469],[88.99506724206665,22.28736199901446],[88.99955685027844,22.296725499518544],[89.02508057285169,22.298488231007784],[88.9996880141914,22.324733561424832],[88.98465054511865,22.326448677788477],[88.99062727296081,22.366185063420108],[88.9840897403615,22.377648060722088],[88.9917844647435,22.391106950631144],[88.97272547709562,22.41124658344204],[89.00059445114401,22.429402746324158],[88.99000375411872,22.443653254749602],[88.99674967520271,22.468861942705406],[88.9743460190035,22.497484749465155],[88.96217324233751,22.547358528886875],[88.94402585246353,22.560461022850326],[88.93888955965511,22.58730574575916],[88.95937749832378,22.614067715940678],[88.93611326506556,22.626599517190638],[88.92611995668737,22.64977713552529],[88.94173571802091,22.659369501147037],[88.94789918944097,22.6783060717915],[88.96198765668802,22.6854174465515],[88.96263879872508,22.69330857051234],[88.95477648194871,22.70515772980192],[88.92812633938287,22.717790636969532],[88.91650216655583,22.734545673916962],[88.92205263930408,22.753030721178515],[88.9122301931879,22.75857152412944],[88.91945692854456,22.770500238718682],[88.9262386780353,22.76994458550983],[88.92469394046263,22.77964882481625],[88.936407950208,22.78195323134199],[88.93886710806122,22.792939522280893],[88.95915458497926,22.7967575406821],[88.95618479597249,22.811546943119257],[88.96424102398437,22.819730067698966],[88.96950296504991,22.843997793805286],[88.94593673526117,22.880207832827484],[88.92772815664162,22.872034858824854],[88.92340065211775,22.87921341173413],[88.90948703385592,22.879010895109896],[88.90777022129562,22.893301272618597],[88.89684158973856,22.897023368073302],[88.90158546788818,22.90502577832604],[88.89737454762022,22.913073133458518],[88.90971261160357,22.917784092504373],[88.88795291900398,22.933151624447973],[88.89378460575871,22.938253716132646],[88.89430061422757,22.95310982178667],[88.86884116251966,22.95214852120091],[88.85999373793139,22.943637087131833],[88.85764421317039,22.967909214714957],[88.87166541726391,22.978190211527192],[88.86648635656312,23.000182935040154],[88.84612966984231,23.009404901828407],[88.87941612734939,23.006015595375676],[88.87092712966115,23.016950606846226],[88.88336386549362,23.04065990710871],[88.87431238858855,23.04498045224657],[88.87324356318203,23.066013965578616],[88.86054266516383,23.07739690652355],[88.87394202307837,23.08971690283478],[88.86608022642655,23.10028270892439],[88.89913562825939,23.11199355782558],[88.90966368845487,23.12940112789005],[88.91675388078664,23.128851961063447],[88.9209015605569,23.142859137069838],[88.92982550364108,23.14190662676924],[88.92708898106243,23.16185814067455],[88.93345307233656,23.16124478146173],[88.93860002635081,23.176318688660142],[88.95616728870588,23.18186915263396],[88.96432700713011,23.192742272091614],[88.97474187061664,23.191362714553094],[88.9753308124051,23.181095485393826],[88.97963408307754,23.18191657334446],[88.98667722165472,23.20231199382353],[88.97908611255086,23.21257729917449],[88.99440384611079,23.21415507656661],[88.98233568454782,23.221395609371783],[88.97931488201267,23.21480592477637],[88.97494429249117,23.22351080315109],[88.97780080933053,23.21376954969977],[88.96984408860096,23.221938336335704],[88.94210367065622,23.20565198896652],[88.92662738804192,23.21722165118727],[88.9168658270407,23.21884553391939],[88.9206441581937,23.216442103222697],[88.91405447749385,23.213003679829146],[88.91444766380549,23.228130676156884],[88.90623168299672,23.23571593570035],[88.88611590107891,23.23085250096712],[88.88554573857142,23.22616183217996],[88.8549072189762,23.235761507277797],[88.84520167601782,23.23009325619217],[88.83666374170619,23.24269386261375],[88.82321671379277,23.232937284856675],[88.82791998359998,23.245009361851757],[88.81076929968657,23.255874657679268],[88.80588633987307,23.237446464321742],[88.81106875757808,23.221033206236115],[88.78951604939643,23.218145703390622],[88.77388194895634,23.224329352971036],[88.77747219714335,23.23566415835269],[88.76717374723282,23.245354271720323],[88.7518474051175,23.239634726595703],[88.71855641560981,23.254811112893695],[88.72346549843178,23.27224357432158],[88.71083343831383,23.278059153266856],[88.70849103539639,23.289974409546083],[88.69741429680178,23.291529798851247],[88.69581635021821,23.302202942657445],[88.71059578271718,23.312660251540564],[88.70635291206953,23.30405061520685],[88.72538288413377,23.299170094555667],[88.72432620844147,23.317723849687642],[88.72962896446192,23.31940830714487],[88.73204091854193,23.3073594670842],[88.74505161675548,23.30773416326666],[88.74933683488398,23.321382439594238],[88.73256133594221,23.327663525903237],[88.73887502993229,23.34355305691015],[88.7317625674663,23.35108315172572],[88.7446220055557,23.34840377917775],[88.7475150308265,23.361689242885955],[88.75867492107709,23.36009805879211],[88.76549318618582,23.367843474118956],[88.75856438068641,23.374612359095565],[88.76254560353284,23.38651582153569],[88.75345111529195,23.388754343871692],[88.74906683993713,23.3998604301924],[88.76093355070435,23.408252824364688],[88.75403240702748,23.415467254487993],[88.76411161770302,23.447783894889266],[88.77299898138887,23.447748080441716],[88.7805408484421,23.436173474315407],[88.78471579836946,23.44401055948796],[88.79487006688025,23.442899430618432],[88.78709964506254,23.468516400934185],[88.80114571721806,23.485314935647164],[88.79433107321822,23.485274290139643],[88.7997983817341,23.4964964612818],[88.79306287212428,23.502060710818682],[88.7844175558985,23.496566277643783],[88.78305462566124,23.49992926755378],[88.78717491939175,23.504784894300933],[88.78650777027464,23.506677781059604],[88.76871171869477,23.491085252831734],[88.7746486655429,23.479326545682113],[88.760773158307,23.489142526586456],[88.75861038970032,23.477106719469873],[88.7406109388789,23.48013651241987],[88.72386388329399,23.512444887757066],[88.7140647493577,23.508576355010504],[88.70432821991191,23.517412297182755],[88.6971571280006,23.51617896676695],[88.6953960994637,23.52587881029125],[88.68274695698227,23.52898386844931],[88.68593878167954,23.537502172973607],[88.67889433964687,23.54527891950434],[88.66431053326731,23.546195109296036],[88.65439060377311,23.556421782515894],[88.65111811036334,23.585003876937353],[88.63853071717627,23.59123809903838],[88.64625585042896,23.608085093053237],[88.60565489216198,23.599723015595536],[88.60532171870118,23.61008816590717],[88.5963574331759,23.601270722345305],[88.57991164199457,23.602283276785762],[88.58485994616014,23.615557279585342],[88.59335399687184,23.616523348954516],[88.5936465098879,23.639967157868664],[88.56238119170152,23.636367627063482],[88.55805474000319,23.64871827599771],[88.57397475353693,23.667826115288243],[88.56476434399684,23.712444254126087],[88.5769987891088,23.734627767073228],[88.57178509476053,23.733753212160163],[88.56999674755752,23.747087178112405],[88.58052206609473,23.76020563495205],[88.5793170884305,23.77454483090065],[88.55643201159586,23.78349328615741],[88.57842825216925,23.78571581351557],[88.58184025214604,23.796507117716462],[88.59602375935353,23.80476526384956],[88.58763895276353,23.813340741781488],[88.59374564167446,23.808509625356873],[88.60225552159977,23.81668927105909],[88.5866112585189,23.831028022718474],[88.59110324457127,23.852847404433724],[88.57798484284672,23.85021621733929],[88.57531931053168,23.86092393413881],[88.58745430136192,23.87131832656111],[88.60749050512194,23.862088125565975],[88.60949792177836,23.87303641472247],[88.61642504742818,23.87605069645543],[88.62369036991785,23.87480192858733],[88.6256645228576,23.864837895861058],[88.63664950393583,23.87093441427159],[88.65380598827106,23.865864364659167],[88.66731259694565,23.86974498927377],[88.6639819421128,23.88232818364156],[88.68185625222526,23.888169844838515],[88.68815012668523,23.901360562919947],[88.7039989945468,23.899339156131887],[88.69923839964807,23.91076368986328],[88.70623864546707,23.916140987576163],[88.73301230279125,23.911063892203316],[88.7346861839658,23.933101150982214],[88.74323378864149,23.929850080821257],[88.74195201041036,23.951645526561606],[88.73226261916078,23.960902958918844],[88.7383212005933,23.98266233924875],[88.7689130158786,23.982615968628647],[88.76057479681752,24.005890259055278],[88.74533116977695,24.005465089887846],[88.73592196216617,23.995373929763886],[88.72866377229985,23.995999922634134],[88.7427599030746,24.03515273196317],[88.73480226965668,24.0377239039373],[88.7392788828396,24.045988575162735],[88.72683297610641,24.052694589691498],[88.7376849265725,24.061412573558588],[88.72340369883179,24.068637985704946],[88.72858966937376,24.099068604678894],[88.7193277692999,24.104637465368498],[88.70098990694127,24.094701064696924],[88.70120180604206,24.10821358110932],[88.69443247126851,24.112015665811114],[88.70084856511616,24.1218411715235],[88.71370354846005,24.1228685740386],[88.7468053392942,24.14781638622698],[88.73160827732465,24.174338562555075],[88.74128909505316,24.254030118288988],[88.73542514350842,24.27605273264356],[88.72605206793497,24.29630018599786],[88.68345419611391,24.32437009958799],[88.65179007265375,24.299501912114916],[88.64851155783663,24.310798007462868],[88.62868873360094,24.305566520625952],[88.6232160316001,24.315393941176893],[88.59793679451458,24.311124394450808],[88.58764870038266,24.314739617381793],[88.58645895185742,24.3244597117087],[88.56718016442579,24.326265131880227],[88.55919595884178,24.30812753312683],[88.52530666081216,24.315372145200726],[88.4960623274362,24.328767629538202],[88.47928815530612,24.353442205695334],[88.38251774589052,24.395592548328423],[88.33491564169262,24.443090506153737],[88.27781408243554,24.459443180060937],[88.24304227677585,24.461103760885052],[88.208026970182,24.476262379202744],[88.1897151113559,24.476233421924846],[88.1831282091452,24.489371297521487],[88.12393321954323,24.516967246242263],[88.1059271858674,24.556217000363233],[88.10883295463888,24.577611470969213],[88.0895506323366,24.61401559049614],[88.05074069915048,24.652554209705297],[88.0539099824223,24.661753117719964],[88.04868117661434,24.670754735947693],[88.02441569371685,24.688135386490416],[88.06165963159744,24.721869055911633],[88.07060618078575,24.74376287978668],[88.06460695194232,24.75122353397011],[88.07334494016946,24.7611586341045],[88.06812692402636,24.770616349236104],[88.07637902070282,24.769824583769008],[88.08798295538483,24.7830529243968],[88.10469929757018,24.77984660011717],[88.10423277549368,24.80095133256838],[88.12208655011874,24.82313000674651],[88.12960525501072,24.80567414663071],[88.13541437608549,24.80543691735501],[88.13141860592134,24.83615219267343],[88.13991090581655,24.83422418303281],[88.14633840467502,24.843475096830048],[88.14053778705275,24.850010394057705],[88.16105022996574,24.849087833388868],[88.16205443416399,24.858048648487742],[88.1743937854331,24.861046945922542],[88.16515455254883,24.863647969897567],[88.15838887391848,24.872254440115615],[88.1626504564735,24.878073616102238],[88.15180199955557,24.88496378232513],[88.15685119800227,24.8925165783792],[88.16886445812831,24.892406657669934],[88.13999382391054,24.9140391472984],[88.13749045187735,24.936029718729877],[88.15692739220634,24.93404018591073],[88.17000107759269,24.950204964129103],[88.17495175690387,24.946392740691092],[88.18265533328467,24.952923499009838],[88.22588711925229,24.959824148366835],[88.25163157495882,24.93342791092371],[88.26324277341824,24.911071492665823],[88.25807590375415,24.878311523586795],[88.26608832811617,24.878408068777315],[88.27626569860112,24.898127213065944],[88.27755059398629,24.88912704707624],[88.30153309858615,24.8864229756781],[88.2973845690096,24.881910722287174],[88.30228946119072,24.87224975226682],[88.3192580341382,24.88459215558072],[88.32785317765872,24.871300671120782],[88.34582564488564,24.894223679780126],[88.34271180563316,24.900058975032998],[88.33330474140264,24.898363267313552],[88.33379874653696,24.905737170981215],[88.32695412395945,24.905202934165793],[88.32423854649996,24.91392115885046],[88.32543845766598,24.919089814885805],[88.335980608835,24.91877894519451],[88.34006760291625,24.940662859711217],[88.35410359327935,24.94241215711867],[88.36323033912377,24.953638891664838],[88.36636609008269,24.945109359225647],[88.38044577000962,24.939693104323155],[88.39786052717555,24.945612361807424],[88.39458204739272,24.969859943262637],[88.40575959133524,24.972926709493358],[88.40468973286613,24.97944950669373],[88.41607279787094,24.973605214236635],[88.41220848357219,24.997981783782617],[88.41951559389229,24.999464812745664],[88.42498956251771,25.016245135026768],[88.42732873599167,25.00795157024685],[88.43405045466525,25.005754078531574],[88.4366436384639,25.00702338412469],[88.43531802065029,25.01363872411264],[88.43752245222154,25.011535600665507],[88.4422306870173,25.0131088474122],[88.43859375158834,25.022815354801594],[88.4526261352156,25.03670160275359],[88.43824138112994,25.043371559219477],[88.43528645025792,25.055613396087274],[88.45306476729746,25.079194505777934],[88.44756645702279,25.083031684823844],[88.44204378803086,25.12723249015445],[88.45777993259566,25.13621161509315],[88.46081456469459,25.149946851452505],[88.45688749858171,25.16457926201781],[88.44147573566602,25.174098531323168],[88.44187683254204,25.1987017109859],[88.46341973471408,25.19565254288223],[88.47135386461088,25.198311912699157],[88.47469445391246,25.213408423609806],[88.49728213718413,25.21110427686642],[88.4989167772521,25.203665118631125],[88.53693539438592,25.197509430221388],[88.53413262464832,25.187317596779675],[88.54124531259144,25.193596720699727],[88.55783881914485,25.1921953332589],[88.55487908947259,25.178540507252496],[88.56008254122999,25.175126424674737],[88.57843241316567,25.176986762140686],[88.59176130183938,25.187073145549384],[88.59035154152804,25.19272137577623],[88.60517050798435,25.193949418880962],[88.61313194576749,25.20389457790027],[88.64369469067185,25.206256488747798],[88.67151517186461,25.19856667568948],[88.68005097357577,25.20852719429843],[88.71200125806465,25.207547081030803],[88.73342958910533,25.19854585668474],[88.73482793362606,25.184130830011345],[88.74291333712173,25.186025628433526],[88.7498260519978,25.176320034219437],[88.75894725883016,25.185210539556092],[88.76732742023185,25.18252227320836],[88.77026315859781,25.189129704576665],[88.774534454636,25.17847061191108],[88.80624319831466,25.169658843977697],[88.84324766690003,25.213370056225184],[88.85090116220374,25.20090128506871],[88.8651949034764,25.199667590612023],[88.86499352634249,25.189441811009054],[88.8741568111611,25.19587951368146],[88.87627365250056,25.178386709970226],[88.88991779414347,25.177833459752236],[88.89041131957741,25.184210444693914],[88.9100418270872,25.17944209145346],[88.91246868242109,25.167422870403897],[88.92062081547105,25.16537096404756],[88.93492957298199,25.180168831522284],[88.94185018764261,25.172666906017188],[88.9488132755482,25.17586113330153],[88.94385231771356,25.18246606757132],[88.94782457357684,25.19361767548577],[88.93934551305226,25.192678455496193],[88.93478270202627,25.19912161753596],[88.93872786739551,25.21083290885947],[88.94453258942033,25.205475361688535],[88.9615631263595,25.20770837260925],[88.95211188567824,25.228975321443254],[88.95609840319496,25.253844887399644],[88.98196402546363,25.263805065078692],[88.98710261077268,25.27364274395402],[89.00767799145112,25.263195696911826],[89.00873321546591,25.299855640803415],[89.00004640336222,25.29477654039097],[88.98508356542492,25.29782248452213],[88.98469667540509,25.30495111265802],[88.9722601138458,25.29999128394143],[88.96097242746629,25.304970629476106],[88.95838865980845,25.299877087303045],[88.92846357951693,25.30362590020089],[88.92838899329723,25.314618847131726],[88.91560542781501,25.311062564690975],[88.90605999428466,25.336655362201473],[88.88805200138322,25.335988638262684],[88.88352339730491,25.324849847537955],[88.8664077979932,25.341706926482836],[88.86850682843556,25.351850909483872],[88.85524629616505,25.354546391518163],[88.85409081567295,25.362773909754356],[88.8400565851095,25.363474187263638],[88.84122552865276,25.381841939100283],[88.83629081779408,25.384613407920853],[88.8404691238273,25.397322339499905],[88.81227253239817,25.410225265600918],[88.81896483663608,25.41745225058478],[88.83024522150896,25.41685588712857],[88.8343296589849,25.43113778534279],[88.82598718460434,25.442748074767128],[88.8390999961129,25.45832727829171],[88.82969946712608,25.489841944100686],[88.81231041974358,25.489388214246834],[88.81125205521856,25.523372493839997],[88.79235593931818,25.52278982353648],[88.77964530625728,25.514989900382396],[88.75977389214789,25.525048568081278],[88.76010069116342,25.510189315568937],[88.77104587777283,25.503116002582328],[88.76501910209126,25.494507947689844],[88.74707504678014,25.492847283075882],[88.74507833265203,25.487427416338765],[88.7401815459697,25.489132778558307],[88.74251596196594,25.50468111333708],[88.7139220034658,25.495636179653896],[88.70780897783882,25.49985228867193],[88.70995689459893,25.480700134749505],[88.69856392297318,25.47077746136892],[88.66286137464424,25.474012284559933],[88.66018455230274,25.481722704957573],[88.64635406773054,25.477746106184814],[88.64227472999046,25.492592587753784],[88.64814486913092,25.496691080258],[88.62239017263016,25.49728174952224],[88.60680991990316,25.50940061712783],[88.6085996280538,25.516354698192476],[88.59734493320146,25.506145395691043],[88.58786327286971,25.506486389044674],[88.5560182251181,25.513778687295225],[88.55400892289794,25.52094276893998],[88.53976207637805,25.508543481489408],[88.54024638150392,25.532036643267794],[88.53275009496818,25.531702415556914],[88.53286513232516,25.541708710745233],[88.52717810756887,25.542528526642055],[88.52334145868592,25.534533873376372],[88.51951803929218,25.544240174665973],[88.50681861361278,25.544831101115665],[88.49397756942712,25.558031777457],[88.49937276658191,25.583951665975096],[88.4683356285625,25.582933488233763],[88.45763525802082,25.59794499837779],[88.44535298839976,25.5964704302393],[88.45015370565237,25.6047920337773],[88.44604766998205,25.61502733354084],[88.45648140168277,25.628163195356763],[88.45460746928771,25.664020345023122],[88.4022803488662,25.67183848881615],[88.40429792367185,25.684469146570713],[88.39150530496822,25.683390944765193],[88.3915960572698,25.69280713706254],[88.37220788827422,25.696263956132253],[88.37424810331994,25.716171115736188],[88.35659607952792,25.720868731932626],[88.35857336309644,25.72766660642276],[88.34435679698817,25.728910102203617],[88.3369506806457,25.737659005551627],[88.3211068065188,25.73722240599542],[88.31638907742878,25.75273019497404],[88.28903399901169,25.76781505094283],[88.29079587465989,25.773772299289384],[88.26741873754354,25.78210091998396],[88.27505241511376,25.792889061549836],[88.26141895264296,25.81367973502007],[88.24878720963032,25.813447107605302],[88.24684669230976,25.80659583115118],[88.23998324463714,25.81052208116244],[88.23041391771687,25.796770284066103],[88.21619361641368,25.800845153941296],[88.20988914183336,25.787703032783657],[88.19976092895736,25.79057407870699],[88.19318797129483,25.802506221334554],[88.18445201505688,25.802427152761382],[88.17343945480114,25.787019942284008],[88.16013205652395,25.78763147102157],[88.15125188385198,25.775972654145434],[88.14270330630083,25.78190006783293],[88.1443806271246,25.794204090629606],[88.11511260966618,25.798789850786946],[88.12024938666657,25.81253076800186],[88.10818934228053,25.816302902910294],[88.11124050248237,25.82216208880477],[88.10148278267734,25.8294078785125],[88.10812075411194,25.838577765998814],[88.10107082966108,25.844783613210154],[88.11274391306041,25.853515824698697],[88.11017151088754,25.8676584929482],[88.10205656449708,25.86179597190822],[88.10120135936343,25.871807680975827],[88.09359286426556,25.87390865142822],[88.10245930259515,25.88997136324407],[88.08949325963435,25.89684365736628],[88.09453300690595,25.908880058676747],[88.08688447299754,25.916641044275373],[88.09311417989842,25.930232857252896],[88.11062752537013,25.932376251524342],[88.11121630366524,25.94321079515452],[88.1211642543081,25.948078654041197],[88.11389589281781,25.958696112944992],[88.12379064612787,25.965902715361345],[88.11928158040702,25.971524348074517],[88.12705827156711,25.976597215402993],[88.12926885749638,25.997225601537167],[88.13886156936015,25.99654488598789],[88.14394035022745,26.002923637510715],[88.1395407397324,26.01392625791058],[88.18220170293084,26.026689028569315],[88.17130863118427,26.031928318399654],[88.17412109194717,26.04013434128927],[88.16834152993681,26.044565847441103],[88.1722439813126,26.049572343243142],[88.17829716656524,26.046379610650636],[88.17457550203869,26.05806612273414],[88.18521043300686,26.064151883866664],[88.18203078946487,26.073478569031277],[88.16838280662581,26.083464683201708],[88.16268815607103,26.076861129451817],[88.15777095247896,26.07965728480774],[88.1650262165324,26.087285023862933],[88.15838550254121,26.098367928336824],[88.17834071150033,26.124109251839897],[88.17350337801844,26.129518460515417],[88.17874892303341,26.14955207218004],[88.19500881235831,26.152259813634007],[88.19087827963018,26.157710600348466],[88.19648647811859,26.164239193061952],[88.20495715017502,26.159274121903554],[88.21542586856114,26.16318739439946],[88.21426468286869,26.170965618027612],[88.22690652474179,26.169470008976088],[88.24195051378688,26.189882717153736],[88.25129361707083,26.185297601072193],[88.27500320091094,26.187971594503853],[88.29042774325983,26.20263752016714],[88.29940715461788,26.197810850583565],[88.307610360485,26.20462142558823],[88.31975726836578,26.203402821197134],[88.33033983204446,26.21679350509263],[88.35079983131118,26.221500333723387],[88.35922566036693,26.242247053992156],[88.3471145647233,26.25361614602497],[88.34847751292688,26.282171634169234],[88.38405367727847,26.31397933234098],[88.41486953329394,26.316546399122004],[88.41480691802369,26.325386002541382],[88.40646773686696,26.324291780208345],[88.4028291422497,26.330020552379672],[88.4115490572716,26.3376962265474],[88.434858189226,26.33569281195377],[88.4451363875168,26.364958150436852],[88.45635766953217,26.377162889828274],[88.46236739069808,26.357709599003392],[88.47564300298728,26.357943501455217],[88.4837626619397,26.349523395350847],[88.49116494427255,26.35247048720384],[88.4885126755827,26.360437338437684],[88.50709172301869,26.36272528858694],[88.50380203405777,26.34890821513736],[88.51741361626323,26.35194438094841],[88.5220785360926,26.36071059041672],[88.51452994425112,26.365273150990497],[88.52388066255374,26.375188913715466],[88.51570012836777,26.371272197253845],[88.51190973733208,26.377278949442122],[88.51789095136077,26.390704733327613],[88.51100602766468,26.388421708344108],[88.5038655350669,26.40000982592935],[88.50857960711535,26.406829356736438],[88.50180771214326,26.404258747555907],[88.49534189474804,26.410368897350022],[88.50157112105025,26.418649480536214],[88.49401039746087,26.418742696479693],[88.4975042636044,26.42674359429212],[88.48881466492671,26.43107158342867],[88.49568826985023,26.437506860030314],[88.47867751920354,26.452692556341955],[88.48449991019169,26.461073936493946],[88.43614078761901,26.466297896472536],[88.4266692486056,26.47409598726607],[88.418537935809,26.46650038359765],[88.40287187510775,26.486943070370796],[88.38754951252915,26.479575594517723],[88.37281481792793,26.489195391191625],[88.36064155886662,26.484844262549483],[88.36075490379758,26.455242745153747],[88.3545099578762,26.448390646983526],[88.35063845525859,26.44857905750939],[88.34873255451753,26.466166458216076],[88.33151228530554,26.48283360260547],[88.33239145569432,26.498109982601566],[88.35115676790616,26.515654903396808],[88.376470031378,26.595274485250574],[88.39876007135497,26.603826088603245],[88.38715610523192,26.61233785923713],[88.40975679161733,26.632284315916298],[88.41470721760358,26.629125981998737],[88.42117449116789,26.563098414553078],[88.4337927145355,26.542239601283075],[88.44966835937907,26.531733090819085],[88.45762635751296,26.543845781733346],[88.48303721126234,26.53917208396897],[88.48872789216185,26.508954583675006],[88.50321557341609,26.51403622664295],[88.52040036995415,26.50827816560333],[88.51860785187326,26.4964772812067],[88.53010142762432,26.478322877416986],[88.55628868988384,26.48324011433564],[88.55412109822238,26.470174469445656],[88.56115712932906,26.47075218514616],[88.56322784038204,26.45906211560319],[88.55810512830408,26.45725115207086],[88.57784086446622,26.455524628234272],[88.59041372470865,26.447196168585837],[88.59637440863985,26.45298178857654],[88.596796601552,26.469681250453764],[88.62068014953678,26.469158634494246],[88.62751363480137,26.439035032898992],[88.6219676518329,26.432062047924187],[88.6491275416101,26.426415171092003],[88.65179070776263,26.42000677359808],[88.64482423680171,26.41539359523955],[88.65991568474158,26.41341550181226],[88.667841388441,26.404222512304855],[88.68525322787889,26.410069767458623],[88.6861092711407,26.40009365723595],[88.66933097484514,26.394589162598482],[88.68861196045427,26.39339380007649],[88.68708479482684,26.38417662828929],[88.7012116174416,26.386237827367058],[88.68097799272817,26.376946274573847],[88.69322828771497,26.371948003629733],[88.68745936894413,26.361137532311734],[88.69717017153852,26.352769143247194],[88.69255880657141,26.343096796587915],[88.70069746848537,26.33777348462496],[88.69959435438444,26.329969904759764],[88.70639694389148,26.33052151634587],[88.71190764013731,26.34121698009906],[88.7245195438569,26.33945781865641],[88.73422431156919,26.346273628757746],[88.73279168284566,26.35279505653427],[88.74368937013614,26.346633283032673],[88.73227615407716,26.326901744998004],[88.74693518717524,26.330232798410268],[88.74451667988525,26.320374270135254],[88.72956882674524,26.321593089688403],[88.71833573637545,26.309992034512106],[88.71472037937792,26.315483430022116],[88.69461091441318,26.30792839827308],[88.68947710544653,26.31320882742455],[88.69163260129265,26.324815095105873],[88.67276797942782,26.314529463589697],[88.68279813220738,26.29092938281963],[88.70602973416291,26.28518906186206],[88.68341428396585,26.277979790276753],[88.68304902537803,26.286381489688434],[88.66848034662786,26.293839970246687],[88.6639387618937,26.258262837490268],[88.67804474988208,26.255152181402643],[88.68896651112384,26.26584275660035],[88.68445077900526,26.2752773012817],[88.69021646114616,26.27118266755115],[88.71875224744346,26.279170842350563],[88.7174071325949,26.288304805474855],[88.74263751480366,26.287783104045033],[88.73923213990213,26.292885667003663],[88.746317930489,26.30853760213678],[88.75655681670628,26.31118449152145],[88.76438288107104,26.299184503110542],[88.79344016095035,26.31031879407396],[88.81914541148294,26.29464897794787],[88.80988124945118,26.276970750963077],[88.81511121947575,26.269044635980386],[88.81288847754408,26.255664037222083],[88.82968830466035,26.249963442538537],[88.82772647930128,26.24005637910376],[88.83863690021091,26.238235997055906],[88.84270264194916,26.230807632484932],[88.8783054090096,26.23343084244308],[88.87811216073072,26.242206737760895],[88.87251775946673,26.239810703642696],[88.8614173556543,26.25207718996012],[88.86132157278715,26.272727030799754],[88.87575913254013,26.28680000394661],[88.89818574159312,26.288781104671095],[88.92638986629427,26.284152424911518],[88.95680269764908,26.240396074398554],[88.9787413445347,26.244522401841483],[88.95373185535935,26.256692402652835],[88.95353966080431,26.26497536892733],[88.97492901663976,26.256152148012895],[88.9824646736395,26.244709036122924],[89.02279489135793,26.241962676693966],[89.02748588119519,26.247631738421063],[89.05101673981963,26.241494050968388],[89.05133204848433,26.25543973930088],[89.06291119235945,26.255979710449033],[89.06274302145006,26.270722985096814],[89.05403772830603,26.277306850554965],[89.06232328453187,26.278655539622644],[89.0591175584056,26.29381909182646],[89.04681908856674,26.296071557251846],[89.04142198069532,26.2900016482235],[89.04685052511007,26.282825172268886],[89.04784706937389,26.28862471336489],[89.05043716206966,26.28859898223622],[89.04505654726687,26.275375906415682],[89.0382394850023,26.277770900031193],[89.04085118218063,26.286154437770453],[89.02755736104066,26.28289154106085],[89.0197178147601,26.289966986351683],[89.02662133627753,26.3056509979678],[89.0215151657772,26.309194999443584],[89.01422408499506,26.30042263819829],[89.0184826411259,26.28992314696592],[89.00735069297228,26.304713374572845],[88.99572442347737,26.29044835350855],[88.99762931810533,26.29985927366758],[88.99510509168283,26.29562689104879],[88.98493497958535,26.300728674804887],[88.98267268752667,26.310075287695007],[88.98503596010477,26.318459823437674],[88.99686963263247,26.313939741574664],[88.99148853723105,26.3225628936301],[89.00091197595253,26.330402197388253],[88.98537621318832,26.33314480757075],[88.98162885774292,26.341244825656496],[88.99004276525658,26.33859026676307],[88.98638389476498,26.34909067827143],[88.96122573171517,26.352494652984355],[88.96330652635726,26.33830698057354],[88.96025354077872,26.33042270530513],[88.95594785902807,26.330351760875832],[88.95211660003686,26.343298815736276],[88.95889344292954,26.343956212956517],[88.9462948782936,26.346535455776657],[88.95850681881103,26.361931057813035],[88.95024980565503,26.36654693436793],[88.94780270139631,26.356158041902678],[88.93683151664425,26.356882953784126],[88.92716841189652,26.364997088706843],[88.9193374014078,26.359693850535443],[88.92000477151045,26.36634173555642],[88.91086503153544,26.368319469336853],[88.92131735027775,26.377357800314762],[88.90905448606347,26.380255539998902],[88.9163937677488,26.38502977139771],[88.91831183347547,26.400360798412564],[88.9100086720667,26.401028027881267],[88.90492053344904,26.408856215441247],[88.9264027337624,26.40692091674444],[88.93139320305075,26.414491853611903],[88.92285872635463,26.423729303342753],[88.93294045051633,26.427797844462052],[88.92615237868257,26.4324154632003],[88.94492390993118,26.426029630214373],[88.94578393003472,26.43356918480487],[88.95131450420112,26.434049648766084],[88.94614956232166,26.448237266419465],[88.95235930326707,26.452378728926718],[88.96052149654986,26.448515271456984],[88.96513784357354,26.452194672486424],[88.9555126171881,26.46005398004817],[88.96495156981456,26.45816755797846],[88.96625424555415,26.451623805309996],[88.98332218295182,26.44689323014826],[88.9805686894008,26.42567640693066],[88.99404482093276,26.413082452359244],[88.99852306365962,26.41410099432703],[88.99392366245543,26.42326802479182],[89.00593740138355,26.421507139084984],[89.00742082983639,26.412934040315868],[89.02198727627311,26.413692621382122],[89.01928069544118,26.404140071132336],[89.03004475923147,26.407057228363918],[89.03401967320966,26.395275354358656],[89.0407151404157,26.40040840025727],[89.05789672367997,26.39539047040905],[89.06286963719272,26.400963470433926],[89.07481178398594,26.396169144864803],[89.0737745244802,26.391188180204786],[89.08451010628609,26.398411826372328],[89.08134080325132,26.39024626069361],[89.09633780142391,26.390682468182074],[89.09098994099301,26.388099868859058],[89.08853678388589,26.365883857613127],[89.07988873857829,26.366985894634244],[89.07982781034416,26.362994143682226],[89.09832858577282,26.35926778227706],[89.0933632226,26.353086983897953],[89.10129831099924,26.336799829421302],[89.0834528960962,26.322433289262],[89.09198869601074,26.320521688302964],[89.09669361422647,26.32950585729965],[89.10056379452399,26.323506039327302],[89.11012911585645,26.32539066436577],[89.11268970787827,26.318540596160595],[89.13639448932486,26.32028435338308],[89.13058980952086,26.309697211453557],[89.12613918819237,26.316630533328436],[89.11688613652407,26.31446137281126],[89.13247488551701,26.30023163439102],[89.12080332296547,26.287028477773813],[89.10469035310531,26.316025644491113],[89.1000674429902,26.305050583997495],[89.1074212405522,26.300013246725758],[89.10698909789993,26.291932091222556],[89.10002222090047,26.279770944096438],[89.10597786707956,26.28140987290615],[89.1052442246651,26.27475180695919],[89.12519015582394,26.263659797792574],[89.11980228892189,26.252706537688898],[89.1408934220493,26.23600993041961],[89.14175100502351,26.216067880811917],[89.14956157434794,26.209166664586668],[89.13944231408209,26.198486493036462],[89.1347040692676,26.18056786094501],[89.14102884487505,26.169444338542366],[89.15727143174921,26.163213825722014],[89.14858049997163,26.158280671414616],[89.1551947468996,26.138667563251182],[89.19223222767333,26.123779951740975],[89.20334312829986,26.129489766563733],[89.22956610577845,26.12397045817661],[89.22966978663361,26.116123675747815],[89.24236142571614,26.113509286027842],[89.24193269845857,26.10558333209485],[89.25200274541993,26.101759098068484],[89.25186001479938,26.091880059033723],[89.265602764511,26.092865784873656],[89.25445588905231,26.06451983157948],[89.26980682254855,26.060375665601487],[89.28019977073536,26.066620740049096],[89.27942339097126,26.048933237606747],[89.29672648395413,26.045628736840715],[89.3003777322405,26.050822700812542],[89.31594534836641,26.037560888958268],[89.32388878301293,26.038233388948065],[89.3386920963254,26.02392674096834],[89.33468061372864,26.02016117205289],[89.3494207664935,26.01620652114318],[89.34443746396448,26.013310899600473],[89.34914268042088,26.010414532519896],[89.39348855520727,26.008003508196737],[89.3895849719542,26.02194495361907],[89.40325610258151,26.027417424135006],[89.40644229214698,26.040889385965336],[89.42381346485197,26.046874242354132],[89.433970591802,26.030806036208443],[89.42720927718729,26.013470817701133],[89.46266331647435,25.998106815871004],[89.48047556198382,25.996156319728122],[89.49117357983779,26.00579029037031],[89.50652911899645,26.001404769273943],[89.51914878146519,26.00852675485917],[89.53734419617257,26.001945089277513],[89.53378559203975,26.005312039640152],[89.540865790614,26.005768121052718],[89.54904017673017,25.99749355550284],[89.53612178759856,25.989119682030577],[89.54250401406168,25.982803950894937],[89.53899422078814,25.972875749724757],[89.5553386972768,25.964615927477713],[89.56620802475373,25.979532302789867],[89.56990496405041,25.967045205925146],[89.57880920079224,25.96865061974229],[89.57784911106098,25.977640655767303],[89.58615042643183,25.9752299716018],[89.57853320150602,26.0262589660224],[89.58533410577358,26.026172408611508],[89.58678905673361,26.038356053600918],[89.59771466276482,26.037936630760328],[89.5920438759556,26.044957439860905],[89.6129907854625,26.052928375102656],[89.60518325334203,26.063889700171508],[89.61778839634083,26.060340944258993],[89.62054053792731,26.053476504002766],[89.63087542170913,26.063022415828883],[89.64990764405313,26.06345348781612],[89.6337442760106,26.08012051143399],[89.63937445268077,26.090265619009244],[89.62948666131419,26.106722996307234],[89.62362881831334,26.107250882677608],[89.62017059732027,26.099281069231246],[89.61368733104895,26.102807059287596],[89.61692207455553,26.094479373394186],[89.60996817192373,26.095899689242277],[89.60828657062761,26.088115075690084],[89.59358996998435,26.10152858419075],[89.59988316801288,26.102777621459932],[89.59759846837775,26.11234178917438],[89.61553828633569,26.10627967952435],[89.63007648524828,26.117732912818855],[89.62540741610057,26.128021104762244],[89.61972696252056,26.119174354455996],[89.61562341698023,26.121161085872384],[89.6118936029374,26.12720932814519],[89.60425914293454,26.11675373724165],[89.60099163427628,26.123045224710076],[89.60737853736876,26.12450491659707],[89.59634713225498,26.134907517416543],[89.59786639540282,26.153923030732724],[89.59106586124116,26.157485692709816],[89.59955290599196,26.1608910796368],[89.608703079899,26.15341214816449],[89.60945262429057,26.161221598992636],[89.61944958881199,26.1675524837742],[89.61087768830112,26.16850530067781],[89.61505469537045,26.175762175366774],[89.60810499146427,26.17635197340246],[89.60737725277788,26.179291929278293],[89.623590976782,26.179117181770728],[89.62462729754827,26.17115611759885],[89.63237364541472,26.180663194422028],[89.63722851490925,26.17684105551077],[89.63185059145906,26.17175190010259],[89.64591884122233,26.16419734289244],[89.65856493751662,26.176106181990114],[89.65526336923435,26.18133114005782],[89.63901131771033,26.178653262483092],[89.62747009711325,26.18384735885287],[89.6300700461243,26.19588960667779],[89.64194603020022,26.185202555948116],[89.649870290307,26.190166073086164],[89.63937966111281,26.19944498614785],[89.63744483911115,26.210167607040574],[89.63206300529453,26.209421362173398],[89.63785296530429,26.216683949560426],[89.63418185347035,26.22931611023949],[89.66070696761663,26.218944143252177],[89.67183370464333,26.21968363659936],[89.67860195335366,26.23825702809272],[89.68176148900636,26.22761467863077],[89.68564882263426,26.230729432866397],[89.68374681159834,26.22282145830768],[89.68929654952471,26.221001562342625],[89.67884943741782,26.22374780849278],[89.6793271372314,26.21480232015666],[89.68346660190839,26.208436977444396],[89.69130426801505,26.211287826922852],[89.68550892799507,26.206604405792767],[89.67511576690748,26.208166970829378],[89.67273042721442,26.200676015597733],[89.68624775189205,26.197739331787986],[89.68191864836699,26.192973905873906],[89.68703616638601,26.181291936165994],[89.70223264624721,26.173482315361618],[89.68066941879356,26.165413283908887],[89.70129710208276,26.151484790738518],[89.71004537601989,26.15592846797242],[89.71374916317399,26.16814563135194],[89.7173922206216,26.164612973605923],[89.72849490615484,26.166958701079675],[89.72875517144887,26.17341999816492],[89.73669199898649,26.17204852848736],[89.72595392884726,26.17726921108464],[89.7098181777115,26.17185747569792],[89.6986022784013,26.19076146661001],[89.71316569571883,26.187157920610538],[89.72049323822004,26.19523022741852],[89.7117047368262,26.202319730620975],[89.73401976434111,26.209950566783014],[89.72563436486301,26.217568811771418],[89.70936015729085,26.21148321952043],[89.70049167529397,26.217949893504453],[89.71066950661466,26.217639215914932],[89.7141961971987,26.22965483528805],[89.73210560448932,26.236698300569394],[89.71807577117916,26.244866128748],[89.71697471422024,26.25685161479262],[89.70227302372258,26.259352420760173],[89.707051037853,26.270543188080616],[89.71453677008249,26.26980992288799],[89.7125018173677,26.261800044860884],[89.71970901167195,26.25737278821389],[89.73434176725134,26.259641376461737],[89.73834405379456,26.269814847136004],[89.71769146651074,26.29556259126111],[89.71984420722389,26.307031475179787],[89.72540928927366,26.307302523590376],[89.72170361206419,26.29993178139099],[89.72676393075581,26.29436124255308],[89.74466033942423,26.29691427417869],[89.75715258934461,26.28878088157381],[89.7505436092392,26.321407839154183],[89.76320033439987,26.316578483614265],[89.78260933712355,26.332710251580647],[89.78100575989971,26.35283112116804],[89.82040700013849,26.373001324246708],[89.81113190201646,26.36041878532586],[89.82033015375751,26.35273218267273],[89.82005138586358,26.36412217534252],[89.82731456317634,26.37107321048522],[89.82488663705061,26.381602582931983],[89.85635842671687,26.384252381028283],[89.85516203515013,26.396636009062043],[89.84624690543721,26.404753595957505],[89.83798356903992,26.39135751645344],[89.82811104813483,26.39684229667441],[89.83453898986274,26.413903781339272],[89.85632872751526,26.41300991256554],[89.84781004230352,26.42288171316429],[89.86878011666663,26.452244767072873],[89.86799831017993,26.46790201477198],[89.86095130166049,26.469153452558892],[89.84977976475228,26.490853739816007],[89.85070595925126,26.517427971993065],[89.86239816868128,26.553781198203353],[89.85755182060554,26.575965956422166],[89.874198263082,26.584009788207325],[89.86552463106014,26.59195900509859],[89.86953041204983,26.613985956320573],[89.85487880173095,26.615070612035023],[89.8497834379635,26.62311577406967],[89.86642207497844,26.645637077741647],[89.85931254191858,26.655417646613348],[89.86333339214715,26.68130453383314],[89.85107321030233,26.698487213403503],[89.79932721363139,26.708309585294842],[89.76379764669021,26.69878661734676],[89.74850598942632,26.713978521187276],[89.74349367850013,26.73254773409203],[89.71504405052005,26.72015864399518],[89.69088585880687,26.733801642270457],[89.67734973867853,26.730942791911364],[89.66576975038707,26.73680468180758],[89.64982543562823,26.715586722930556],[89.62787288641529,26.72249000321189],[89.62005640797292,26.71573125942472],[89.6086640777443,26.72751227306127],[89.6363390381492,26.750597803032154],[89.63379877320561,26.760153755869045],[89.6432010395342,26.76739934163924],[89.63994830726405,26.77730318357015],[89.62486371346981,26.782252673893698],[89.61061479543488,26.77782831256971],[89.60234752531497,26.785826871800175],[89.55790924712355,26.797471950650745],[89.54769203725405,26.813077499290205],[89.53610993881999,26.807935774257746],[89.5020065282407,26.81058687689217],[89.48711109539074,26.799243055231447],[89.45445338312406,26.797931064836433],[89.42872296359388,26.835253906252067],[89.4136558546083,26.83043271286556],[89.3822391873645,26.83643394465563],[89.36969045317569,26.857274054908846],[89.32487511343194,26.8374182647409],[89.31574415628548,26.843599415293742],[89.27013552599246,26.822462760862837],[89.25604137959616,26.807757187649873],[89.2250909236118,26.813598139811166],[89.18736150111741,26.806890498095097],[89.16902405378043,26.814799857774776],[89.12671056612042,26.807263290678236],[89.09389007732761,26.839433115548363],[89.09809983337897,26.858083306487956],[89.08511427631525,26.86880793534607],[89.08937193413082,26.889338830601712],[89.05912296536529,26.90186567329661],[89.04412425051218,26.901745120982472],[89.04191865652098,26.91648156032017],[89.02200617682668,26.922744248087326],[89.01640732441045,26.93749519576268],[88.97538789584983,26.912816011941338],[88.94120315539797,26.930918391849623],[88.95114228548307,26.95382096151904],[88.94829810610581,26.96696536183898],[88.91728326786505,26.998087149139916],[88.87936780158036,26.948575320191267],[88.87047913084578,26.9445738742779],[88.86699102020829,26.995804220650648],[88.8768221656097,27.03736498654353],[88.86789060391358,27.106256271898275],[88.84607063076521,27.108304950567177],[88.81443126038269,27.12244871340989],[88.79942183132322,27.138938696431584],[88.77818184196329,27.134485584506464],[88.74493378833293,27.14225842581929],[88.72656352553864,27.134784412769616],[88.71651351549968,27.141469519700266],[88.71630569834358,27.153925302341545],[88.70658707411802,27.166396513385518],[88.68579353218296,27.176099506063853],[88.67237468980993,27.17483710793321],[88.65515716135789,27.159575719973677],[88.63507803699186,27.163597809759082],[88.62243821363323,27.179307861498764],[88.59576409862568,27.18932506070314],[88.55503332212206,27.184073359038823],[88.52561440296725,27.170304045532053],[88.53338657829643,27.163327460309187],[88.52662063735804,27.156517539975983],[88.52991150131535,27.148048286017442],[88.51697582141117,27.145784530247344],[88.4968626994049,27.129498662911566],[88.4962701284227,27.122243264840353],[88.47521501504319,27.120828929476886],[88.45869123572214,27.089677632890805],[88.43064887155253,27.079449114794897],[88.38187922697985,27.094444775920163],[88.35661239113684,27.095338469841263],[88.34187944106394,27.10974668897259],[88.32441140212354,27.10547975991352],[88.31658684064026,27.12563706555715],[88.30200401791595,27.128943787360864],[88.27871594247178,27.130534847813276],[88.23220373995358,27.11850398473477],[88.21557138395907,27.131566992204707],[88.1816942500167,27.132513346704613],[88.15361405060399,27.10977387532254],[88.09615538946187,27.13344551170311],[88.07436419474195,27.18558945582104],[88.07984097509421,27.19946997144048],[88.06496399364022,27.213331067906488]]]]}}]}